v -0.192639 2.0 0.187696
v -0.196341 2.0 0.196272
v -0.191837 2.0 0.207972
newmtl 1
Ka 0.4392156862745098 0.4392156862745098 0.4392156862745098
Kd 0.4392156862745098 0.4392156862745098 0.4392156862745098
Ks 0.2196078431372549 0.2196078431372549 0.2196078431372549
d 0.0
endmtl
v -0.12842 2.0 0.301599
v -0.120375 2.0 0.300888
v -0.13381 2.0 0.300888
v -0.1059 2.0 0.365928
v -0.112603 2.0 0.368202
v -0.089789 2.0 0.368202
v -0.13381 2.0 0.367358
v -0.13381 2.0 0.368202
v -0.13104 2.0 0.368202
v -0.05844 2.0 0.368498
v -0.058438 2.0 0.368202
v -0.085832 2.0 0.368202
v -0.290524 2.0 0.366852
v -0.315114 2.0 0.300888
v -0.336191 2.0 0.300888
v 0.012841 2.0 0.293178
v 0.008428 2.0 0.281946
v -0.021779 2.0 0.281946
v 0.195926 2.0 0.261528
v 0.138164 2.0 0.261528
v 0.13566 2.0 0.262814
v -0.021779 2.0 0.368202
v 0.084484 2.0 0.368202
v 0.076478 2.0 0.362737
v 0.061004 2.0 0.34457
v 0.051308 2.0 0.325347
v 0.049049 2.0 0.324571
v 0.097386 2.0 0.37701
v -0.021779 2.0 0.378485
v 0.101479 2.0 0.378485
v 0.185462 2.0 0.376758
v 0.180886 2.0 0.378485
v 0.927206 2.0 0.378485
v 0.163684 2.0 0.384979
v 0.927206 2.0 0.46
v 0.763419 2.0 0.46
v -0.021779 2.0 0.46
v 0.140362 2.0 0.387684
v 0.120963 2.0 0.385507
v 0.927206 2.0 0.368202
v 0.198805 2.0 0.368202
v 0.197013 2.0 0.369715
v 0.247301 2.0 0.347991
v 0.228711 2.0 0.350157
v 0.208149 2.0 0.360315
v 0.223296 2.0 0.349824
v 0.217884 2.0 0.349138
v 0.283037 2.0 0.327933
v 0.27985 2.0 0.330907
v 0.264796 2.0 0.341336
v 0.927206 2.0 0.300888
v 0.927206 2.0 0.281946
v 0.304823 2.0 0.281946
v 0.302112 2.0 0.296559
v 0.300159 2.0 0.300888
v 0.294483 2.0 0.313467
v 0.927206 2.0 0.261528
v 0.304205 2.0 0.262814
v 0.927206 2.0 0.262814
v 0.305555 2.0 0.274395
v 0.305392 2.0 0.278878
v 0.099407 2.0 0.225497
v 0.096166 2.0 0.226751
v 0.090442 2.0 0.253557
v 0.271549 2.0 0.210292
v 0.286137 2.0 0.222914
v 0.927206 2.0 0.11
v 0.102318 2.0 0.223465
v 0.296764 2.0 0.238309
v 0.303397 2.0 0.255889
v 0.304055 2.0 0.261528
v 0.092513 2.0 0.227194
v 0.092055 2.0 0.227157
v 0.090644 2.0 0.226834
v -0.021779 2.0 0.262814
v 0.005358 2.0 0.261528
v -0.021779 2.0 0.261528
v 0.007386 2.0 0.246556
v -0.021779 2.0 0.11
v 0.013401 2.0 0.231682
v 0.02286 2.0 0.218692
v 0.243941 2.0 0.189861
v 0.236988 2.0 0.181173
v 0.227817 2.0 0.174172
v 0.159834 2.0 0.197842
v 0.165505 2.0 0.187401
v 0.248617 2.0 0.200039
v 0.254589 2.0 0.201873
v 0.08969 2.0 0.226703
v 0.068495 2.0 0.226552
v 0.063757 2.0 0.227171
v 0.035734 2.0 0.207946
v 0.050154 2.0 0.201011
v 0.065872 2.0 0.197801
v 0.107217 2.0 0.212696
v 0.107085 2.0 0.214554
v 0.15663 2.0 0.21917
v 0.106113 2.0 0.218132
v 0.104279 2.0 0.221333
v 0.172697 2.0 0.179465
v 0.18212 2.0 0.172994
v 0.192651 2.0 0.169025
v 0.093662 2.0 0.197998
v 0.096312 2.0 0.198444
v 0.099419 2.0 0.199693
v 0.102458 2.0 0.201886
v 0.103545 2.0 0.203008
v 0.105577 2.0 0.205982
v 0.106795 2.0 0.209184
v 0.156966 2.0 0.209442
v 0.156663 2.0 0.21446
v 0.204098 2.0 0.167693
v 0.205865 2.0 0.167738
v 0.216976 2.0 0.169539
v 0.04323 2.0 0.239136
v 0.038251 2.0 0.246611
v 0.035227 2.0 0.255089
v 0.095029 2.0 0.261528
v 0.055025 2.0 0.230077
v 0.04742 2.0 0.234993
v 0.034495 2.0 0.261528
v 0.034348 2.0 0.262814
v 0.095769 2.0 0.262814
v 0.034321 2.0 0.26305
v 0.273925 2.0 0.262814
v 0.275347 2.0 0.267751
v 0.104866 2.0 0.278624
v 0.275875 2.0 0.275126
v 0.274983 2.0 0.281946
v 0.186382 2.0 0.259095
v 0.17642 2.0 0.253674
v 0.168215 2.0 0.246101
v 0.225154 2.0 0.257133
v 0.214725 2.0 0.261049
v 0.273555 2.0 0.261528
v 0.210612 2.0 0.261528
v 0.203427 2.0 0.262366
v 0.197735 2.0 0.26199
v 0.272024 2.0 0.256212
v 0.242669 2.0 0.241645
v 0.234826 2.0 0.250502
v 0.266546 2.0 0.246752
v 0.258168 2.0 0.23801
v 0.247922 2.0 0.231593
v 0.0708 2.0 0.300049
v 0.074568 2.0 0.300076
v 0.039703 2.0 0.281946
v 0.06295 2.0 0.299148
v 0.034538 2.0 0.267318
v 0.03672 2.0 0.276372
v 0.274381 2.0 0.286554
v 0.270262 2.0 0.297027
v 0.041085 2.0 0.284528
v 0.047256 2.0 0.291272
v 0.054662 2.0 0.296183
v 0.084588 2.0 0.32855
v 0.095145 2.0 0.341297
v 0.203527 2.0 0.314651
v 0.096204 2.0 0.342274
v 0.109368 2.0 0.35156
v 0.196211 2.0 0.329522
v 0.26753 2.0 0.300888
v 0.206741 2.0 0.316444
v 0.074741 2.0 0.300888
v 0.077398 2.0 0.313337
v 0.21727 2.0 0.320412
v 0.22844 2.0 0.321893
v 0.233462 2.0 0.321661
v 0.185551 2.0 0.342063
v 0.124095 2.0 0.357333
v 0.172903 2.0 0.351168
v 0.140091 2.0 0.35942
v 0.157477 2.0 0.357302
v 0.245101 2.0 0.318958
v 0.255621 2.0 0.313436
v 0.263659 2.0 0.306358
v 0.007174 2.0 0.278755
v 0.005116 2.0 0.263314
v 0.005183 2.0 0.262814
v 0.035077 2.0 0.317526
v 0.02237 2.0 0.306639
v -0.021779 2.0 0.300888
v 0.018299 2.0 0.300888
v -0.300918 2.0 0.261528
v -0.310437 2.0 0.260328
v -0.336191 2.0 0.261528
v -0.318319 2.0 0.257209
v -0.332484 2.0 0.216948
v -0.329116 2.0 0.210153
v -0.336191 2.0 0.11
v -0.324293 2.0 0.204544
v -0.309591 2.0 0.196692
v -0.274053 2.0 0.11
v -0.298504 2.0 0.195446
v -0.280283 2.0 0.195575
v -0.324635 2.0 0.252739
v -0.327463 2.0 0.24986
v -0.33139 2.0 0.24389
v -0.32362 2.0 0.203942
v -0.317197 2.0 0.199557
v -0.333636 2.0 0.23739
v -0.33446 2.0 0.229163
v -0.334198 2.0 0.224645
v -0.274053 2.0 0.262814
v -0.274053 2.0 0.261528
v -0.280751 2.0 0.261528
v -0.280753 2.0 0.261822
v -0.299651 2.0 0.261688
v -0.336191 2.0 0.262814
v -0.267822 2.0 0.203217
v -0.267769 2.0 0.195664
v -0.253975 2.0 0.203315
v -0.264593 2.0 0.225526
v -0.253975 2.0 0.11
v -0.266728 2.0 0.261528
v -0.266677 2.0 0.254301
v -0.253975 2.0 0.233189
v -0.264647 2.0 0.233113
v -0.253975 2.0 0.225602
v -0.240902 2.0 0.225694
v -0.240744 2.0 0.203409
v -0.253975 2.0 0.254391
v -0.241106 2.0 0.254483
v -0.240956 2.0 0.233281
v -0.266731 2.0 0.261922
v -0.253975 2.0 0.262814
v -0.191837 2.0 0.262814
v -0.232609 2.0 0.262164
v -0.253975 2.0 0.262012
v -0.191837 2.0 0.230476
v -0.199505 2.0 0.207901
v -0.201757 2.0 0.207818
v -0.200494 2.0 0.203999
v -0.200714 2.0 0.203998
v -0.201106 2.0 0.205616
v -0.191837 2.0 0.261528
v -0.214931 2.0 0.243356
v -0.232604 2.0 0.261528
v -0.223533 2.0 0.243295
v -0.232139 2.0 0.195917
v -0.201674 2.0 0.188986
v -0.197866 2.0 0.181697
v -0.194804 2.0 0.178072
v -0.194234 2.0 0.177558
v -0.191837 2.0 0.175907
v -0.141519 2.0 0.198219
v -0.141579 2.0 0.206788
v -0.13381 2.0 0.261528
v -0.13381 2.0 0.11
v -0.145721 2.0 0.11
v -0.145721 2.0 0.196719
v -0.144809 2.0 0.204759
v -0.145721 2.0 0.204408
v -0.145721 2.0 0.221993
v -0.144103 2.0 0.223604
v -0.143034 2.0 0.225341
v -0.142136 2.0 0.227881
v -0.141803 2.0 0.231105
v -0.142151 2.0 0.23407
v -0.145451 2.0 0.222174
v -0.147441 2.0 0.196105
v -0.170831 2.0 0.217046
v -0.172364 2.0 0.21475
v -0.171464 2.0 0.234587
v -0.173232 2.0 0.212297
v -0.147191 2.0 0.24116
v -0.149615 2.0 0.24259
v -0.145721 2.0 0.261528
v -0.173553 2.0 0.209203
v -0.17584 2.0 0.11
v -0.17584 2.0 0.261528
v -0.143158 2.0 0.236734
v -0.144716 2.0 0.238966
v -0.145721 2.0 0.239857
v -0.165009 2.0 0.244465
v -0.160325 2.0 0.244827
v -0.154167 2.0 0.244194
v -0.171521 2.0 0.242647
v -0.173135 2.0 0.205872
v -0.172097 2.0 0.203249
v -0.170535 2.0 0.201072
v -0.161785 2.0 0.196175
v -0.154335 2.0 0.195351
v -0.168146 2.0 0.199013
v -0.166173 2.0 0.197821
v -0.159465 2.0 0.238093
v -0.157007 2.0 0.237926
v -0.15036 2.0 0.23179
v -0.154783 2.0 0.237354
v -0.152916 2.0 0.236378
v -0.150427 2.0 0.230685
v -0.150748 2.0 0.229394
v -0.151337 2.0 0.22827
v -0.15214 2.0 0.227374
v -0.155053 2.0 0.225524
v -0.164911 2.0 0.237434
v -0.160172 2.0 0.223252
v -0.169579 2.0 0.235685
v -0.163376 2.0 0.22193
v -0.168865 2.0 0.218826
v -0.151656 2.0 0.23528
v -0.150937 2.0 0.234229
v -0.150519 2.0 0.233112
v -0.149998 2.0 0.202764
v -0.15427 2.0 0.217265
v -0.14934 2.0 0.219568
v -0.155196 2.0 0.202119
v -0.155562 2.0 0.202119
v -0.159703 2.0 0.214945
v -0.159819 2.0 0.202565
v -0.165029 2.0 0.208451
v -0.164955 2.0 0.209483
v -0.161966 2.0 0.203334
v -0.162726 2.0 0.203787
v -0.163684 2.0 0.204626
v -0.164416 2.0 0.205692
v -0.164846 2.0 0.206869
v -0.164587 2.0 0.210782
v -0.163954 2.0 0.211886
v -0.162927 2.0 0.21297
v -0.336191 2.0 0.368202
v -0.274053 2.0 0.368202
v -0.28138 2.0 0.366917
v -0.253975 2.0 0.300888
v -0.255693 2.0 0.300888
v -0.274053 2.0 0.348082
v -0.255678 2.0 0.300849
v -0.253975 2.0 0.281946
v -0.265127 2.0 0.300782
v -0.274053 2.0 0.281946
v -0.265165 2.0 0.300888
v -0.274053 2.0 0.300888
v -0.274053 2.0 0.318839
v -0.271623 2.0 0.318857
v -0.299209 2.0 0.318661
v -0.305693 2.0 0.300888
v -0.305837 2.0 0.300493
v -0.315286 2.0 0.300426
v -0.336191 2.0 0.281946
v -0.17584 2.0 0.368202
v -0.17584 2.0 0.367666
v -0.184516 2.0 0.367604
v -0.17584 2.0 0.338842
v -0.182432 2.0 0.338795
v -0.184462 2.0 0.359984
v -0.191837 2.0 0.368202
v -0.191837 2.0 0.300888
v -0.182378 2.0 0.331209
v -0.17584 2.0 0.331255
v -0.158687 2.0 0.331377
v -0.17584 2.0 0.308968
v -0.158529 2.0 0.309091
v -0.17584 2.0 0.360045
v -0.158891 2.0 0.360165
v -0.158741 2.0 0.338963
v -0.149923 2.0 0.301599
v -0.145721 2.0 0.300888
v -0.17584 2.0 0.300888
v -0.185607 2.0 0.308899
v -0.185553 2.0 0.301347
v -0.17584 2.0 0.301415
v -0.150393 2.0 0.367846
v -0.145721 2.0 0.368202
v -0.058024 2.0 0.309804
v -0.084407 2.0 0.309617
v -0.085832 2.0 0.300888
v -0.084354 2.0 0.302064
v -0.049419 2.0 0.302312
v -0.085832 2.0 0.378485
v -0.049888 2.0 0.368559
v -0.049886 2.0 0.368202
v -0.137122 2.0 0.366348
v -0.137059 2.0 0.357407
v -0.09721 2.0 0.342614
v -0.13381 2.0 0.311335
v -0.099348 2.0 0.348516
v -0.102463 2.0 0.353218
v -0.096268 2.0 0.33436
v -0.096268 2.0 0.333741
v -0.130298 2.0 0.309781
v -0.122813 2.0 0.308419
v -0.129253 2.0 0.360508
v -0.121473 2.0 0.361446
v -0.118538 2.0 0.361332
v -0.112818 2.0 0.360192
v -0.136741 2.0 0.312633
v -0.135996 2.0 0.357982
v -0.13381 2.0 0.358801
v -0.107627 2.0 0.357741
v -0.103369 2.0 0.354225
v -0.097252 2.0 0.325601
v -0.099299 2.0 0.320188
v -0.102637 2.0 0.315415
v -0.108613 2.0 0.310828
v -0.1134 2.0 0.309052
v -0.119606 2.0 0.308317
v -0.104226 2.0 0.313849
v -0.089789 2.0 0.378485
v -0.113024 2.0 0.368345
v -0.13381 2.0 0.378485
v -0.121444 2.0 0.369169
v -0.122052 2.0 0.369162
v -0.130615 2.0 0.368332
v -0.092403 2.0 0.353697
v -0.09704 2.0 0.359588
v -0.099279 2.0 0.361647
v -0.089789 2.0 0.300888
v -0.089789 2.0 0.319801
v -0.08912 2.0 0.346421
v -0.089789 2.0 0.347904
v -0.088472 2.0 0.323309
v -0.087289 2.0 0.333915
v -0.087472 2.0 0.33788
v -0.114403 2.0 0.300914
v -0.107219 2.0 0.302428
v -0.100978 2.0 0.305406
v -0.095621 2.0 0.30991
v -0.094975 2.0 0.310629
v -0.091091 2.0 0.316337
v -0.118316 2.0 0.300706
v -0.13381 2.0 0.281946
v -0.114898 2.0 0.300888
v -0.089789 2.0 0.281946
v -0.136683 2.0 0.304437
v -0.135549 2.0 0.303882
v -0.13381 2.0 0.303325
v -0.084356 2.0 0.204518
v -0.084303 2.0 0.196965
v -0.085832 2.0 0.11
v -0.048673 2.0 0.197218
v -0.085832 2.0 0.261528
v -0.083211 2.0 0.255602
v -0.083254 2.0 0.261528
v -0.057437 2.0 0.226996
v -0.057279 2.0 0.20471
v -0.081128 2.0 0.226828
v -0.081181 2.0 0.234414
v -0.05749 2.0 0.234582
v -0.057641 2.0 0.255784
v -0.083266 2.0 0.263223
v -0.083263 2.0 0.262814
v -0.085832 2.0 0.262814
v -0.085832 2.0 0.281946
v -0.049143 2.0 0.263465
v -0.049138 2.0 0.262814
v -0.049129 2.0 0.261528
v -0.178115 2.0 0.243617
v -0.187395 2.0 0.243551
v -0.253975 2.0 0.195762
v -0.191837 2.0 0.11
v -0.191322 2.0 0.175553
v -0.179389 2.0 0.182065
v -0.181083 2.0 0.181497
v -0.188039 2.0 0.174329
v -0.184683 2.0 0.173967
v -0.179337 2.0 0.174682
v -0.182852 2.0 0.174046
v -0.187906 2.0 0.181961
v -0.189437 2.0 0.183008
v -0.186084 2.0 0.181293
v -0.18409 2.0 0.181084
v -0.190994 2.0 0.184729
v -0.191837 2.0 0.186249
v -0.927206 2.0 0.261528
v -0.662354 2.0 0.261528
v -0.927206 2.0 0.11
v -0.662354 2.0 0.11
v -0.927206 2.0 0.378485
v -0.927206 2.0 0.46
v -0.662354 2.0 0.378485
v -0.763419 2.0 0.46
v -0.347343 2.0 0.1951
v -0.337893 2.0 0.195167
v -0.363595 2.0 0.261235
v -0.37274 2.0 0.26117
v -0.397502 2.0 0.194744
v -0.388053 2.0 0.194811
v -0.381424 2.0 0.212979
v -0.353838 2.0 0.213174
v -0.662354 2.0 0.262814
v -0.927206 2.0 0.262814
v -0.662354 2.0 0.281946
v -0.662354 2.0 0.300888
v -0.927206 2.0 0.281946
v -0.927206 2.0 0.300888
v -0.662354 2.0 0.368202
v -0.927206 2.0 0.368202
v -0.228221 2.0 0.36601
v -0.253975 2.0 0.368202
v -0.217436 2.0 0.367371
v -0.198537 2.0 0.367505
v -0.251983 2.0 0.330327
v -0.250268 2.0 0.322631
v -0.2469 2.0 0.315835
v -0.242078 2.0 0.310226
v -0.198067 2.0 0.301258
v -0.216289 2.0 0.301129
v -0.227376 2.0 0.302374
v -0.236104 2.0 0.362891
v -0.242419 2.0 0.358421
v -0.245248 2.0 0.355543
v -0.241405 2.0 0.309624
v -0.234981 2.0 0.30524
v -0.249174 2.0 0.349572
v -0.25142 2.0 0.343073
v -0.252244 2.0 0.334845
v -0.145721 2.0 0.281946
v -0.17584 2.0 0.281946
v -0.191837 2.0 0.281946
v -0.145721 2.0 0.378485
v -0.17584 2.0 0.378485
v -0.191837 2.0 0.378485
v -0.253975 2.0 0.378485
v -0.274053 2.0 0.378485
v -0.336191 2.0 0.378485
v -0.094078 2.0 0.217072
v -0.095753 2.0 0.219437
v -0.097123 2.0 0.232811
v -0.121965 2.0 0.196698
v -0.089789 2.0 0.11
v -0.130262 2.0 0.196639
v -0.118433 2.0 0.244685
v -0.121939 2.0 0.243607
v -0.124694 2.0 0.24202
v -0.126899 2.0 0.239898
v -0.115484 2.0 0.23811
v -0.112675 2.0 0.238424
v -0.108142 2.0 0.224909
v -0.09718 2.0 0.240871
v -0.099372 2.0 0.242093
v -0.089789 2.0 0.261528
v -0.105647 2.0 0.244333
v -0.113502 2.0 0.245159
v -0.098311 2.0 0.221623
v -0.101861 2.0 0.223409
v -0.10308 2.0 0.23646
v -0.108296 2.0 0.238055
v -0.095406 2.0 0.200435
v -0.096328 2.0 0.199488
v -0.099108 2.0 0.197519
v -0.0937 2.0 0.202997
v -0.092717 2.0 0.205812
v -0.092335 2.0 0.209576
v -0.092365 2.0 0.210576
v -0.092919 2.0 0.214154
v -0.128583 2.0 0.237218
v -0.129864 2.0 0.233458
v -0.130478 2.0 0.227087
v -0.122016 2.0 0.204014
v -0.121796 2.0 0.204015
v -0.111523 2.0 0.196128
v -0.107241 2.0 0.195685
v -0.102281 2.0 0.196297
v -0.122178 2.0 0.226773
v -0.121915 2.0 0.230445
v -0.121078 2.0 0.233405
v -0.120115 2.0 0.235121
v -0.12049 2.0 0.202057
v -0.117849 2.0 0.199254
v -0.114896 2.0 0.19732
v -0.11887 2.0 0.236464
v -0.117404 2.0 0.237424
v -0.089789 2.0 0.262814
v -0.13381 2.0 0.262814
v -0.145721 2.0 0.262814
v -0.17584 2.0 0.262814
v -0.662354 2.0 0.46
v -0.336191 2.0 0.46
v -0.274053 2.0 0.46
v -0.253975 2.0 0.46
v -0.191837 2.0 0.46
v -0.17584 2.0 0.46
v -0.145721 2.0 0.46
v -0.13381 2.0 0.46
v -0.089789 2.0 0.46
v -0.085832 2.0 0.46
v -1.601031 1.7 0.11
v -1.7 1.7 0.11
v -1.472255 1.7 0.184349
v -1.7 1.7 0.46
v -1.44174 1.7 0.198705
v -1.43807 1.7 0.203814
v -1.43032 1.7 0.214601
v -1.43032 1.7 0.46
v -1.323903 1.728213 0.46
v -1.301763 1.746791 0.46
v -1.321487 1.732205 0.46
newmtl 2
Ka 0.2235294117647059 0.2235294117647059 0.2235294117647059
Kd 0.2235294117647059 0.2235294117647059 0.2235294117647059
Ks 0.11372549019607843 0.11372549019607843 0.11372549019607843
d 0.0
endmtl
v -2.0 1.4 0.46
v -2.0 1.05 0.46
v -1.993384 1.142505 0.46
v -1.77566 1.541237 0.46
v -1.701417 1.596815 0.46
v -1.777646 1.689778 0.46
v -1.97367 1.233126 0.46
v -1.941261 1.32002 0.46
v -1.989778 1.477646 0.46
v -1.896815 1.401417 0.46
v -1.959808 1.55 0.46
v -1.841237 1.475659 0.46
v -1.912132 1.612132 0.46
v -1.85 1.659808 0.46
v -1.62002 1.641261 0.46
v -1.533126 1.673671 0.46
v -1.442505 1.693384 0.46
v -1.410887 1.697286 0.46
v -1.417431 1.700416 0.46
v -1.410604 1.697169 0.46
v -1.328032 1.728155 0.442323
v -1.301763 1.746791 0.183776
v -1.308445 1.741424 0.188173
v -1.311924 1.73881 0.190395
v -1.315265 1.736457 0.20555
v -1.31844 1.734221 0.219953
v -1.318535 1.734161 0.220219
v -1.32346 1.731064 0.23401
v -1.328187 1.728093 0.247241
v -1.329414 1.727322 0.250677
v -1.332027 1.72582 0.259693
v -1.333184 1.725173 0.269579
v -1.333184 1.725173 0.419579
v -1.332826 1.725372 0.424983
v -1.33247 1.725572 0.426895
v -1.331841 1.725926 0.430274
v -1.328756 1.727707 0.440367
v -1.412406 1.700954 0.4545
v -1.406271 1.701471 0.241179
v -1.400656 1.702212 0.441642
v -1.397056 1.702819 0.436472
v -1.396479 1.702895 0.253092
v -1.404743 1.701774 0.446114
v -1.393566 1.703406 0.431462
v -1.391145 1.703874 0.425726
v -1.393628 1.703394 0.428025
v -1.390458 1.704013 0.422693
v -1.391939 1.703717 0.261155
v -1.396062 1.702956 0.253599
v -1.393343 1.703448 0.261335
v -1.390218 1.704062 0.419579
v -1.390218 1.704062 0.269579
v -1.390673 1.703969 0.265287
v -1.407022 1.701362 0.240264
v -1.411491 1.7011 0.235342
v -1.422902 1.700434 0.222773
v -1.430246 1.700004 0.214683
v -1.146491 1.420187 0.81
v -0.956256 1.579813 0.81
v -1.152879 1.428656 0.724541
v -0.960579 1.584965 0.741718
v -1.154032 1.430184 0.719639
v -0.964843 1.590047 0.719848
v -1.172032 1.454052 0.643095
v -0.973381 1.600222 0.676061
v -1.175287 1.458367 0.635625
v -0.987246 1.616746 0.635706
v -0.994171 1.624999 0.61555
v -1.203737 1.496089 0.570323
v -1.022149 1.658343 0.562513
v -1.208786 1.502785 0.563499
v -1.247051 1.55352 0.511789
v -1.056242 1.698972 0.518986
v -1.25214 1.560268 0.507302
v -1.069197 1.714412 0.508212
v -1.270252 1.584282 0.491332
v -1.095137 1.745326 0.486642
v -1.293617 1.615254 0.476437
v -1.123283 1.778869 0.473359
v -1.303019 1.62771 0.472632
v -1.137341 1.795622 0.466725
v -1.181231 1.847929 0.46
v -1.330533 1.719253 0.46001
v -1.332572 1.717147 0.460012
v -1.336605 1.712984 0.460018
v -1.33833 1.711203 0.46002
v -1.348033 1.7038 0.460015
v -1.356713 1.69881 0.460003
v -1.350511 1.690602 0.460196
v -1.347055 1.704363 0.460016
v -1.321587 1.652309 0.465118
v -1.339731 1.357755 0.747436
v -1.339328 1.35 0.81
v -1.270143 1.358087 0.81
v -1.340632 1.375084 0.687388
v -1.339878 1.360594 0.724541
v -1.273098 1.3694 0.720638
v -1.310549 1.44829 0.569573
v -1.31313 1.430624 0.588979
v -1.281775 1.40275 0.636933
v -1.310786 1.452165 0.565658
v -1.310501 1.448622 0.569207
v -1.295609 1.456321 0.564376
v -1.313204 1.430116 0.589536
v -1.315441 1.424384 0.59635
v -1.321081 1.416237 0.606789
v -1.324712 1.410993 0.613509
v -1.329638 1.40662 0.619623
v -1.332694 1.404839 0.62236
v -1.348049 1.52893 0.504696
v -1.339829 1.519187 0.51068
v -1.313694 1.526972 0.508058
v -1.334638 1.513033 0.51446
v -1.332721 1.509864 0.516764
v -1.322045 1.492217 0.529597
v -1.320659 1.489094 0.53214
v -1.317524 1.482034 0.537887
v -1.313722 1.468242 0.550366
v -1.311402 1.459828 0.557979
v -1.323097 1.563928 0.488867
v -1.35 1.555256 0.491332
v -1.348669 1.529666 0.504245
v -1.279883 1.539278 0.508058
v -1.309766 1.56878 0.488867
v -1.296435 1.573632 0.488867
v -1.248323 1.473532 0.564376
v -1.224486 1.423601 0.636933
v -1.34153 1.392359 0.643095
v -1.3419 1.399472 0.630604
v -1.209696 1.392477 0.720638
v -1.204688 1.38191 0.81
v -1.353682 1.689428 0.460177
v -1.357088 1.698632 0.460003
v -1.357484 1.698445 0.460003
v -1.337811 1.646255 0.464624
v -1.322516 1.604197 0.474904
v -1.35049 1.566239 0.48711
v -1.35173 1.593999 0.476437
v -1.353655 1.631822 0.467201
v -1.35409 1.640352 0.465118
v -1.356854 1.688255 0.460196
v -1.35 1.530988 0.503512
v -1.348058 1.397227 0.634436
v -1.35 1.39652 0.635645
v -1.35 1.376642 0.676061
v -1.35 1.373425 0.686665
v -1.35 1.356725 0.741718
v -1.35 1.356182 0.747229
v -1.35 1.35 0.81
v -1.653603 1.093652 0.741718
v -1.656725 1.05 0.741718
v -1.65 1.05 0.81
v -1.730945 1.489633 0.466725
v -1.789633 1.430945 0.466725
v -1.740013 1.387948 0.486642
v -1.931718 1.05 0.466725
v -1.404818 1.695528 0.460017
v -1.366196 1.695497 0.460033
v -1.372238 1.693453 0.460054
v -1.380289 1.692258 0.460071
v -1.385489 1.692452 0.460062
v -1.432787 1.625797 0.466725
v -1.39525 1.692814 0.460045
v -1.423443 1.560808 0.486642
v -1.423 1.523386 0.504627
v -1.418696 1.527984 0.502486
v -1.414685 1.532269 0.50049
v -1.404911 1.540041 0.497134
v -1.398149 1.543756 0.495653
v -1.390713 1.546268 0.49476
v -1.3855 1.547046 0.494579
v -1.380421 1.547024 0.494751
v -1.375417 1.546253 0.495259
v -1.366088 1.542846 0.497134
v -1.357513 1.537469 0.499996
v -1.457944 1.451241 0.550167
v -1.478343 1.487098 0.518986
v -1.459594 1.43746 0.562702
v -1.463401 1.436208 0.562513
v -1.4605 1.429899 0.569579
v -1.438533 1.500638 0.516546
v -1.495391 1.545157 0.486642
v -1.440506 1.496487 0.519117
v -1.450452 1.475562 0.532079
v -1.454494 1.40586 0.598849
v -1.454882 1.406353 0.598059
v -1.499128 1.376545 0.61555
v -1.51721 1.416138 0.562513
v -1.457944 1.412892 0.58899
v -1.459428 1.422767 0.577719
v -1.451138 1.394444 0.61555
v -1.450452 1.400727 0.607079
v -1.445079 1.396454 0.615134
v -1.414243 1.38866 0.638852
v -1.423 1.389401 0.63453
v -1.442026 1.363411 0.676061
v -1.404911 1.388519 0.642023
v -1.396486 1.373317 0.676061
v -1.39871 1.388759 0.643257
v -1.431232 1.390876 0.629023
v -1.438533 1.393153 0.622612
v -1.444711 1.396269 0.615554
v -1.366088 1.392566 0.642023
v -1.3757 1.390938 0.643936
v -1.3855 1.389709 0.644579
v -1.39531 1.38889 0.643934
v -1.733233 1.296289 0.518986
v -1.784138 1.329003 0.486642
v -1.839373 1.364501 0.466725
v -1.925797 1.132787 0.466725
v -1.909848 1.05 0.473359
v -1.860808 1.123443 0.486642
v -1.716138 1.21721 0.562513
v -1.764383 1.239243 0.518986
v -1.819425 1.264379 0.486642
v -1.87915 1.291655 0.466725
v -1.866061 1.05 0.486642
v -1.825706 1.05 0.508212
v -1.800914 1.114832 0.518986
v -1.539243 1.464383 0.518986
v -1.694444 1.151138 0.61555
v -1.736208 1.163401 0.562513
v -1.787097 1.178343 0.518986
v -1.845157 1.195391 0.486642
v -1.908155 1.213889 0.466725
v -1.673317 1.096486 0.676061
v -1.705332 1.101089 0.61555
v -1.748416 1.107283 0.562513
v -1.563905 1.29686 0.676061
v -1.526596 1.324789 0.676061
v -1.544082 1.351998 0.61555
v -1.393652 1.353603 0.741718
v -1.515828 1.308034 0.741718
v -1.550862 1.281807 0.741718
v -1.581807 1.250862 0.741718
v -1.609211 1.199674 0.81
v -1.602376 1.212192 0.81
v -1.608034 1.215828 0.741718
v -1.59686 1.263905 0.676061
v -1.585086 1.321303 0.61555
v -1.567615 1.388615 0.562513
v -1.513889 1.608155 0.466725
v -1.591655 1.57915 0.466725
v -1.564379 1.519425 0.486642
v -1.629004 1.484138 0.486642
v -1.596289 1.433233 0.518986
v -1.648322 1.394282 0.518986
v -1.61359 1.354199 0.562513
v -1.654199 1.31359 0.562513
v -1.621303 1.285086 0.61555
v -1.651998 1.244082 0.61555
v -1.624789 1.226596 0.676061
v -1.647124 1.185692 0.676061
v -1.629007 1.177418 0.741718
v -1.644301 1.136415 0.741718
v -1.664501 1.539373 0.466725
v -1.687948 1.440013 0.486642
v -1.694282 1.348322 0.518986
v -1.688615 1.267615 0.562513
v -1.676545 1.199128 0.61555
v -1.663411 1.142026 0.676061
v -1.80555 1.05 0.518986
v -1.752513 1.05 0.562513
v -1.708986 1.05 0.61555
v -1.698212 1.05 0.635706
v -1.676642 1.05 0.676061
v -1.66336 1.05 0.719848
v -1.392694 1.346946 0.81
v -1.436414 1.344301 0.741718
v -1.43452 1.337848 0.81
v -1.427555 1.339363 0.81
v -1.485692 1.347124 0.676061
v -1.477418 1.329007 0.741718
v -1.474625 1.32289 0.81
v -1.499674 1.309211 0.81
v -1.576725 1.246458 0.81
v -1.561592 1.261592 0.81
v -1.546458 1.276725 0.81
v -1.512192 1.302376 0.81
v -1.646946 1.092695 0.81
v -1.639363 1.127555 0.81
v -1.637848 1.13452 0.81
v -1.62289 1.174625 0.81
v -1.312125 1.73532 0.187458
v -1.307269 1.734425 0.180183
v -1.312397 1.730594 0.183482
v -1.442802 1.69333 0.190995
v -1.469062 1.693756 0.178817
v -1.442722 1.693835 0.191578
v -1.300295 1.740041 0.1758
v -1.297845 1.742122 0.174534
v -1.310508 1.732805 0.162972
newmtl 3
Ka 0.8509803921568627 0.8509803921568627 0.8509803921568627
Kd 0.8509803921568627 0.8509803921568627 0.8509803921568627
Ks 0.4235294117647059 0.4235294117647059 0.4235294117647059
d 0.0
endmtl
v -1.311702 1.73274 0.144682
v -1.29944 1.744023 0.10349
v -1.32379 1.726478 0.10349
v -1.317209 1.730023 0.120022
v -1.316297 1.730514 0.122313
v -1.31185 1.732732 0.142407
v -1.311723 1.732739 0.14435
v -1.311096 1.732118 0.169354
v -1.303182 1.737656 0.177615
v -1.454552 1.696386 0.10349
v -1.7 1.696386 0.10349
v -1.599867 1.696288 0.106288
v -1.7 1.696288 0.106288
v -1.449185 1.693763 0.178619
v -1.460292 1.695069 0.141196
v -1.46029 1.695079 0.140915
v -1.460264 1.695176 0.138133
v -1.460166 1.695553 0.127349
v -1.458241 1.69588 0.117994
v -1.456168 1.696231 0.107914
v -1.454253 1.694106 0.168792
v -1.45618 1.694303 0.163147
v -1.456995 1.694455 0.158797
v -1.326874 1.724593 0.097807
v -1.298267 1.742625 0.080674
v -1.328335 1.723701 0.095115
v -1.328475 1.723599 0.094896
v -1.327601 1.722085 0.080674
v -1.334437 1.71927 0.085641
v -1.331688 1.721266 0.089909
v -1.35655 1.702991 0.063626
v -1.353797 1.704645 0.065187
v -1.324119 1.716054 0.058871
v -1.349436 1.707759 0.068741
v -1.340512 1.714608 0.078796
v -1.33877 1.715945 0.080759
v -1.382456 1.690181 0.053145
v -1.374557 1.693218 0.055028
v -1.353659 1.689376 0.039223
v -1.370767 1.694676 0.055932
v -1.368829 1.695616 0.056659
v -1.357674 1.700407 0.058871
v -1.364851 1.698005 0.058915
v -1.358276 1.701954 0.062646
v -1.403457 1.687194 0.054517
v -1.39884 1.68731 0.053527
v -1.391398 1.679263 0.039223
v -1.43032 1.687598 0.058871
v -1.415168 1.68814 0.058872
v -1.43032 1.675858 0.039223
v -1.414587 1.688048 0.058579
v -1.411477 1.687809 0.057444
v -1.393257 1.68805 0.053104
v -1.392952 1.68809 0.05308
v -1.388248 1.688714 0.052723
v -1.43032 1.691516 0.068986
v -1.428055 1.690988 0.067416
v -1.417231 1.688466 0.059916
v -1.43032 1.659958 0.022758
v -1.388637 1.663605 0.022758
v -1.43032 1.640732 0.01034
v -1.385299 1.644671 0.01034
v -1.43032 1.619185 0.002619
v -1.381557 1.623451 0.002619
v -1.43032 1.596447 0.0
v -1.377609 1.601059 0.0
v -1.348221 1.674435 0.022758
v -1.341645 1.656368 0.01034
v -1.334276 1.63612 0.002619
v -1.326499 1.614753 0.0
v -1.318249 1.705887 0.039223
v -1.310299 1.692118 0.022758
v -1.300686 1.675467 0.01034
v -1.289913 1.656807 0.002619
v -1.278544 1.637115 0.0
v -1.29379 1.73729 0.058871
v -1.286245 1.728297 0.039223
v -1.276024 1.716118 0.022758
v -1.263666 1.701389 0.01034
v -1.249816 1.684883 0.002619
v -1.2352 1.667465 0.0
v -1.448778 1.696091 0.091573
v -1.7 1.694562 0.080674
v -1.452345 1.696273 0.098936
v -1.7 1.687598 0.058871
v -1.441414 1.694562 0.080674
v -1.442068 1.694698 0.081643
v -1.7 1.675858 0.039223
v -1.7 1.659958 0.022758
v -1.7 1.640732 0.01034
v -1.7 1.619185 0.002619
v -1.7 1.596447 0.0
v 1.841237 1.475659 0.46
v 1.896815 1.401417 0.46
v 1.989778 1.477646 0.46
v 2.0 1.05 0.46
v 2.0 1.4 0.46
v 1.993384 1.142505 0.46
v 1.97367 1.233126 0.46
v 1.941261 1.32002 0.46
v 1.7 1.7 0.46
v 1.62002 1.641261 0.46
v 1.777646 1.689778 0.46
v 1.701417 1.596815 0.46
v 1.85 1.659808 0.46
v 1.77566 1.541237 0.46
v 1.912132 1.612132 0.46
v 1.959808 1.55 0.46
v 1.417431 1.700416 0.46
v 1.410604 1.697169 0.46
v 1.43032 1.7 0.46
v 1.442505 1.693384 0.46
v 1.533126 1.673671 0.46
v 1.321487 1.732205 0.46
v 1.301763 1.746791 0.46
v 1.323903 1.728213 0.46
v 1.7 1.7 0.11
v 1.601025 1.7 0.11
v 1.472254 1.7 0.184346
v 1.43032 1.7 0.214601
v 1.43807 1.7 0.203814
v 1.441743 1.7 0.198701
v 1.405369 1.702151 0.242999
v 1.397054 1.702819 0.436472
v 1.41305 1.701489 0.234257
v 1.422589 1.700667 0.2234
v 1.393371 1.703443 0.261312
v 1.391952 1.703715 0.261122
v 1.390676 1.703969 0.265272
v 1.393628 1.703395 0.428025
v 1.396541 1.702913 0.253046
v 1.396085 1.702952 0.253565
v 1.393568 1.703406 0.431467
v 1.391153 1.703873 0.425753
v 1.390218 1.704062 0.269579
v 1.390218 1.704062 0.419579
v 1.39046 1.704012 0.422703
v 1.400648 1.702213 0.441631
v 1.430253 1.700006 0.214678
v 1.412406 1.700954 0.4545
v 1.404743 1.701775 0.446113
v 1.308445 1.741423 0.188171
v 1.301763 1.746791 0.183774
v 1.328028 1.728159 0.442329
v 1.328794 1.727685 0.440259
v 1.332487 1.725567 0.426251
v 1.332831 1.725369 0.424945
v 1.333184 1.725173 0.419579
v 1.333184 1.725173 0.269579
v 1.332572 1.725514 0.262475
v 1.3305 1.726691 0.254012
v 1.328029 1.72819 0.247208
v 1.322817 1.731353 0.232859
v 1.322706 1.73142 0.232552
v 1.318534 1.734158 0.220242
v 1.311924 1.73881 0.190392
v 1.315272 1.736453 0.205552
v 1.318482 1.734192 0.22009
v 1.340632 1.375084 0.687388
v 1.339878 1.360594 0.724541
v 1.35 1.356725 0.741718
v 1.339731 1.357755 0.747436
v 1.35 1.356182 0.747229
v 1.339328 1.35 0.81
v 1.35 1.35 0.81
v 1.35 1.376642 0.676061
v 1.35 1.39652 0.635645
v 1.348058 1.397227 0.634436
v 1.35 1.373425 0.686665
v 1.34153 1.392359 0.643095
v 1.3419 1.399472 0.630604
v 1.348669 1.529666 0.504245
v 1.35 1.530988 0.503512
v 1.35 1.555256 0.491332
v 1.356854 1.688255 0.460196
v 1.357484 1.698445 0.460003
v 1.357088 1.698632 0.460003
v 1.296569 1.573863 0.489483
v 1.309721 1.568656 0.488558
v 1.322516 1.604197 0.474904
v 1.323142 1.564191 0.489483
v 1.353655 1.631822 0.467201
v 1.337811 1.646255 0.464624
v 1.35173 1.593999 0.476437
v 1.35049 1.566239 0.48711
v 1.35409 1.640352 0.465118
v 1.353682 1.689428 0.460177
v 1.356713 1.69881 0.460003
v 1.270252 1.584282 0.491332
v 1.293617 1.615254 0.476437
v 1.303019 1.62771 0.472632
v 1.321587 1.652309 0.465118
v 1.350511 1.690602 0.460196
v 1.154032 1.430184 0.719639
v 1.152879 1.428656 0.724541
v 1.209696 1.392477 0.720638
v 1.324315 1.496604 0.526203
v 1.332418 1.509877 0.516594
v 1.313694 1.526972 0.508058
v 1.31107 1.448489 0.569602
v 1.311254 1.452198 0.565836
v 1.295609 1.456321 0.564376
v 1.311734 1.461856 0.556026
v 1.313275 1.468152 0.550225
v 1.314727 1.474089 0.544756
v 1.321122 1.489106 0.532381
v 1.348059 1.528923 0.504708
v 1.340076 1.519202 0.510775
v 1.332473 1.509944 0.516553
v 1.281775 1.40275 0.636933
v 1.333712 1.40376 0.623828
v 1.332593 1.404697 0.622504
v 1.323351 1.412434 0.611561
v 1.3206 1.415871 0.607047
v 1.319702 1.416993 0.605574
v 1.313205 1.430686 0.588934
v 1.312719 1.43171 0.58769
v 1.310764 1.442323 0.575864
v 1.25214 1.560268 0.507302
v 1.279883 1.539278 0.508058
v 1.247051 1.55352 0.511789
v 1.208786 1.502785 0.563499
v 1.248323 1.473532 0.564376
v 1.224486 1.423601 0.636933
v 1.203737 1.496089 0.570323
v 1.175287 1.458367 0.635625
v 1.172032 1.454052 0.643095
v 1.273098 1.3694 0.720638
v 1.270143 1.358087 0.81
v 1.204688 1.38191 0.81
v 1.146491 1.420187 0.81
v 1.442026 1.363411 0.676061
v 1.396486 1.373317 0.676061
v 1.393652 1.353603 0.741718
v 1.789633 1.430945 0.466725
v 1.730945 1.489633 0.466725
v 1.687948 1.440013 0.486642
v 1.357521 1.537475 0.499993
v 1.366088 1.542846 0.497134
v 1.373023 1.545623 0.495624
v 1.38045 1.547026 0.494749
v 1.390672 1.546277 0.494757
v 1.395704 1.544763 0.495276
v 1.423443 1.560808 0.486642
v 1.3855 1.547046 0.494579
v 1.404911 1.540041 0.497134
v 1.414643 1.532309 0.500472
v 1.418696 1.527982 0.502487
v 1.398363 1.693383 0.460033
v 1.390524 1.69225 0.46006
v 1.432787 1.625797 0.466725
v 1.404842 1.695387 0.460016
v 1.385511 1.692445 0.460061
v 1.375561 1.692832 0.460063
v 1.372688 1.693358 0.460056
v 1.366203 1.695528 0.460033
v 1.39871 1.388759 0.643255
v 1.395253 1.388894 0.643942
v 1.3855 1.389709 0.644579
v 1.375716 1.390935 0.643938
v 1.366088 1.392566 0.642023
v 1.438533 1.393153 0.622612
v 1.431205 1.39087 0.629043
v 1.423 1.389401 0.63453
v 1.414173 1.388657 0.638881
v 1.404911 1.388519 0.642023
v 1.454496 1.405868 0.598838
v 1.450452 1.400727 0.607079
v 1.451138 1.394444 0.61555
v 1.445116 1.396478 0.615086
v 1.444706 1.396271 0.615555
v 1.459428 1.422767 0.577719
v 1.457944 1.412892 0.58899
v 1.51721 1.416138 0.562513
v 1.454898 1.406379 0.59802
v 1.499128 1.376545 0.61555
v 1.463401 1.436208 0.562513
v 1.4605 1.429899 0.569579
v 1.459594 1.43746 0.562702
v 1.457944 1.451241 0.550167
v 1.478343 1.487098 0.518986
v 1.450452 1.475562 0.532079
v 1.423 1.523386 0.504627
v 1.495391 1.545157 0.486642
v 1.438533 1.500638 0.516546
v 1.440506 1.496487 0.519117
v 1.925797 1.132787 0.466725
v 1.931718 1.05 0.466725
v 1.909848 1.05 0.473359
v 1.860808 1.123443 0.486642
v 1.866061 1.05 0.486642
v 1.596289 1.433233 0.518986
v 1.629004 1.484138 0.486642
v 1.664501 1.539373 0.466725
v 1.513889 1.608155 0.466725
v 1.539243 1.464383 0.518986
v 1.564379 1.519425 0.486642
v 1.591655 1.57915 0.466725
v 1.839373 1.364501 0.466725
v 1.740013 1.387948 0.486642
v 1.648322 1.394282 0.518986
v 1.567615 1.388615 0.562513
v 1.825706 1.05 0.508212
v 1.800914 1.114832 0.518986
v 1.80555 1.05 0.518986
v 1.748416 1.107283 0.562513
v 1.752513 1.05 0.562513
v 1.705332 1.101089 0.61555
v 1.708986 1.05 0.61555
v 1.698212 1.05 0.635706
v 1.673317 1.096486 0.676061
v 1.676642 1.05 0.676061
v 1.59686 1.263905 0.676061
v 1.624789 1.226596 0.676061
v 1.651998 1.244082 0.61555
v 1.608034 1.215828 0.741718
v 1.581807 1.250862 0.741718
v 1.550862 1.281807 0.741718
v 1.499674 1.309211 0.81
v 1.512192 1.302376 0.81
v 1.515828 1.308034 0.741718
v 1.563905 1.29686 0.676061
v 1.621303 1.285086 0.61555
v 1.688615 1.267615 0.562513
v 1.908155 1.213889 0.466725
v 1.87915 1.291655 0.466725
v 1.819425 1.264379 0.486642
v 1.784138 1.329003 0.486642
v 1.733233 1.296289 0.518986
v 1.694282 1.348322 0.518986
v 1.654199 1.31359 0.562513
v 1.61359 1.354199 0.562513
v 1.585086 1.321303 0.61555
v 1.544082 1.351998 0.61555
v 1.526596 1.324789 0.676061
v 1.485692 1.347124 0.676061
v 1.477418 1.329007 0.741718
v 1.436414 1.344301 0.741718
v 1.66336 1.05 0.719848
v 1.653603 1.093652 0.741718
v 1.656725 1.05 0.741718
v 1.646946 1.092695 0.81
v 1.65 1.05 0.81
v 1.644301 1.136415 0.741718
v 1.637848 1.13452 0.81
v 1.639363 1.127555 0.81
v 1.845157 1.195391 0.486642
v 1.787097 1.178343 0.518986
v 1.736208 1.163401 0.562513
v 1.694444 1.151138 0.61555
v 1.663411 1.142026 0.676061
v 1.764383 1.239243 0.518986
v 1.716138 1.21721 0.562513
v 1.676545 1.199128 0.61555
v 1.647124 1.185692 0.676061
v 1.629007 1.177418 0.741718
v 1.62289 1.174625 0.81
v 1.609211 1.199674 0.81
v 1.546458 1.276725 0.81
v 1.561592 1.261592 0.81
v 1.576725 1.246458 0.81
v 1.602376 1.212192 0.81
v 1.474625 1.32289 0.81
v 1.43452 1.337848 0.81
v 1.427555 1.339363 0.81
v 1.392694 1.346946 0.81
v 1.348035 1.703804 0.460015
v 1.347006 1.704396 0.460016
v 1.338292 1.711237 0.46002
v 1.336603 1.712982 0.460018
v 1.332572 1.717146 0.460012
v 1.330532 1.719253 0.46001
v 1.095137 1.745326 0.486642
v 1.123283 1.778869 0.473359
v 1.137341 1.795622 0.466725
v 1.181231 1.847929 0.46
v 0.956256 1.579813 0.81
v 0.960579 1.584965 0.741718
v 0.964843 1.590047 0.719848
v 0.973381 1.600222 0.676061
v 0.987246 1.616746 0.635706
v 0.994171 1.624999 0.61555
v 1.022149 1.658343 0.562513
v 1.056242 1.698972 0.518986
v 1.069197 1.714412 0.508212
v 1.30727 1.734425 0.180181
v 1.312125 1.735321 0.187456
v 1.312397 1.730595 0.18348
v 1.442724 1.693835 0.191575
v 1.46906 1.693756 0.178815
v 1.442805 1.693331 0.190991
v 1.7 1.696288 0.106288
v 1.7 1.696386 0.10349
v 1.599861 1.696288 0.106288
v 1.454552 1.696386 0.10349
v 1.458365 1.69588 0.11797
v 1.459664 1.695708 0.122903
v 1.460433 1.695404 0.131607
v 1.444122 1.693401 0.188983
v 1.447568 1.693602 0.183221
v 1.459888 1.695175 0.138167
v 1.459715 1.695102 0.140247
v 1.458594 1.694632 0.153717
v 1.457381 1.694456 0.158774
v 1.457025 1.694404 0.160258
v 1.44942 1.693759 0.178724
v 1.297845 1.742122 0.174532
v 1.300295 1.740042 0.175798
v 1.31051 1.7328 0.163069
v 1.304335 1.736729 0.178337
v 1.311091 1.732121 0.169354
v 1.311847 1.732733 0.142426
v 1.29944 1.744023 0.10349
v 1.311723 1.732739 0.14435
v 1.311701 1.73274 0.144679
v 1.316268 1.73053 0.122408
v 1.317215 1.73002 0.120027
v 1.32379 1.726478 0.10349
v 1.7 1.694562 0.080674
v 1.441414 1.694562 0.080674
v 1.442068 1.694698 0.081642
v 1.452345 1.696273 0.098936
v 1.448772 1.69609 0.091562
v 1.43032 1.691516 0.068986
v 1.7 1.687598 0.058871
v 1.43032 1.687598 0.058871
v 1.7 1.675858 0.039223
v 1.43032 1.675858 0.039223
v 1.7 1.659958 0.022758
v 1.43032 1.659958 0.022758
v 1.7 1.640732 0.01034
v 1.43032 1.640732 0.01034
v 1.7 1.619185 0.002619
v 1.43032 1.619185 0.002619
v 1.7 1.596447 0.0
v 1.43032 1.596447 0.0
v 1.327103 1.724206 0.098029
v 1.32835 1.723352 0.095974
v 1.327601 1.722085 0.080674
v 1.428161 1.690921 0.06719
v 1.427791 1.690819 0.066882
v 1.399983 1.687254 0.053736
v 1.411378 1.687647 0.057155
v 1.411534 1.687666 0.057223
v 1.414288 1.688006 0.058437
v 1.414999 1.688154 0.058882
v 1.357674 1.700407 0.058871
v 1.36445 1.698114 0.058894
v 1.353659 1.689376 0.039223
v 1.368358 1.695853 0.056847
v 1.374566 1.69323 0.055054
v 1.379766 1.691034 0.053553
v 1.383437 1.689897 0.05303
v 1.391398 1.679263 0.039223
v 1.392933 1.687961 0.052913
v 1.393913 1.687761 0.052901
v 1.356534 1.702872 0.063455
v 1.357821 1.701948 0.062367
v 1.358165 1.701749 0.062187
v 1.338363 1.716233 0.080702
v 1.324119 1.716054 0.058871
v 1.340321 1.714711 0.078342
v 1.343614 1.712152 0.074371
v 1.331849 1.720953 0.090207
v 1.335578 1.718396 0.08406
v 1.298267 1.742625 0.080674
v 1.377609 1.601059 0.0
v 1.381557 1.623451 0.002619
v 1.385299 1.644671 0.01034
v 1.388637 1.663605 0.022758
v 1.326499 1.614753 0.0
v 1.334276 1.63612 0.002619
v 1.341645 1.656368 0.01034
v 1.348221 1.674435 0.022758
v 1.278544 1.637115 0.0
v 1.289913 1.656807 0.002619
v 1.300686 1.675467 0.01034
v 1.310299 1.692118 0.022758
v 1.318249 1.705887 0.039223
v 1.2352 1.667465 0.0
v 1.249816 1.684883 0.002619
v 1.263666 1.701389 0.01034
v 1.276024 1.716118 0.022758
v 1.286245 1.728297 0.039223
v 1.29379 1.73729 0.058871
v 1.300295 -1.740041 0.1758
v 1.301763 -1.746791 0.183776
v 1.297845 -1.742122 0.174534
v 1.161512 -1.864475 0.11
v 1.16277 -1.858575 0.106288
v -1.161512 1.864475 0.11
v -1.16277 1.858575 0.106288
v 0.900349 -1.9 0.01
v -0.900349 -1.9 0.01
v 0.900349 1.9 0.01
v -0.900349 1.9 0.01
v -1.9 -1.39641 1.46
v -1.844553 -1.471803 1.46
v -1.9 -1.4 1.46
v -1.889778 -1.477646 1.46
v -1.859808 -1.55 1.46
v -1.778854 -1.538451 1.46
v -1.812132 -1.612132 1.46
v -1.75 -1.659808 1.46
v -1.704264 -1.594974 1.46
v -1.677646 -1.689778 1.46
v -1.622331 -1.6402 1.46
v -1.6 -1.7 1.46
v -1.534752 -1.673191 1.46
v -1.443344 -1.693263 1.46
v -1.301763 -1.746791 1.46
v -1.34056 -1.721274 1.46
v -1.357579 -1.699956 1.46
v -1.384197 -1.705391 1.46
v -1.43032 -1.7 1.46
v -0.853882 -1.993674 1.46
v -0.763419 -2.0 1.46
v -0.927206 -2.0 1.46
v -1.027798 -1.943805 1.46
v -1.055763 -1.953209 1.46
v -1.107867 -1.901231 1.46
v -1.181231 -1.847929 1.46
v -0.942584 -1.97482 1.46
v -0.973329 -1.994609 1.46
v -1.016966 -1.978727 1.46
v 0.763419 -2.0 1.46
v 0.853882 -1.993674 1.46
v 0.927206 -2.0 1.46
v 0.942584 -1.97482 1.46
v 0.973329 -1.994609 1.46
v 1.016966 -1.978727 1.46
v 1.027798 -1.943805 1.46
v 1.055763 -1.953209 1.46
v 1.107867 -1.901231 1.46
v 1.181231 -1.847929 1.46
v 1.34056 -1.721274 1.46
v 1.301763 -1.746791 1.46
v 1.357579 -1.699956 1.46
v 1.9 -1.39641 1.46
v 1.9 -1.4 1.46
v 1.844553 -1.471803 1.46
v 1.889778 -1.477646 1.46
v 1.778854 -1.538451 1.46
v 1.859808 -1.55 1.46
v 1.812132 -1.612132 1.46
v 1.704264 -1.594974 1.46
v 1.75 -1.659808 1.46
v 1.622331 -1.6402 1.46
v 1.677646 -1.689778 1.46
v 1.534752 -1.673191 1.46
v 1.6 -1.7 1.46
v 1.443344 -1.693263 1.46
v 1.43032 -1.7 1.46
v 1.384197 -1.705391 1.46
v 1.9 1.4 1.46
v 1.9 1.39641 1.46
v 1.844553 1.471803 1.46
v 1.778854 1.538451 1.46
v 1.704264 1.594974 1.46
v 1.75 1.659808 1.46
v 1.677646 1.689778 1.46
v 1.622331 1.6402 1.46
v 1.6 1.7 1.46
v 1.534752 1.673191 1.46
v 1.443344 1.693263 1.46
v 1.301763 1.746791 1.46
v 1.34056 1.721274 1.46
v 1.357579 1.699956 1.46
v 1.384197 1.705391 1.46
v 1.43032 1.7 1.46
v 1.812132 1.612132 1.46
v 1.859808 1.55 1.46
v 1.889778 1.477646 1.46
v 1.181231 1.847929 1.46
v 1.107867 1.901231 1.46
v 1.055763 1.953209 1.46
v 1.027798 1.943805 1.46
v 1.016966 1.978727 1.46
v 0.973329 1.994609 1.46
v 0.942584 1.97482 1.46
v 0.927206 2.0 1.46
v 0.853882 1.993674 1.46
v 0.763419 2.0 1.46
v -0.763419 2.0 1.46
v -0.853882 1.993674 1.46
v -0.927206 2.0 1.46
v -0.942584 1.97482 1.46
v -0.973329 1.994609 1.46
v -1.016966 1.978727 1.46
v -1.027798 1.943805 1.46
v -1.055763 1.953209 1.46
v -1.107867 1.901231 1.46
v -1.181231 1.847929 1.46
v -1.841237 -1.475659 0.46
v -1.896815 -1.401417 0.46
v -1.989778 -1.477646 0.46
v -2.0 -1.05 0.46
v -2.0 -1.4 0.46
v -1.993384 -1.142505 0.46
v -1.97367 -1.233126 0.46
v -1.941261 -1.32002 0.46
v -1.442505 -1.693384 0.46
v -1.533126 -1.673671 0.46
v -1.7 -1.7 0.46
v -1.62002 -1.641261 0.46
v -1.777646 -1.689778 0.46
v -1.701417 -1.596815 0.46
v -1.85 -1.659808 0.46
v -1.77566 -1.541237 0.46
v -1.912132 -1.612132 0.46
v -1.959808 -1.55 0.46
v -1.43032 -1.7 0.46
v -1.386464 -1.704868 0.46
v -1.357579 -1.699956 0.46
v -1.338487 -1.72233 0.46
v -1.301763 -1.746791 0.46
v -1.107867 -1.901231 0.46
v -1.181231 -1.847929 0.46
v -1.055763 -1.953209 0.46
v -0.942584 -1.97482 0.46
v -0.927206 -2.0 0.46
v -0.853882 -1.993674 0.46
v -0.763419 -2.0 0.46
v -1.027798 -1.943805 0.46
v -1.016966 -1.978727 0.46
v -0.973329 -1.994609 0.46
v 1.181231 -1.847929 0.46
v 1.107867 -1.901231 0.46
v 1.055763 -1.953209 0.46
v 1.027798 -1.943805 0.46
v 1.016966 -1.978727 0.46
v 0.973329 -1.994609 0.46
v 0.942584 -1.97482 0.46
v 0.927206 -2.0 0.46
v 0.853882 -1.993674 0.46
v 0.763419 -2.0 0.46
v 1.301763 -1.746791 0.46
v 1.338487 -1.72233 0.46
v 1.357579 -1.699956 0.46
v 1.386464 -1.704868 0.46
v 1.442505 -1.693384 0.46
v 2.0 -1.4 0.46
v 2.0 -1.05 0.46
v 1.993384 -1.142505 0.46
v 1.62002 -1.641261 0.46
v 1.7 -1.7 0.46
v 1.701417 -1.596815 0.46
v 1.777646 -1.689778 0.46
v 1.77566 -1.541237 0.46
v 1.533126 -1.673671 0.46
v 1.43032 -1.7 0.46
v 1.97367 -1.233126 0.46
v 1.941261 -1.32002 0.46
v 1.989778 -1.477646 0.46
v 1.896815 -1.401417 0.46
v 1.959808 -1.55 0.46
v 1.841237 -1.475659 0.46
v 1.912132 -1.612132 0.46
v 1.85 -1.659808 0.46
v 1.107867 1.901231 0.46
v 1.055763 1.953209 0.46
v 0.942584 1.97482 0.46
v 0.853882 1.993674 0.46
v 1.027798 1.943805 0.46
v 1.016966 1.978727 0.46
v 0.973329 1.994609 0.46
v -1.107867 1.901231 0.46
v -1.055763 1.953209 0.46
v -1.027798 1.943805 0.46
v -1.016966 1.978727 0.46
v -0.973329 1.994609 0.46
v -0.942584 1.97482 0.46
v -0.853882 1.993674 0.46
v 2.0 1.4 0.11
v 2.0 -1.4 0.11
v -2.0 -1.4 0.11
v -2.0 1.4 0.11
v -0.927206 -2.0 0.11
v 0.927206 -2.0 0.11
v 1.161517 1.864471 0.11
v 1.055763 1.953209 0.11
v 1.055763 -1.953209 0.11
v 1.601031 -1.7 0.11
v 1.7 -1.7 0.11
v 1.472255 -1.7 0.184349
v 1.43032 -1.7 0.202565
v -1.301763 -1.746791 0.183774
v -1.161517 -1.864471 0.11
v -1.055763 -1.953209 0.11
v -1.43032 -1.7 0.202562
v -1.472254 -1.7 0.184346
v -1.601025 -1.7 0.11
v -1.7 -1.7 0.11
v -1.055763 1.953209 0.11
v -1.146491 1.420187 1.11
v -0.956256 1.579813 1.11
v -1.35 1.35 1.11
v -1.339328 1.35 1.11
v -1.65 1.05 1.12459
v -1.65 -1.05 1.12459
v -1.65 -1.05 0.81
v -1.339328 -1.35 0.81
v -1.339328 -1.35 1.11
v -1.35 -1.35 0.81
v -1.35 -1.35 1.11
v -0.956256 -1.579813 0.81
v -0.956256 -1.579813 1.11
v -1.146491 -1.420187 0.81
v -1.146491 -1.420187 1.11
v 0.763419 -1.65 0.81
v 0.763419 -1.65 1.11
v -0.763419 -1.65 0.81
v -0.763419 -1.65 1.11
v 1.146491 -1.420187 0.81
v 1.146491 -1.420187 1.11
v 0.956256 -1.579813 0.81
v 0.956256 -1.579813 1.11
v 1.35 -1.35 0.81
v 1.35 -1.35 1.11
v 1.339328 -1.35 0.81
v 1.339328 -1.35 1.11
v 1.65 1.05 1.12459
v 1.65 -1.05 0.81
v 1.65 -1.05 1.12459
v 1.339328 1.35 1.11
v 1.35 1.35 1.11
v 0.956256 1.579813 1.11
v 1.146491 1.420187 1.11
v -0.763419 1.65 0.81
v -0.763419 1.65 1.11
v 0.763419 1.65 0.81
v 0.763419 1.65 1.11
v -1.34056 1.721274 1.46
v -1.301763 1.746791 1.46
v -1.357579 1.699956 1.46
v -1.9 1.39641 1.46
v -1.9 1.4 1.46
v -1.844553 1.471803 1.46
v -1.889778 1.477646 1.46
v -1.778854 1.538451 1.46
v -1.859808 1.55 1.46
v -1.812132 1.612132 1.46
v -1.704264 1.594974 1.46
v -1.75 1.659808 1.46
v -1.622331 1.6402 1.46
v -1.677646 1.689778 1.46
v -1.534752 1.673191 1.46
v -1.6 1.7 1.46
v -1.443344 1.693263 1.46
v -1.43032 1.7 1.46
v -1.384197 1.705391 1.46
v -1.29568 1.63191 1.91
v -1.361135 1.608086 1.91
v -0.927206 -1.9 1.91
v -1.237484 1.670187 1.91
v -1.361135 -1.608086 1.91
v -1.29568 -1.63191 1.91
v -1.237484 -1.670187 1.91
v -0.991485 -1.876604 1.91
v 1.237484 1.670187 1.91
v 1.29568 1.63191 1.91
v 0.927206 -1.9 1.91
v 0.950268 -1.897304 1.91
v 1.237484 -1.670187 1.91
v 1.29568 -1.63191 1.91
v 1.361135 -1.608086 1.91
v 1.361135 1.608086 1.91
v 1.43032 -1.6 1.91
v 1.43032 1.6 1.91
v 1.6 1.6 1.91
v 0.972086 -1.889363 1.91
v 0.991485 -1.876604 1.91
v -0.972086 -1.889363 1.91
v -0.950268 -1.897304 1.91
v -1.8 1.4 1.91
v -1.8 -1.4 1.91
v -1.6 -1.6 1.91
v 0.991485 1.876604 1.91
v 0.972086 1.889363 1.91
v 0.950268 1.897304 1.91
v 0.927206 1.9 1.91
v -0.927206 1.9 1.91
v -0.950268 1.897304 1.91
v -1.741421 -1.541421 1.91
v -1.773205 -1.5 1.91
v -1.793185 -1.451764 1.91
v 1.7 -1.573205 1.91
v 1.741421 -1.541421 1.91
v 1.773205 -1.5 1.91
v 1.6 -1.6 1.91
v 1.8 -1.4 1.91
v 1.8 1.4 1.91
v -0.972086 1.889363 1.91
v -0.991485 1.876604 1.91
v -1.43032 -1.6 1.91
v -1.43032 1.6 1.91
v -1.6 1.6 1.91
v -1.7 -1.573205 1.91
v -1.651764 -1.593185 1.91
v 1.651764 -1.593185 1.91
v 1.793185 -1.451764 1.91
v 1.773205 1.5 1.91
v 1.741421 1.541421 1.91
v 1.7 1.573205 1.91
v -1.7 1.573205 1.91
v -1.741421 1.541421 1.91
v -1.773205 1.5 1.91
v 1.793185 1.451764 1.91
v 1.651764 1.593185 1.91
v -1.651764 1.593185 1.91
v -1.793185 1.451764 1.91
v 1.43032 -1.7 1.81
v 1.6 -1.7 1.81
v 1.301763 -1.746791 1.81
v 1.055763 -1.953209 1.81
v -1.6 -1.7 1.81
v -1.43032 -1.7 1.81
v -1.055763 -1.953209 1.81
v -1.301763 -1.746791 1.81
v 0.927206 -2.0 1.81
v -0.927206 -2.0 1.81
v -1.301763 1.746791 1.81
v -1.055763 1.953209 1.81
v -1.43032 1.7 1.81
v -1.6 1.7 1.81
v -1.9 1.4 1.81
v -1.9 1.378897 1.46
v -1.9 -1.098697 1.46
v -1.9 -1.135066 1.46
v -1.9 -1.4 1.81
v -1.9 -1.184542 1.46
v -1.9 -1.232934 1.46
v -1.9 -1.280082 1.46
v -1.9 -1.325801 1.46
v -1.9 -1.336765 1.46
v -1.9 -1.378897 1.46
v -1.9 1.336765 1.46
v -1.9 1.325801 1.46
v -1.9 1.280082 1.46
v -1.9 1.232934 1.46
v -1.9 1.184542 1.46
v -1.9 1.135066 1.46
v -1.9 1.098697 1.46
v -1.9 1.05 1.46
v -1.9 -1.05 1.46
v 1.6 1.7 1.81
v 1.43032 1.7 1.81
v 1.055763 1.953209 1.81
v 1.301763 1.746791 1.81
v -0.927206 2.0 1.81
v 0.927206 2.0 1.81
v 1.9 -1.4 1.81
v 1.9 -1.378897 1.46
v 1.9 1.098697 1.46
v 1.9 1.135066 1.46
v 1.9 1.4 1.81
v 1.9 1.184542 1.46
v 1.9 1.232934 1.46
v 1.9 1.280082 1.46
v 1.9 1.325801 1.46
v 1.9 1.336765 1.46
v 1.9 1.378897 1.46
v 1.9 -1.336765 1.46
v 1.9 -1.325801 1.46
v 1.9 -1.280082 1.46
v 1.9 -1.232934 1.46
v 1.9 -1.184542 1.46
v 1.9 -1.135066 1.46
v 1.9 -1.098697 1.46
v 1.9 -1.05 1.46
v 1.9 1.05 1.46
v -1.270143 1.358087 1.11
v -1.204688 1.38191 1.11
v -0.805171 1.64708 1.11
v -0.805171 1.64708 0.81
v -0.832469 1.641278 1.11
v -0.832469 1.641278 0.81
v -0.846111 1.638379 1.11
v -0.846111 1.638379 0.81
v -0.88544 1.624064 1.11
v -0.88544 1.624064 0.81
v -0.897754 1.617516 1.11
v -0.897754 1.617516 0.81
v -0.922395 1.604414 1.11
v -0.922395 1.604414 0.81
v 0.922395 1.604414 1.11
v 0.922395 1.604414 0.81
v 0.897754 1.617516 1.11
v 0.897754 1.617516 0.81
v 0.88544 1.624064 1.11
v 0.88544 1.624064 0.81
v 0.846111 1.638379 1.11
v 0.846111 1.638379 0.81
v 0.832469 1.641278 1.11
v 0.832469 1.641278 0.81
v 0.805171 1.64708 1.11
v 0.805171 1.64708 0.81
v 1.204688 1.38191 1.11
v 1.270143 1.358087 1.11
v 1.649157 1.072476 1.124051
v 1.637874 1.134431 1.117853
v 1.639596 1.1276 1.118727
v 1.643503 1.112096 1.120711
v 1.64742 1.089261 1.122974
v 1.609746 1.199967 1.110296
v 1.619226 1.182353 1.11159
v 1.621655 1.177293 1.112134
v 1.630577 1.156192 1.114825
v 1.393082 1.34689 1.11
v 1.427546 1.339323 1.11
v 1.43527 1.337626 1.11
v 1.475691 1.3224 1.11
v 1.499651 1.309175 1.11
v 1.513507 1.301527 1.11
v 1.547932 1.275439 1.11
v 1.561583 1.261591 1.11
v 1.578255 1.244678 1.11
v 1.603846 1.209882 1.11
v 1.608761 1.201798 1.110162
v 1.393082 -1.34689 1.11
v 1.392694 -1.346946 0.81
v 1.427546 -1.339323 1.11
v 1.427555 -1.339363 0.81
v 1.43527 -1.337626 1.11
v 1.43452 -1.337848 0.81
v 1.475691 -1.3224 1.11
v 1.474625 -1.32289 0.81
v 1.499651 -1.309175 1.11
v 1.499674 -1.309211 0.81
v 1.513507 -1.301527 1.11
v 1.512192 -1.302376 0.81
v 1.547932 -1.275439 1.11
v 1.546458 -1.276725 0.81
v 1.561583 -1.261591 1.11
v 1.561592 -1.261592 0.81
v 1.578255 -1.244678 1.11
v 1.576725 -1.246458 0.81
v 1.603846 -1.209882 1.11
v 1.602376 -1.212192 0.81
v 1.608761 -1.201798 1.110162
v 1.609211 -1.199674 0.81
v 1.639596 -1.1276 1.118727
v 1.637874 -1.134431 1.117853
v 1.639363 -1.127555 0.81
v 1.630577 -1.156192 1.114825
v 1.637848 -1.13452 0.81
v 1.621655 -1.177293 1.112134
v 1.62289 -1.174625 0.81
v 1.619226 -1.182353 1.11159
v 1.609746 -1.199967 1.110296
v 1.643503 -1.112096 1.120711
v 1.646946 -1.092695 0.81
v 1.64742 -1.089261 1.122974
v 1.649157 -1.072476 1.124051
v 1.270143 -1.358087 0.81
v 1.270143 -1.358087 1.11
v 1.204688 -1.38191 0.81
v 1.204688 -1.38191 1.11
v 0.805171 -1.64708 1.11
v 0.805171 -1.64708 0.81
v 0.832469 -1.641278 1.11
v 0.832469 -1.641278 0.81
v 0.846111 -1.638379 1.11
v 0.846111 -1.638379 0.81
v 0.88544 -1.624064 1.11
v 0.88544 -1.624064 0.81
v 0.897754 -1.617516 1.11
v 0.897754 -1.617516 0.81
v 0.922395 -1.604414 1.11
v 0.922395 -1.604414 0.81
v -1.204688 -1.38191 0.81
v -1.204688 -1.38191 1.11
v -1.270143 -1.358087 0.81
v -1.270143 -1.358087 1.11
v -1.393082 1.34689 1.11
v -1.427546 1.339323 1.11
v -1.43527 1.337626 1.11
v -1.475691 1.3224 1.11
v -1.499651 1.309175 1.11
v -1.513507 1.301527 1.11
v -1.547932 1.275439 1.11
v -1.561583 1.261591 1.11
v -1.578255 1.244678 1.11
v -1.603846 1.209882 1.11
v -1.608761 1.201798 1.110162
v -1.639596 1.1276 1.118727
v -1.637874 1.134431 1.117853
v -1.630577 1.156192 1.114825
v -1.621655 1.177293 1.112134
v -1.619226 1.182353 1.11159
v -1.609746 1.199967 1.110296
v -1.643503 1.112096 1.120711
v -1.64742 1.089261 1.122974
v -1.649157 1.072476 1.124051
v -0.805171 -1.64708 0.81
v -0.805171 -1.64708 1.11
v -0.832469 -1.641278 0.81
v -0.832469 -1.641278 1.11
v -0.846111 -1.638379 0.81
v -0.846111 -1.638379 1.11
v -0.88544 -1.624064 0.81
v -0.88544 -1.624064 1.11
v -0.897754 -1.617516 0.81
v -0.897754 -1.617516 1.11
v -0.922395 -1.604414 0.81
v -0.922395 -1.604414 1.11
v -1.649157 -1.072476 1.124051
v -1.646946 -1.092695 0.81
v -1.637874 -1.134431 1.117853
v -1.639596 -1.1276 1.118727
v -1.639363 -1.127555 0.81
v -1.643503 -1.112096 1.120711
v -1.64742 -1.089261 1.122974
v -1.609211 -1.199674 0.81
v -1.609746 -1.199967 1.110296
v -1.62289 -1.174625 0.81
v -1.619226 -1.182353 1.11159
v -1.637848 -1.13452 0.81
v -1.621655 -1.177293 1.112134
v -1.630577 -1.156192 1.114825
v -1.392694 -1.346946 0.81
v -1.393082 -1.34689 1.11
v -1.427555 -1.339363 0.81
v -1.427546 -1.339323 1.11
v -1.43452 -1.337848 0.81
v -1.43527 -1.337626 1.11
v -1.474625 -1.32289 0.81
v -1.475691 -1.3224 1.11
v -1.499674 -1.309211 0.81
v -1.499651 -1.309175 1.11
v -1.512192 -1.302376 0.81
v -1.513507 -1.301527 1.11
v -1.546458 -1.276725 0.81
v -1.547932 -1.275439 1.11
v -1.561592 -1.261592 0.81
v -1.561583 -1.261591 1.11
v -1.576725 -1.246458 0.81
v -1.578255 -1.244678 1.11
v -1.602376 -1.212192 0.81
v -1.603846 -1.209882 1.11
v -1.608761 -1.201798 1.110162
v 1.989778 1.477646 0.11
v 1.959808 1.55 0.11
v 1.912132 1.612132 0.11
v 1.85 1.659808 0.11
v 1.777646 1.689778 0.11
v 1.889778 1.477646 1.81
v 1.859808 1.55 1.81
v 1.812132 1.612132 1.81
v 1.75 1.659808 1.81
v 1.677646 1.689778 1.81
v 1.677646 -1.689778 1.81
v 1.75 -1.659808 1.81
v 1.812132 -1.612132 1.81
v 1.859808 -1.55 1.81
v 1.889778 -1.477646 1.81
v 1.777646 -1.689778 0.11
v 1.85 -1.659808 0.11
v 1.912132 -1.612132 0.11
v 1.959808 -1.55 0.11
v 1.989778 -1.477646 0.11
v -1.989778 -1.477646 0.11
v -1.959808 -1.55 0.11
v -1.912132 -1.612132 0.11
v -1.85 -1.659808 0.11
v -1.777646 -1.689778 0.11
v -1.777646 1.689778 0.11
v -1.85 1.659808 0.11
v -1.912132 1.612132 0.11
v -1.959808 1.55 0.11
v -1.989778 1.477646 0.11
v -1.677646 1.689778 1.81
v -1.75 1.659808 1.81
v -1.812132 1.612132 1.81
v -1.859808 1.55 1.81
v -1.889778 1.477646 1.81
v -1.889778 -1.477646 1.81
v -1.859808 -1.55 1.81
v -1.812132 -1.612132 1.81
v -1.75 -1.659808 1.81
v -1.677646 -1.689778 1.81
v -0.973329 1.994609 0.11
v -1.016966 1.978727 0.11
v 1.016966 1.978727 0.11
v 0.973329 1.994609 0.11
v 1.394893 -1.703545 0.210223
v 1.414127 -1.700657 0.20761
v 1.415357 -1.700607 0.207227
v 1.354194 -1.715472 0.207453
v 1.360527 -1.712573 0.209282
v 1.37578 -1.708075 0.210413
v 1.38648 -1.704919 0.211206
v 1.387245 -1.704694 0.211262
v 1.308445 -1.741424 0.188173
v 1.333039 -1.725358 0.201099
v 1.334079 -1.724678 0.201645
v 1.338612 -1.722603 0.202954
v 0.973329 -1.994609 0.11
v 1.016966 -1.978727 0.11
v -1.016966 -1.978727 0.11
v -0.973329 -1.994609 0.11
v -1.332663 -1.725899 0.20053
v -1.326334 -1.729158 0.198249
v -1.308445 -1.741423 0.188171
v -1.352607 -1.71579 0.207508
v -1.351611 -1.716139 0.207359
v -1.338718 -1.72278 0.202712
v -1.369485 -1.709882 0.210023
v -1.377166 -1.707193 0.211167
v -1.409734 -1.701371 0.208094
v -1.403795 -1.701767 0.20969
v -1.389297 -1.704721 0.210494
v -1.386549 -1.705281 0.210647
v -1.384197 1.705391 1.81
v -1.34056 1.721274 1.81
v -1.34056 -1.721274 1.81
v -1.384197 -1.705391 1.81
v -1.016966 -1.978727 1.81
v -0.973329 -1.994609 1.81
v 0.973329 -1.994609 1.81
v 1.016966 -1.978727 1.81
v 1.384197 -1.705391 1.81
v 1.34056 -1.721274 1.81
v 1.34056 1.721274 1.81
v 1.384197 1.705391 1.81
v 1.016966 1.978727 1.81
v 0.973329 1.994609 1.81
v -0.973329 1.994609 1.81
v -1.016966 1.978727 1.81
v 1.053378 -1.950366 0.106288
v 1.7 -1.696288 0.106288
v 1.599867 -1.696288 0.106288
v 1.0153 -1.97541 0.106288
v 0.972473 -1.990997 0.106288
v 0.927206 -1.996288 0.106288
v 1.996288 -1.4 0.106288
v 1.986193 -1.476685 0.106288
v 1.956593 -1.548144 0.106288
v 1.909507 -1.609507 0.106288
v 1.848144 -1.656593 0.106288
v 1.776685 -1.686193 0.106288
v 0.903712 -1.996288 0.106288
v -0.927206 -1.996288 0.106288
v -0.903712 -1.996288 0.106288
v 1.996288 1.4 0.106288
v -0.972473 -1.990997 0.106288
v -1.0153 -1.97541 0.106288
v -1.053378 -1.950366 0.106288
v 1.776685 1.686193 0.106288
v 1.848144 1.656593 0.106288
v 1.909507 1.609507 0.106288
v 1.956593 1.548144 0.106288
v 1.986193 1.476685 0.106288
v -1.162774 -1.858571 0.106288
v -1.599861 -1.696288 0.106288
v -1.7 -1.696288 0.106288
v 1.053378 1.950366 0.106288
v 1.162774 1.858571 0.106288
v -1.776685 -1.686193 0.106288
v -1.848144 -1.656593 0.106288
v -1.909507 -1.609507 0.106288
v -1.956593 -1.548144 0.106288
v -1.986193 -1.476685 0.106288
v -1.996288 -1.4 0.106288
v 0.927206 1.996288 0.106288
v 0.972473 1.990997 0.106288
v 1.0153 1.97541 0.106288
v -1.996288 1.4 0.106288
v 0.903712 1.996288 0.106288
v -0.927206 1.996288 0.106288
v -0.903712 1.996288 0.106288
v -1.986193 1.476685 0.106288
v -1.956593 1.548144 0.106288
v -1.909507 1.609507 0.106288
v -1.848144 1.656593 0.106288
v -1.776685 1.686193 0.106288
v -1.053378 1.950366 0.106288
v -1.0153 1.97541 0.106288
v -0.972473 1.990997 0.106288
v 1.656725 -1.05 0.741718
v 1.66336 -1.05 0.719848
v 1.676642 -1.05 0.676061
v 1.698212 -1.05 0.635706
v 1.708986 -1.05 0.61555
v 1.752513 -1.05 0.562513
v 1.80555 -1.05 0.518986
v 1.825706 -1.05 0.508212
v 1.866061 -1.05 0.486642
v 1.909848 -1.05 0.473359
v 1.931718 -1.05 0.466725
v 0.806107 1.65374 0.741718
v 0.763419 1.656725 0.741718
v 0.763419 1.66336 0.719848
v 0.763419 1.931718 0.466725
v 0.844379 1.926057 0.466725
v 0.923763 1.909184 0.466725
v 1.000026 1.881426 0.466725
v 1.071683 1.843325 0.466725
v 1.03689 1.787644 0.486642
v 0.763419 1.909848 0.473359
v 0.835241 1.861038 0.486642
v 0.763419 1.866061 0.486642
v 0.763419 1.825706 0.508212
v 0.82682 1.801117 0.518986
v 1.004824 1.736329 0.518986
v 0.976718 1.69135 0.562513
v 0.953653 1.654437 0.61555
v 0.936513 1.627008 0.676061
v 0.905665 1.846069 0.486642
v 0.97332 1.821445 0.486642
v 0.888986 1.787903 0.518986
v 0.948708 1.766166 0.518986
v 0.874367 1.73692 0.562513
v 0.927136 1.717714 0.562513
v 0.862369 1.695079 0.61555
v 0.909432 1.67795 0.61555
v 0.853454 1.663989 0.676061
v 0.896277 1.648402 0.676061
v 0.819438 1.748595 0.562513
v 0.81338 1.705492 0.61555
v 0.808879 1.673463 0.676061
v 0.763419 1.676642 0.676061
v 0.763419 1.698212 0.635706
v 0.763419 1.708986 0.61555
v 0.763419 1.752513 0.562513
v 0.763419 1.80555 0.518986
v 0.847964 1.644843 0.741718
v 0.888176 1.630207 0.741718
v 0.925959 1.610118 0.741718
v 1.347999 -1.516778 0.511789
v 1.35 -1.555256 0.491332
v 1.35 -1.505551 0.518986
v 1.346611 -1.490073 0.533549
v 1.35 -1.489168 0.53243
v 1.344264 -1.444941 0.570323
v 1.35 -1.452513 0.562513
v 1.34359 -1.431981 0.588259
v 1.35 -1.356725 0.741718
v 1.339842 -1.359892 0.7302
v 1.35 -1.360159 0.730398
v 1.339878 -1.360594 0.724541
v 1.35 -1.376642 0.676061
v 1.34129 -1.387735 0.65495
v 1.35 -1.387807 0.655173
v 1.34153 -1.392359 0.643095
v 1.35 -1.408986 0.61555
v 1.35 -1.43154 0.588068
v 1.653603 -1.093652 0.741718
v 1.730945 -1.489633 0.466725
v 1.789633 -1.430945 0.466725
v 1.740013 -1.387948 0.486642
v 1.356854 -1.688255 0.460196
v 1.35409 -1.640352 0.465118
v 1.432787 -1.625797 0.466725
v 1.353655 -1.631822 0.467201
v 1.35173 -1.593999 0.476437
v 1.423443 -1.560808 0.486642
v 1.35049 -1.566239 0.48711
v 1.414832 -1.500914 0.518986
v 1.733233 -1.296289 0.518986
v 1.784138 -1.329003 0.486642
v 1.839373 -1.364501 0.466725
v 1.925797 -1.132787 0.466725
v 1.860808 -1.123443 0.486642
v 1.716138 -1.21721 0.562513
v 1.764383 -1.239243 0.518986
v 1.819425 -1.264379 0.486642
v 1.87915 -1.291655 0.466725
v 1.800914 -1.114832 0.518986
v 1.407283 -1.448416 0.562513
v 1.694444 -1.151138 0.61555
v 1.736208 -1.163401 0.562513
v 1.787097 -1.178343 0.518986
v 1.845157 -1.195391 0.486642
v 1.908155 -1.213889 0.466725
v 1.401089 -1.405332 0.61555
v 1.673317 -1.096486 0.676061
v 1.705332 -1.101089 0.61555
v 1.748416 -1.107283 0.562513
v 1.396486 -1.373317 0.676061
v 1.563905 -1.29686 0.676061
v 1.526596 -1.324789 0.676061
v 1.544082 -1.351998 0.61555
v 1.515828 -1.308034 0.741718
v 1.550862 -1.281807 0.741718
v 1.581807 -1.250862 0.741718
v 1.608034 -1.215828 0.741718
v 1.59686 -1.263905 0.676061
v 1.585086 -1.321303 0.61555
v 1.567615 -1.388615 0.562513
v 1.513889 -1.608155 0.466725
v 1.591655 -1.57915 0.466725
v 1.564379 -1.519425 0.486642
v 1.629004 -1.484138 0.486642
v 1.596289 -1.433233 0.518986
v 1.648322 -1.394282 0.518986
v 1.61359 -1.354199 0.562513
v 1.654199 -1.31359 0.562513
v 1.621303 -1.285086 0.61555
v 1.651998 -1.244082 0.61555
v 1.624789 -1.226596 0.676061
v 1.647124 -1.185692 0.676061
v 1.629007 -1.177418 0.741718
v 1.644301 -1.136415 0.741718
v 1.664501 -1.539373 0.466725
v 1.687948 -1.440013 0.486642
v 1.694282 -1.348322 0.518986
v 1.688615 -1.267615 0.562513
v 1.676545 -1.199128 0.61555
v 1.663411 -1.142026 0.676061
v 1.393652 -1.353603 0.741718
v 1.436414 -1.344301 0.741718
v 1.495391 -1.545157 0.486642
v 1.478343 -1.487098 0.518986
v 1.463401 -1.436208 0.562513
v 1.451138 -1.394444 0.61555
v 1.442026 -1.363411 0.676061
v 1.539243 -1.464383 0.518986
v 1.51721 -1.416138 0.562513
v 1.499128 -1.376545 0.61555
v 1.485692 -1.347124 0.676061
v 1.477418 -1.329007 0.741718
v -0.763419 1.656725 0.741718
v -0.763419 1.66336 0.719848
v -0.763419 1.676642 0.676061
v -0.763419 1.698212 0.635706
v -0.763419 1.708986 0.61555
v -0.763419 1.752513 0.562513
v -0.763419 1.80555 0.518986
v -0.763419 1.825706 0.508212
v -0.763419 1.866061 0.486642
v -0.763419 1.909848 0.473359
v -0.763419 1.931718 0.466725
v 1.273098 -1.3694 0.720638
v 1.295609 -1.456321 0.564376
v 1.281775 -1.40275 0.636933
v 1.224486 -1.423601 0.636933
v 1.309766 -1.56878 0.488867
v 1.323097 -1.563928 0.488867
v 1.313694 -1.526972 0.508058
v 1.270252 -1.584282 0.491332
v 1.296435 -1.573632 0.488867
v 1.25214 -1.560268 0.507302
v 1.279883 -1.539278 0.508058
v 1.248323 -1.473532 0.564376
v 1.175287 -1.458367 0.635625
v 1.203737 -1.496089 0.570323
v 1.208786 -1.502785 0.563499
v 1.247051 -1.55352 0.511789
v 1.172032 -1.454052 0.643095
v 1.209696 -1.392477 0.720638
v 1.152879 -1.428656 0.724541
v 1.154032 -1.430184 0.719639
v 1.353682 -1.689428 0.460177
v 1.350511 -1.690602 0.460196
v 1.337811 -1.646255 0.464624
v 1.293617 -1.615254 0.476437
v 1.322516 -1.604197 0.474904
v 1.303019 -1.62771 0.472632
v 1.321587 -1.652309 0.465118
v -0.925959 1.610118 0.741718
v -1.071683 1.843325 0.466725
v -1.000026 1.881426 0.466725
v -0.923763 1.909184 0.466725
v -0.844379 1.926057 0.466725
v -0.835241 1.861038 0.486642
v -1.03689 1.787644 0.486642
v -1.004824 1.736329 0.518986
v -0.82682 1.801117 0.518986
v -0.819438 1.748595 0.562513
v -0.81338 1.705492 0.61555
v -0.808879 1.673463 0.676061
v -0.97332 1.821445 0.486642
v -0.905665 1.846069 0.486642
v -0.948708 1.766166 0.518986
v -0.888986 1.787903 0.518986
v -0.927136 1.717714 0.562513
v -0.874367 1.73692 0.562513
v -0.909432 1.67795 0.61555
v -0.862369 1.695079 0.61555
v -0.896277 1.648402 0.676061
v -0.853454 1.663989 0.676061
v -0.976718 1.69135 0.562513
v -0.953653 1.654437 0.61555
v -0.936513 1.627008 0.676061
v -0.888176 1.630207 0.741718
v -0.847964 1.644843 0.741718
v -0.806107 1.65374 0.741718
v 1.123283 -1.778869 0.473359
v 1.137341 -1.795622 0.466725
v 0.960579 -1.584965 0.741718
v 0.964843 -1.590047 0.719848
v 0.973381 -1.600222 0.676061
v 0.987246 -1.616746 0.635706
v 0.994171 -1.624999 0.61555
v 1.022149 -1.658343 0.562513
v 1.095137 -1.745326 0.486642
v 1.069197 -1.714412 0.508212
v 1.056242 -1.698972 0.518986
v 0.925959 -1.610118 0.741718
v 1.071683 -1.843325 0.466725
v 1.000026 -1.881426 0.466725
v 0.923763 -1.909184 0.466725
v 0.844379 -1.926057 0.466725
v 0.763419 -1.931718 0.466725
v 0.763419 -1.909848 0.473359
v 0.835241 -1.861038 0.486642
v 0.763419 -1.866061 0.486642
v 1.03689 -1.787644 0.486642
v 1.004824 -1.736329 0.518986
v 0.763419 -1.825706 0.508212
v 0.82682 -1.801117 0.518986
v 0.763419 -1.80555 0.518986
v 0.819438 -1.748595 0.562513
v 0.763419 -1.752513 0.562513
v 0.81338 -1.705492 0.61555
v 0.763419 -1.708986 0.61555
v 0.763419 -1.698212 0.635706
v 0.808879 -1.673463 0.676061
v 0.763419 -1.676642 0.676061
v 0.97332 -1.821445 0.486642
v 0.905665 -1.846069 0.486642
v 0.948708 -1.766166 0.518986
v 0.888986 -1.787903 0.518986
v 0.927136 -1.717714 0.562513
v 0.874367 -1.73692 0.562513
v 0.909432 -1.67795 0.61555
v 0.862369 -1.695079 0.61555
v 0.896277 -1.648402 0.676061
v 0.853454 -1.663989 0.676061
v 0.976718 -1.69135 0.562513
v 0.953653 -1.654437 0.61555
v 0.936513 -1.627008 0.676061
v 0.888176 -1.630207 0.741718
v 0.847964 -1.644843 0.741718
v 0.763419 -1.66336 0.719848
v 0.806107 -1.65374 0.741718
v 0.763419 -1.656725 0.741718
v -0.763419 -1.931718 0.466725
v -0.763419 -1.909848 0.473359
v -0.763419 -1.866061 0.486642
v -0.763419 -1.825706 0.508212
v -0.763419 -1.80555 0.518986
v -0.763419 -1.752513 0.562513
v -0.763419 -1.708986 0.61555
v -0.763419 -1.698212 0.635706
v -0.763419 -1.676642 0.676061
v -0.763419 -1.66336 0.719848
v -0.763419 -1.656725 0.741718
v -0.806107 -1.65374 0.741718
v -0.844379 -1.926057 0.466725
v -0.923763 -1.909184 0.466725
v -1.000026 -1.881426 0.466725
v -1.071683 -1.843325 0.466725
v -1.137341 -1.795622 0.466725
v -1.123283 -1.778869 0.473359
v -1.03689 -1.787644 0.486642
v -1.095137 -1.745326 0.486642
v -0.835241 -1.861038 0.486642
v -0.82682 -1.801117 0.518986
v -1.069197 -1.714412 0.508212
v -1.004824 -1.736329 0.518986
v -1.056242 -1.698972 0.518986
v -0.976718 -1.69135 0.562513
v -1.022149 -1.658343 0.562513
v -0.953653 -1.654437 0.61555
v -0.994171 -1.624999 0.61555
v -0.987246 -1.616746 0.635706
v -0.936513 -1.627008 0.676061
v -0.973381 -1.600222 0.676061
v -0.905665 -1.846069 0.486642
v -0.97332 -1.821445 0.486642
v -0.888986 -1.787903 0.518986
v -0.948708 -1.766166 0.518986
v -0.874367 -1.73692 0.562513
v -0.927136 -1.717714 0.562513
v -0.862369 -1.695079 0.61555
v -0.909432 -1.67795 0.61555
v -0.853454 -1.663989 0.676061
v -0.896277 -1.648402 0.676061
v -0.819438 -1.748595 0.562513
v -0.81338 -1.705492 0.61555
v -0.808879 -1.673463 0.676061
v -0.847964 -1.644843 0.741718
v -0.888176 -1.630207 0.741718
v -0.964843 -1.590047 0.719848
v -0.925959 -1.610118 0.741718
v -0.960579 -1.584965 0.741718
v -1.931718 -1.05 0.466725
v -1.909848 -1.05 0.473359
v -1.866061 -1.05 0.486642
v -1.825706 -1.05 0.508212
v -1.80555 -1.05 0.518986
v -1.752513 -1.05 0.562513
v -1.708986 -1.05 0.61555
v -1.698212 -1.05 0.635706
v -1.676642 -1.05 0.676061
v -1.66336 -1.05 0.719848
v -1.656725 -1.05 0.741718
v -1.339842 -1.359892 0.7302
v -1.35 -1.356725 0.741718
v -1.35 -1.360159 0.730398
v -1.339878 -1.360594 0.724541
v -1.35 -1.376642 0.676061
v -1.34129 -1.387735 0.65495
v -1.35 -1.387807 0.655173
v -1.34153 -1.392359 0.643095
v -1.35 -1.408986 0.61555
v -1.34359 -1.431981 0.588259
v -1.35 -1.43154 0.588068
v -1.344264 -1.444941 0.570323
v -1.35 -1.452513 0.562513
v -1.346611 -1.490073 0.533549
v -1.35 -1.489168 0.53243
v -1.35 -1.505551 0.518986
v -1.347999 -1.516778 0.511789
v -1.35 -1.555256 0.491332
v -1.293617 -1.615254 0.476437
v -1.303019 -1.62771 0.472632
v -1.321587 -1.652309 0.465118
v -1.350511 -1.690602 0.460196
v -1.152879 -1.428656 0.724541
v -1.154032 -1.430184 0.719639
v -1.172032 -1.454052 0.643095
v -1.175287 -1.458367 0.635625
v -1.203737 -1.496089 0.570323
v -1.208786 -1.502785 0.563499
v -1.247051 -1.55352 0.511789
v -1.25214 -1.560268 0.507302
v -1.270252 -1.584282 0.491332
v -1.393652 -1.353603 0.741718
v -1.396486 -1.373317 0.676061
v -1.513889 -1.608155 0.466725
v -1.591655 -1.57915 0.466725
v -1.664501 -1.539373 0.466725
v -1.730945 -1.489633 0.466725
v -1.789633 -1.430945 0.466725
v -1.839373 -1.364501 0.466725
v -1.87915 -1.291655 0.466725
v -1.908155 -1.213889 0.466725
v -1.414832 -1.500914 0.518986
v -1.423443 -1.560808 0.486642
v -1.432787 -1.625797 0.466725
v -1.35173 -1.593999 0.476437
v -1.35049 -1.566239 0.48711
v -1.356854 -1.688255 0.460196
v -1.35409 -1.640352 0.465118
v -1.353655 -1.631822 0.467201
v -1.925797 -1.132787 0.466725
v -1.860808 -1.123443 0.486642
v -1.495391 -1.545157 0.486642
v -1.564379 -1.519425 0.486642
v -1.478343 -1.487098 0.518986
v -1.539243 -1.464383 0.518986
v -1.407283 -1.448416 0.562513
v -1.463401 -1.436208 0.562513
v -1.51721 -1.416138 0.562513
v -1.800914 -1.114832 0.518986
v -1.748416 -1.107283 0.562513
v -1.705332 -1.101089 0.61555
v -1.499128 -1.376545 0.61555
v -1.451138 -1.394444 0.61555
v -1.401089 -1.405332 0.61555
v -1.673317 -1.096486 0.676061
v -1.442026 -1.363411 0.676061
v -1.485692 -1.347124 0.676061
v -1.436414 -1.344301 0.741718
v -1.477418 -1.329007 0.741718
v -1.653603 -1.093652 0.741718
v -1.644301 -1.136415 0.741718
v -1.845157 -1.195391 0.486642
v -1.787097 -1.178343 0.518986
v -1.736208 -1.163401 0.562513
v -1.694444 -1.151138 0.61555
v -1.663411 -1.142026 0.676061
v -1.819425 -1.264379 0.486642
v -1.764383 -1.239243 0.518986
v -1.716138 -1.21721 0.562513
v -1.676545 -1.199128 0.61555
v -1.647124 -1.185692 0.676061
v -1.629007 -1.177418 0.741718
v -1.608034 -1.215828 0.741718
v -1.784138 -1.329003 0.486642
v -1.733233 -1.296289 0.518986
v -1.688615 -1.267615 0.562513
v -1.651998 -1.244082 0.61555
v -1.624789 -1.226596 0.676061
v -1.740013 -1.387948 0.486642
v -1.694282 -1.348322 0.518986
v -1.654199 -1.31359 0.562513
v -1.621303 -1.285086 0.61555
v -1.59686 -1.263905 0.676061
v -1.581807 -1.250862 0.741718
v -1.550862 -1.281807 0.741718
v -1.687948 -1.440013 0.486642
v -1.648322 -1.394282 0.518986
v -1.61359 -1.354199 0.562513
v -1.585086 -1.321303 0.61555
v -1.563905 -1.29686 0.676061
v -1.629004 -1.484138 0.486642
v -1.596289 -1.433233 0.518986
v -1.567615 -1.388615 0.562513
v -1.544082 -1.351998 0.61555
v -1.526596 -1.324789 0.676061
v -1.515828 -1.308034 0.741718
v -1.296435 -1.573632 0.488867
v -1.279883 -1.539278 0.508058
v -1.309766 -1.56878 0.488867
v -1.313694 -1.526972 0.508058
v -1.323097 -1.563928 0.488867
v -1.248323 -1.473532 0.564376
v -1.295609 -1.456321 0.564376
v -1.224486 -1.423601 0.636933
v -1.209696 -1.392477 0.720638
v -1.273098 -1.3694 0.720638
v -1.281775 -1.40275 0.636933
v -1.322516 -1.604197 0.474904
v -1.337811 -1.646255 0.464624
v -1.353682 -1.689428 0.460177
v 1.831201 1.05 1.431195
v 1.831201 -1.05 1.431195
v 1.818997 1.05 1.422665
v 1.818997 -1.05 1.422665
v 1.770067 1.05 1.388467
v 1.770067 -1.05 1.388467
v 1.7498 1.05 1.366592
v 1.7498 -1.05 1.366592
v 1.719376 1.05 1.333755
v 1.719376 -1.05 1.333755
v 1.6966 1.05 1.295217
v 1.6966 -1.05 1.295217
v 1.681428 1.05 1.269544
v 1.681428 -1.05 1.269544
v 1.662635 1.05 1.212884
v 1.662635 -1.05 1.212884
v 1.657947 1.05 1.198751
v 1.657947 -1.05 1.198751
v 1.657037 1.074703 1.198551
v 1.68056 1.078031 1.269635
v 1.830422 1.124846 1.43201
v 1.830942 1.092882 1.431459
v 1.769553 1.087334 1.388822
v 1.62873 1.225555 1.242793
v 1.643523 1.234872 1.285
v 1.646553 1.227046 1.282483
v 1.736622 1.293509 1.399233
v 1.751923 1.303146 1.413109
v 1.752816 1.291663 1.410127
v 1.842471 1.360176 1.451049
v 1.787636 1.325639 1.430591
v 1.82335 1.348133 1.448074
v 1.823537 1.333793 1.446134
v 1.690588 1.264515 1.357487
v 1.618014 1.208818 1.199258
v 1.61142 1.214652 1.177989
v 1.613937 1.216237 1.200587
v 1.824473 1.298792 1.442059
v 1.824792 1.289579 1.44113
v 1.826286 1.250773 1.437802
v 1.755582 1.263134 1.403971
v 1.756388 1.255523 1.40259
v 1.759863 1.223088 1.397715
v 1.763285 1.188665 1.393996
v 1.627205 1.190304 1.197271
v 1.629436 1.185348 1.19698
v 1.637926 1.164159 1.196483
v 1.645209 1.14157 1.196777
v 1.655264 1.242267 1.303083
v 1.692496 1.255281 1.354352
v 1.697527 1.231965 1.348058
v 1.698878 1.225669 1.346683
v 1.70441 1.19856 1.341957
v 1.709579 1.169407 1.338512
v 1.713944 1.138542 1.336144
v 1.653847 1.207185 1.277729
v 1.6557 1.201802 1.276753
v 1.663 1.178547 1.273618
v 1.66953 1.153433 1.271619
v 1.674895 1.126761 1.270454
v 1.678791 1.098834 1.269848
v 1.651026 1.1178 1.197455
v 1.655173 1.093065 1.198169
v 1.829312 1.168155 1.433288
v 1.768514 1.115105 1.389568
v 1.718648 1.082307 1.334043
v 1.827872 1.210212 1.435202
v 1.766268 1.152569 1.39132
v 1.717169 1.106296 1.334658
v 1.830942 -1.092882 1.431459
v 1.769553 -1.087334 1.388822
v 1.655173 -1.093065 1.198169
v 1.657037 -1.074703 1.198551
v 1.68056 -1.078031 1.269635
v 1.651026 -1.1178 1.197455
v 1.842471 -1.360176 1.451049
v 1.82335 -1.348133 1.448074
v 1.823537 -1.333793 1.446134
v 1.787636 -1.325639 1.430591
v 1.751923 -1.303146 1.413109
v 1.752816 -1.291663 1.410127
v 1.736622 -1.293509 1.399233
v 1.690588 -1.264515 1.357487
v 1.692496 -1.255281 1.354352
v 1.655264 -1.242267 1.303083
v 1.643523 -1.234872 1.285
v 1.646553 -1.227046 1.282483
v 1.61142 -1.214652 1.177989
v 1.62873 -1.225555 1.242793
v 1.613937 -1.216237 1.200587
v 1.618014 -1.208818 1.199258
v 1.627205 -1.190304 1.197271
v 1.629436 -1.185348 1.19698
v 1.637926 -1.164159 1.196483
v 1.645209 -1.14157 1.196777
v 1.653847 -1.207185 1.277729
v 1.6557 -1.201802 1.276753
v 1.663 -1.178547 1.273618
v 1.66953 -1.153433 1.271619
v 1.674895 -1.126761 1.270454
v 1.697527 -1.231965 1.348058
v 1.698878 -1.225669 1.346683
v 1.70441 -1.19856 1.341957
v 1.709579 -1.169407 1.338512
v 1.713944 -1.138542 1.336144
v 1.717169 -1.106296 1.334658
v 1.755582 -1.263134 1.403971
v 1.756388 -1.255523 1.40259
v 1.759863 -1.223088 1.397715
v 1.763285 -1.188665 1.393996
v 1.766268 -1.152569 1.39132
v 1.768514 -1.115105 1.389568
v 1.678791 -1.098834 1.269848
v 1.718648 -1.082307 1.334043
v 1.830422 -1.124846 1.43201
v 1.829312 -1.168155 1.433288
v 1.827872 -1.210212 1.435202
v 1.826286 -1.250773 1.437802
v 1.824792 -1.289579 1.44113
v 1.824473 -1.298792 1.442059
v 1.347844 1.513791 1.406355
v 1.35 1.555256 1.428668
v 1.35 1.505551 1.401014
v 1.346607 1.490004 1.386578
v 1.35 1.489168 1.387569
v 1.344143 1.44262 1.347183
v 1.35 1.452513 1.357487
v 1.343581 1.431797 1.331897
v 1.35 1.356725 1.178282
v 1.339823 1.359524 1.189847
v 1.35 1.360159 1.189602
v 1.339838 1.359818 1.192319
v 1.35 1.376642 1.243939
v 1.341275 1.387451 1.265171
v 1.35 1.387807 1.264827
v 1.341449 1.390797 1.273992
v 1.35 1.408986 1.30445
v 1.35 1.43154 1.331932
v 1.583372 1.249042 1.178282
v 1.792601 1.427493 1.453275
v 1.733803 1.48714 1.453275
v 1.667049 1.537725 1.453275
v 1.593723 1.5782 1.453275
v 1.515344 1.607725 1.453275
v 1.356854 1.688255 1.459804
v 1.35409 1.640352 1.454882
v 1.433538 1.625689 1.453275
v 1.353655 1.631822 1.452799
v 1.35173 1.593999 1.443563
v 1.424109 1.560712 1.433358
v 1.35049 1.566239 1.43289
v 1.41542 1.500829 1.401014
v 1.696606 1.345619 1.401014
v 1.742645 1.384886 1.433358
v 1.407803 1.448341 1.357487
v 1.401552 1.405265 1.30445
v 1.396908 1.373257 1.243939
v 1.690484 1.437801 1.433358
v 1.631264 1.482677 1.433358
v 1.650561 1.392329 1.401014
v 1.598285 1.431943 1.401014
v 1.615568 1.352473 1.357487
v 1.569378 1.387475 1.357487
v 1.58685 1.319764 1.30445
v 1.545655 1.350981 1.30445
v 1.56551 1.29546 1.243939
v 1.528027 1.323864 1.243939
v 1.55237 1.280493 1.178282
v 1.517172 1.307165 1.178282
v 1.656252 1.311201 1.357487
v 1.623134 1.282956 1.30445
v 1.598526 1.261967 1.243939
v 1.394047 1.353546 1.178282
v 1.437182 1.344074 1.178282
v 1.496682 1.544776 1.433358
v 1.479483 1.486761 1.401014
v 1.464408 1.435911 1.357487
v 1.452036 1.394179 1.30445
v 1.442843 1.36317 1.243939
v 1.566214 1.518583 1.433358
v 1.540862 1.46364 1.401014
v 1.518641 1.415481 1.357487
v 1.500404 1.375959 1.30445
v 1.486853 1.346591 1.243939
v 1.478509 1.328506 1.178282
v 1.394047 -1.353546 1.178282
v 1.35 -1.356725 1.178282
v 1.35 -1.360159 1.189602
v 1.35 -1.387807 1.264827
v 1.35 -1.376642 1.243939
v 1.396908 -1.373257 1.243939
v 1.515344 -1.607725 1.453275
v 1.593723 -1.5782 1.453275
v 1.667049 -1.537725 1.453275
v 1.733803 -1.48714 1.453275
v 1.41542 -1.500829 1.401014
v 1.424109 -1.560712 1.433358
v 1.35 -1.555256 1.428668
v 1.433538 -1.625689 1.453275
v 1.35173 -1.593999 1.443563
v 1.35049 -1.566239 1.43289
v 1.356854 -1.688255 1.459804
v 1.35409 -1.640352 1.454882
v 1.353655 -1.631822 1.452799
v 1.792601 -1.427493 1.453275
v 1.496682 -1.544776 1.433358
v 1.566214 -1.518583 1.433358
v 1.479483 -1.486761 1.401014
v 1.540862 -1.46364 1.401014
v 1.407803 -1.448341 1.357487
v 1.464408 -1.435911 1.357487
v 1.518641 -1.415481 1.357487
v 1.623134 -1.282956 1.30445
v 1.656252 -1.311201 1.357487
v 1.696606 -1.345619 1.401014
v 1.742645 -1.384886 1.433358
v 1.500404 -1.375959 1.30445
v 1.452036 -1.394179 1.30445
v 1.401552 -1.405265 1.30445
v 1.35 -1.505551 1.401014
v 1.35 -1.489168 1.387569
v 1.35 -1.452513 1.357487
v 1.35 -1.43154 1.331932
v 1.35 -1.408986 1.30445
v 1.442843 -1.36317 1.243939
v 1.486853 -1.346591 1.243939
v 1.437182 -1.344074 1.178282
v 1.478509 -1.328506 1.178282
v 1.598526 -1.261967 1.243939
v 1.583372 -1.249042 1.178282
v 1.55237 -1.280493 1.178282
v 1.690484 -1.437801 1.433358
v 1.650561 -1.392329 1.401014
v 1.615568 -1.352473 1.357487
v 1.58685 -1.319764 1.30445
v 1.56551 -1.29546 1.243939
v 1.631264 -1.482677 1.433358
v 1.598285 -1.431943 1.401014
v 1.569378 -1.387475 1.357487
v 1.545655 -1.350981 1.30445
v 1.528027 -1.323864 1.243939
v 1.517172 -1.307165 1.178282
v 1.339823 -1.359524 1.189847
v 1.339838 -1.359818 1.192319
v 1.341275 -1.387451 1.265171
v 1.341449 -1.390797 1.273992
v 1.343581 -1.431797 1.331897
v 1.344143 -1.44262 1.347183
v 1.346607 -1.490004 1.386578
v 1.347844 -1.513791 1.406355
v 1.295011 1.453994 1.353181
v 1.247286 1.471364 1.353181
v 1.278589 1.53659 1.410187
v 1.312957 1.524081 1.410187
v 1.223767 1.422089 1.280113
v 1.152411 1.428036 1.192319
v 1.209331 1.391707 1.196097
v 1.272883 1.368576 1.196097
v 1.281354 1.401129 1.280113
v 1.154224 1.43044 1.200246
v 1.17109 1.452803 1.273992
v 1.175447 1.45858 1.284198
v 1.202337 1.494233 1.347183
v 1.208919 1.50296 1.356258
v 1.24525 1.551132 1.406355
v 1.25219 1.560334 1.412549
v 1.323097 1.563928 1.431133
v 1.309766 1.56878 1.431133
v 1.296435 1.573632 1.431133
v 1.270252 1.584282 1.428668
v 1.353682 1.689428 1.459823
v 1.350511 1.690602 1.459804
v 1.337811 1.646255 1.455376
v 1.293617 1.615254 1.443563
v 1.322516 1.604197 1.445096
v 1.303019 1.62771 1.447368
v 1.321587 1.652309 1.454882
v 1.296569 -1.573863 1.430517
v 1.309721 -1.568656 1.431442
v 1.322516 -1.604197 1.445096
v 1.323142 -1.564191 1.430517
v 1.337811 -1.646255 1.455376
v 1.353682 -1.689428 1.459823
v 1.270252 -1.584282 1.428668
v 1.293617 -1.615254 1.443563
v 1.303019 -1.62771 1.447368
v 1.321587 -1.652309 1.454882
v 1.350511 -1.690602 1.459804
v 1.25219 -1.560334 1.412549
v 1.24525 -1.551132 1.406355
v 1.278589 -1.53659 1.410187
v 1.208919 -1.50296 1.356258
v 1.202337 -1.494233 1.347183
v 1.247286 -1.471364 1.353181
v 1.295011 -1.453994 1.353181
v 1.312957 -1.524081 1.410187
v 1.175447 -1.45858 1.284198
v 1.17109 -1.452803 1.273992
v 1.223767 -1.422089 1.280113
v 1.281354 -1.401129 1.280113
v 1.272883 -1.368576 1.196097
v 1.154224 -1.43044 1.200246
v 1.152411 -1.428036 1.192319
v 1.209331 -1.391707 1.196097
v 0.960579 1.584965 1.178282
v 0.964843 1.590047 1.200152
v 0.973381 1.600222 1.243939
v 0.987246 1.616746 1.284294
v 0.994171 1.624999 1.30445
v 1.022149 1.658343 1.357487
v 1.137341 1.795622 1.453275
v 1.123283 1.778869 1.446641
v 1.095137 1.745326 1.433358
v 1.069197 1.714412 1.411788
v 1.056242 1.698972 1.401014
v 1.137341 -1.795622 1.453275
v 1.123283 -1.778869 1.446641
v 1.095137 -1.745326 1.433358
v 0.960579 -1.584965 1.178282
v 0.964843 -1.590047 1.200152
v 0.973381 -1.600222 1.243939
v 0.987246 -1.616746 1.284294
v 0.994171 -1.624999 1.30445
v 1.022149 -1.658343 1.357487
v 1.056242 -1.698972 1.401014
v 1.069197 -1.714412 1.411788
v 0.925959 1.610118 1.178282
v 1.071683 1.843325 1.453275
v 1.000026 1.881426 1.453275
v 0.923763 1.909184 1.453275
v 0.844379 1.926057 1.453275
v 0.763419 1.931718 1.453275
v 0.763419 1.909848 1.446641
v 0.835241 1.861038 1.433358
v 0.763419 1.866061 1.433358
v 1.03689 1.787644 1.433358
v 1.004824 1.736329 1.401014
v 0.763419 1.825706 1.411788
v 0.82682 1.801117 1.401014
v 0.763419 1.80555 1.401014
v 0.819438 1.748595 1.357487
v 0.763419 1.752513 1.357487
v 0.81338 1.705492 1.30445
v 0.763419 1.708986 1.30445
v 0.763419 1.698212 1.284294
v 0.808879 1.673463 1.243939
v 0.763419 1.676642 1.243939
v 0.97332 1.821445 1.433358
v 0.905665 1.846069 1.433358
v 0.948708 1.766166 1.401014
v 0.888986 1.787903 1.401014
v 0.927136 1.717714 1.357487
v 0.874367 1.73692 1.357487
v 0.909432 1.67795 1.30445
v 0.862369 1.695079 1.30445
v 0.896277 1.648402 1.243939
v 0.853454 1.663989 1.243939
v 0.976718 1.69135 1.357487
v 0.953653 1.654437 1.30445
v 0.936513 1.627008 1.243939
v 0.888176 1.630207 1.178282
v 0.847964 1.644843 1.178282
v 0.763419 1.66336 1.200152
v 0.806107 1.65374 1.178282
v 0.763419 1.656725 1.178282
v 0.806107 -1.65374 1.178282
v 0.763419 -1.656725 1.178282
v 0.763419 -1.66336 1.200152
v 0.763419 -1.931718 1.453275
v 0.844379 -1.926057 1.453275
v 0.923763 -1.909184 1.453275
v 1.000026 -1.881426 1.453275
v 1.071683 -1.843325 1.453275
v 1.03689 -1.787644 1.433358
v 0.763419 -1.909848 1.446641
v 0.835241 -1.861038 1.433358
v 0.763419 -1.866061 1.433358
v 0.763419 -1.825706 1.411788
v 0.82682 -1.801117 1.401014
v 1.004824 -1.736329 1.401014
v 0.976718 -1.69135 1.357487
v 0.953653 -1.654437 1.30445
v 0.936513 -1.627008 1.243939
v 0.905665 -1.846069 1.433358
v 0.97332 -1.821445 1.433358
v 0.888986 -1.787903 1.401014
v 0.948708 -1.766166 1.401014
v 0.874367 -1.73692 1.357487
v 0.927136 -1.717714 1.357487
v 0.862369 -1.695079 1.30445
v 0.909432 -1.67795 1.30445
v 0.853454 -1.663989 1.243939
v 0.896277 -1.648402 1.243939
v 0.819438 -1.748595 1.357487
v 0.81338 -1.705492 1.30445
v 0.808879 -1.673463 1.243939
v 0.763419 -1.676642 1.243939
v 0.763419 -1.698212 1.284294
v 0.763419 -1.708986 1.30445
v 0.763419 -1.752513 1.357487
v 0.763419 -1.80555 1.401014
v 0.847964 -1.644843 1.178282
v 0.888176 -1.630207 1.178282
v 0.925959 -1.610118 1.178282
v -0.763419 1.931718 1.453275
v -0.763419 1.909848 1.446641
v -0.763419 1.866061 1.433358
v -0.763419 1.825706 1.411788
v -0.763419 1.80555 1.401014
v -0.763419 1.752513 1.357487
v -0.763419 1.708986 1.30445
v -0.763419 1.698212 1.284294
v -0.763419 1.676642 1.243939
v -0.763419 1.66336 1.200152
v -0.763419 1.656725 1.178282
v -0.763419 -1.656725 1.178282
v -0.763419 -1.66336 1.200152
v -0.763419 -1.676642 1.243939
v -0.763419 -1.698212 1.284294
v -0.763419 -1.708986 1.30445
v -0.763419 -1.752513 1.357487
v -0.763419 -1.80555 1.401014
v -0.763419 -1.825706 1.411788
v -0.763419 -1.866061 1.433358
v -0.763419 -1.909848 1.446641
v -0.763419 -1.931718 1.453275
v -0.806107 1.65374 1.178282
v -0.844379 1.926057 1.453275
v -0.923763 1.909184 1.453275
v -1.000026 1.881426 1.453275
v -1.071683 1.843325 1.453275
v -1.137341 1.795622 1.453275
v -1.123283 1.778869 1.446641
v -1.03689 1.787644 1.433358
v -1.095137 1.745326 1.433358
v -0.835241 1.861038 1.433358
v -0.82682 1.801117 1.401014
v -1.069197 1.714412 1.411788
v -1.004824 1.736329 1.401014
v -1.056242 1.698972 1.401014
v -0.976718 1.69135 1.357487
v -1.022149 1.658343 1.357487
v -0.953653 1.654437 1.30445
v -0.994171 1.624999 1.30445
v -0.987246 1.616746 1.284294
v -0.936513 1.627008 1.243939
v -0.973381 1.600222 1.243939
v -0.905665 1.846069 1.433358
v -0.97332 1.821445 1.433358
v -0.888986 1.787903 1.401014
v -0.948708 1.766166 1.401014
v -0.874367 1.73692 1.357487
v -0.927136 1.717714 1.357487
v -0.862369 1.695079 1.30445
v -0.909432 1.67795 1.30445
v -0.853454 1.663989 1.243939
v -0.896277 1.648402 1.243939
v -0.819438 1.748595 1.357487
v -0.81338 1.705492 1.30445
v -0.808879 1.673463 1.243939
v -0.847964 1.644843 1.178282
v -0.888176 1.630207 1.178282
v -0.964843 1.590047 1.200152
v -0.925959 1.610118 1.178282
v -0.960579 1.584965 1.178282
v -0.925959 -1.610118 1.178282
v -0.960579 -1.584965 1.178282
v -0.964843 -1.590047 1.200152
v -1.137341 -1.795622 1.453275
v -1.071683 -1.843325 1.453275
v -1.000026 -1.881426 1.453275
v -0.923763 -1.909184 1.453275
v -0.844379 -1.926057 1.453275
v -0.835241 -1.861038 1.433358
v -1.123283 -1.778869 1.446641
v -1.03689 -1.787644 1.433358
v -1.095137 -1.745326 1.433358
v -1.069197 -1.714412 1.411788
v -1.004824 -1.736329 1.401014
v -0.82682 -1.801117 1.401014
v -0.819438 -1.748595 1.357487
v -0.81338 -1.705492 1.30445
v -0.808879 -1.673463 1.243939
v -0.97332 -1.821445 1.433358
v -0.905665 -1.846069 1.433358
v -0.948708 -1.766166 1.401014
v -0.888986 -1.787903 1.401014
v -0.927136 -1.717714 1.357487
v -0.874367 -1.73692 1.357487
v -0.909432 -1.67795 1.30445
v -0.862369 -1.695079 1.30445
v -0.896277 -1.648402 1.243939
v -0.853454 -1.663989 1.243939
v -0.976718 -1.69135 1.357487
v -0.953653 -1.654437 1.30445
v -0.936513 -1.627008 1.243939
v -0.973381 -1.600222 1.243939
v -0.987246 -1.616746 1.284294
v -0.994171 -1.624999 1.30445
v -1.022149 -1.658343 1.357487
v -1.056242 -1.698972 1.401014
v -0.888176 -1.630207 1.178282
v -0.847964 -1.644843 1.178282
v -0.806107 -1.65374 1.178282
v -1.25219 1.560334 1.412549
v -1.24525 1.551132 1.406355
v -1.278589 1.53659 1.410187
v -1.208919 1.50296 1.356258
v -1.202337 1.494233 1.347183
v -1.247286 1.471364 1.353181
v -1.295011 1.453994 1.353181
v -1.312957 1.524081 1.410187
v -1.175447 1.45858 1.284198
v -1.17109 1.452803 1.273992
v -1.223767 1.422089 1.280113
v -1.341275 1.387451 1.265171
v -1.341449 1.390797 1.273992
v -1.281354 1.401129 1.280113
v -1.339838 1.359818 1.192319
v -1.272883 1.368576 1.196097
v -1.339823 1.359524 1.189847
v -1.154224 1.43044 1.200246
v -1.152411 1.428036 1.192319
v -1.209331 1.391707 1.196097
v -1.343581 1.431797 1.331897
v -1.344143 1.44262 1.347183
v -1.346607 1.490004 1.386578
v -1.347844 1.513791 1.406355
v -1.35 1.555256 1.428668
v -1.270252 1.584282 1.428668
v -1.296435 1.573632 1.431133
v -1.309766 1.56878 1.431133
v -1.323097 1.563928 1.431133
v -1.293617 1.615254 1.443563
v -1.303019 1.62771 1.447368
v -1.321587 1.652309 1.454882
v -1.350511 1.690602 1.459804
v -1.321587 -1.652309 1.454882
v -1.350511 -1.690602 1.459804
v -1.152411 -1.428036 1.192319
v -1.154224 -1.43044 1.200246
v -1.17109 -1.452803 1.273992
v -1.175447 -1.45858 1.284198
v -1.202337 -1.494233 1.347183
v -1.303019 -1.62771 1.447368
v -1.293617 -1.615254 1.443563
v -1.270252 -1.584282 1.428668
v -1.25219 -1.560334 1.412549
v -1.24525 -1.551132 1.406355
v -1.208919 -1.50296 1.356258
v -1.346607 -1.490004 1.386578
v -1.344143 -1.44262 1.347183
v -1.295011 -1.453994 1.353181
v -1.247286 -1.471364 1.353181
v -1.278589 -1.53659 1.410187
v -1.312957 -1.524081 1.410187
v -1.223767 -1.422089 1.280113
v -1.339823 -1.359524 1.189847
v -1.209331 -1.391707 1.196097
v -1.272883 -1.368576 1.196097
v -1.281354 -1.401129 1.280113
v -1.343581 -1.431797 1.331897
v -1.341449 -1.390797 1.273992
v -1.341275 -1.387451 1.265171
v -1.339838 -1.359818 1.192319
v -1.347844 -1.513791 1.406355
v -1.35 -1.555256 1.428668
v -1.323097 -1.563928 1.431133
v -1.309766 -1.56878 1.431133
v -1.296435 -1.573632 1.431133
v -1.35 1.356725 1.178282
v -1.35 1.360159 1.189602
v -1.35 1.376642 1.243939
v -1.35 1.387807 1.264827
v -1.35 1.408986 1.30445
v -1.35 1.43154 1.331932
v -1.35 1.452513 1.357487
v -1.35 1.489168 1.387569
v -1.35 1.505551 1.401014
v -1.322516 1.604197 1.445096
v -1.35049 1.566239 1.43289
v -1.353655 1.631822 1.452799
v -1.337811 1.646255 1.455376
v -1.35173 1.593999 1.443563
v -1.35409 1.640352 1.454882
v -1.356854 1.688255 1.459804
v -1.353682 1.689428 1.459823
v -1.353682 -1.689428 1.459823
v -1.337811 -1.646255 1.455376
v -1.322516 -1.604197 1.445096
v -1.35049 -1.566239 1.43289
v -1.35173 -1.593999 1.443563
v -1.353655 -1.631822 1.452799
v -1.35409 -1.640352 1.454882
v -1.356854 -1.688255 1.459804
v -1.35 -1.505551 1.401014
v -1.35 -1.489168 1.387569
v -1.35 -1.452513 1.357487
v -1.35 -1.356725 1.178282
v -1.35 -1.360159 1.189602
v -1.35 -1.376642 1.243939
v -1.35 -1.387807 1.264827
v -1.35 -1.408986 1.30445
v -1.35 -1.43154 1.331932
v -1.394047 1.353546 1.178282
v -1.396908 1.373257 1.243939
v -1.515344 1.607725 1.453275
v -1.593723 1.5782 1.453275
v -1.667049 1.537725 1.453275
v -1.733803 1.48714 1.453275
v -1.41542 1.500829 1.401014
v -1.424109 1.560712 1.433358
v -1.433538 1.625689 1.453275
v -1.792601 1.427493 1.453275
v -1.842471 1.360176 1.451049
v -1.496682 1.544776 1.433358
v -1.566214 1.518583 1.433358
v -1.479483 1.486761 1.401014
v -1.540862 1.46364 1.401014
v -1.407803 1.448341 1.357487
v -1.464408 1.435911 1.357487
v -1.518641 1.415481 1.357487
v -1.643523 1.234872 1.285
v -1.655264 1.242267 1.303083
v -1.623134 1.282956 1.30445
v -1.690588 1.264515 1.357487
v -1.656252 1.311201 1.357487
v -1.736622 1.293509 1.399233
v -1.696606 1.345619 1.401014
v -1.751923 1.303146 1.413109
v -1.742645 1.384886 1.433358
v -1.787636 1.325639 1.430591
v -1.82335 1.348133 1.448074
v -1.500404 1.375959 1.30445
v -1.452036 1.394179 1.30445
v -1.401552 1.405265 1.30445
v -1.442843 1.36317 1.243939
v -1.486853 1.346591 1.243939
v -1.437182 1.344074 1.178282
v -1.478509 1.328506 1.178282
v -1.62873 1.225555 1.242793
v -1.598526 1.261967 1.243939
v -1.613937 1.216237 1.200587
v -1.583372 1.249042 1.178282
v -1.61142 1.214652 1.177989
v -1.55237 1.280493 1.178282
v -1.690484 1.437801 1.433358
v -1.650561 1.392329 1.401014
v -1.615568 1.352473 1.357487
v -1.58685 1.319764 1.30445
v -1.56551 1.29546 1.243939
v -1.631264 1.482677 1.433358
v -1.598285 1.431943 1.401014
v -1.569378 1.387475 1.357487
v -1.545655 1.350981 1.30445
v -1.528027 1.323864 1.243939
v -1.517172 1.307165 1.178282
v -1.583372 -1.249042 1.178282
v -1.61142 -1.214652 1.177989
v -1.792601 -1.427493 1.453275
v -1.733803 -1.48714 1.453275
v -1.667049 -1.537725 1.453275
v -1.593723 -1.5782 1.453275
v -1.515344 -1.607725 1.453275
v -1.433538 -1.625689 1.453275
v -1.424109 -1.560712 1.433358
v -1.41542 -1.500829 1.401014
v -1.751923 -1.303146 1.413109
v -1.696606 -1.345619 1.401014
v -1.787636 -1.325639 1.430591
v -1.742645 -1.384886 1.433358
v -1.82335 -1.348133 1.448074
v -1.842471 -1.360176 1.451049
v -1.407803 -1.448341 1.357487
v -1.401552 -1.405265 1.30445
v -1.396908 -1.373257 1.243939
v -1.690484 -1.437801 1.433358
v -1.631264 -1.482677 1.433358
v -1.650561 -1.392329 1.401014
v -1.598285 -1.431943 1.401014
v -1.615568 -1.352473 1.357487
v -1.569378 -1.387475 1.357487
v -1.58685 -1.319764 1.30445
v -1.545655 -1.350981 1.30445
v -1.56551 -1.29546 1.243939
v -1.528027 -1.323864 1.243939
v -1.55237 -1.280493 1.178282
v -1.517172 -1.307165 1.178282
v -1.656252 -1.311201 1.357487
v -1.623134 -1.282956 1.30445
v -1.598526 -1.261967 1.243939
v -1.736622 -1.293509 1.399233
v -1.690588 -1.264515 1.357487
v -1.655264 -1.242267 1.303083
v -1.643523 -1.234872 1.285
v -1.62873 -1.225555 1.242793
v -1.613937 -1.216237 1.200587
v -1.394047 -1.353546 1.178282
v -1.437182 -1.344074 1.178282
v -1.496682 -1.544776 1.433358
v -1.479483 -1.486761 1.401014
v -1.464408 -1.435911 1.357487
v -1.452036 -1.394179 1.30445
v -1.442843 -1.36317 1.243939
v -1.566214 -1.518583 1.433358
v -1.540862 -1.46364 1.401014
v -1.518641 -1.415481 1.357487
v -1.500404 -1.375959 1.30445
v -1.486853 -1.346591 1.243939
v -1.478509 -1.328506 1.178282
v -1.818997 1.05 1.422665
v -1.831201 1.05 1.431195
v -1.830942 1.092882 1.431459
v -1.7498 1.05 1.366592
v -1.770067 1.05 1.388467
v -1.769553 1.087334 1.388822
v -1.655173 1.093065 1.198169
v -1.657037 1.074703 1.198551
v -1.68056 1.078031 1.269635
v -1.651026 1.1178 1.197455
v -1.823537 1.333793 1.446134
v -1.752816 1.291663 1.410127
v -1.692496 1.255281 1.354352
v -1.646553 1.227046 1.282483
v -1.618014 1.208818 1.199258
v -1.627205 1.190304 1.197271
v -1.629436 1.185348 1.19698
v -1.637926 1.164159 1.196483
v -1.645209 1.14157 1.196777
v -1.653847 1.207185 1.277729
v -1.6557 1.201802 1.276753
v -1.663 1.178547 1.273618
v -1.66953 1.153433 1.271619
v -1.674895 1.126761 1.270454
v -1.697527 1.231965 1.348058
v -1.698878 1.225669 1.346683
v -1.70441 1.19856 1.341957
v -1.709579 1.169407 1.338512
v -1.713944 1.138542 1.336144
v -1.717169 1.106296 1.334658
v -1.755582 1.263134 1.403971
v -1.756388 1.255523 1.40259
v -1.759863 1.223088 1.397715
v -1.763285 1.188665 1.393996
v -1.766268 1.152569 1.39132
v -1.768514 1.115105 1.389568
v -1.657947 1.05 1.198751
v -1.662635 1.05 1.212884
v -1.681428 1.05 1.269544
v -1.6966 1.05 1.295217
v -1.678791 1.098834 1.269848
v -1.718648 1.082307 1.334043
v -1.719376 1.05 1.333755
v -1.830422 1.124846 1.43201
v -1.829312 1.168155 1.433288
v -1.827872 1.210212 1.435202
v -1.826286 1.250773 1.437802
v -1.824792 1.289579 1.44113
v -1.824473 1.298792 1.442059
v -1.662635 -1.05 1.212884
v -1.657947 -1.05 1.198751
v -1.657037 -1.074703 1.198551
v -1.6966 -1.05 1.295217
v -1.681428 -1.05 1.269544
v -1.68056 -1.078031 1.269635
v -1.830422 -1.124846 1.43201
v -1.830942 -1.092882 1.431459
v -1.769553 -1.087334 1.388822
v -1.646553 -1.227046 1.282483
v -1.752816 -1.291663 1.410127
v -1.823537 -1.333793 1.446134
v -1.618014 -1.208818 1.199258
v -1.824473 -1.298792 1.442059
v -1.824792 -1.289579 1.44113
v -1.826286 -1.250773 1.437802
v -1.755582 -1.263134 1.403971
v -1.756388 -1.255523 1.40259
v -1.759863 -1.223088 1.397715
v -1.763285 -1.188665 1.393996
v -1.627205 -1.190304 1.197271
v -1.629436 -1.185348 1.19698
v -1.637926 -1.164159 1.196483
v -1.645209 -1.14157 1.196777
v -1.692496 -1.255281 1.354352
v -1.697527 -1.231965 1.348058
v -1.698878 -1.225669 1.346683
v -1.70441 -1.19856 1.341957
v -1.709579 -1.169407 1.338512
v -1.713944 -1.138542 1.336144
v -1.653847 -1.207185 1.277729
v -1.6557 -1.201802 1.276753
v -1.663 -1.178547 1.273618
v -1.66953 -1.153433 1.271619
v -1.674895 -1.126761 1.270454
v -1.678791 -1.098834 1.269848
v -1.651026 -1.1178 1.197455
v -1.655173 -1.093065 1.198169
v -1.831201 -1.05 1.431195
v -1.818997 -1.05 1.422665
v -1.770067 -1.05 1.388467
v -1.7498 -1.05 1.366592
v -1.829312 -1.168155 1.433288
v -1.768514 -1.115105 1.389568
v -1.718648 -1.082307 1.334043
v -1.719376 -1.05 1.333755
v -1.827872 -1.210212 1.435202
v -1.766268 -1.152569 1.39132
v -1.717169 -1.106296 1.334658
v 1.307269 -1.734425 0.180183
v 1.303182 -1.737656 0.177615
v 1.428282 -1.69317 0.195883
v 1.374076 -1.701019 0.203238
v 1.382653 -1.698854 0.203449
v 1.39251 -1.696368 0.203691
v 1.393156 -1.696268 0.203615
v 1.40353 -1.694673 0.202394
v 1.413333 -1.694077 0.199815
v 1.331663 -1.718301 0.193442
v 1.337643 -1.715483 0.195321
v 1.352646 -1.708413 0.200035
v 1.356704 -1.706501 0.201309
v 1.36733 -1.702721 0.203072
v 1.331628 -1.718323 0.193425
v 1.316911 -1.727429 0.186151
v 1.469062 -1.693756 0.178817
v 1.43032 -1.693181 0.195261
v -1.297845 -1.742122 0.174532
v -1.300295 -1.740042 0.175798
v -1.304335 -1.736729 0.178337
v -1.30727 -1.734425 0.180181
v -1.331123 -1.718723 0.193064
v -1.329584 -1.719482 0.192538
v -1.351181 -1.708835 0.199912
v -1.337659 -1.715501 0.195295
v -1.407942 -1.694487 0.201121
v -1.389184 -1.697006 0.203891
v -1.387537 -1.697392 0.203891
v -1.382576 -1.698555 0.203892
v -1.376977 -1.699867 0.203893
v -1.367912 -1.70295 0.202582
v -1.352452 -1.708208 0.200346
v -1.428282 -1.69317 0.19588
v -1.41434 -1.693628 0.200176
v -1.46906 -1.693756 0.178815
v -1.43032 -1.693182 0.195259
v -1.996386 -1.4 0.10349
v -1.990691 -1.457822 0.10349
v -1.946436 -1.564663 0.10349
v -1.985073 -1.476342 0.10349
v -1.973825 -1.513422 0.10349
v -1.955559 -1.547595 0.10349
v -1.909577 -1.609577 0.10349
v -1.864663 -1.646436 0.10349
v -1.7 -1.696386 0.10349
v -1.757822 -1.690691 0.10349
v -1.847595 -1.655559 0.10349
v -1.813422 -1.673825 0.10349
v -1.776342 -1.685073 0.10349
v -1.43032 -1.696386 0.10349
v -1.394963 -1.699479 0.10349
v -1.383542 -1.70254 0.10349
v -1.36068 -1.708665 0.10349
v -1.339229 -1.718668 0.10349
v -1.29944 -1.744023 0.10349
v -1.328513 -1.723665 0.10349
v -1.05344 -1.95044 0.10349
v -1.015344 -1.975497 0.10349
v -0.972496 -1.991092 0.10349
v -0.927206 -1.996386 0.10349
v -0.903614 -1.996386 0.10349
v -0.903614 1.996386 0.10349
v -0.902817 -1.994562 0.080674
v -0.902056 -1.987597 0.058871
v -0.90137 1.975858 0.039223
v -0.902056 1.987597 0.058871
v -0.902817 1.994562 0.080674
v -0.90137 -1.975858 0.039223
v -0.900795 -1.959959 0.022758
v -0.900361 -1.940732 0.01034
v -0.900091 1.919185 0.002619
v -0.900361 1.940732 0.01034
v -0.900795 1.959959 0.022758
v -0.900091 -1.919185 0.002619
v -0.9 -1.896447 0.0
v -0.9 1.896447 0.0
v -0.927206 1.996386 0.10349
v -0.972496 1.991092 0.10349
v -1.015344 1.975497 0.10349
v -1.05344 1.95044 0.10349
v -1.757822 1.690691 0.10349
v -1.864663 1.646436 0.10349
v -1.776342 1.685073 0.10349
v -1.813422 1.673825 0.10349
v -1.847595 1.655559 0.10349
v -1.909577 1.609577 0.10349
v -1.946436 1.564663 0.10349
v -1.996386 1.4 0.10349
v -1.990691 1.457822 0.10349
v -1.955559 1.547595 0.10349
v -1.973825 1.513422 0.10349
v -1.985073 1.476342 0.10349
v -0.927206 1.896447 0.0
v -1.278544 -1.637115 0.0
v -1.2352 -1.667465 0.0
v -1.377609 -1.601059 0.0
v -1.326499 -1.614753 0.0
v -0.989201 1.873883 0.0
v -0.927206 -1.896447 0.0
v -0.949448 -1.893847 0.0
v -0.970491 -1.886188 0.0
v -0.989201 -1.873883 0.0
v -0.970491 1.886188 0.0
v -0.949448 1.893847 0.0
v -1.738325 1.592672 0.0
v -1.896447 1.4 0.0
v -1.896447 -1.4 0.0
v -1.738325 -1.592672 0.0
v -1.7 -1.596447 0.0
v -1.43032 -1.596447 0.0
v -1.838909 1.538909 0.0
v -1.80914 1.56334 0.0
v -1.86334 1.50914 0.0
v -1.775177 1.581493 0.0
v -1.881493 1.475177 0.0
v -1.775177 -1.581493 0.0
v -1.80914 -1.56334 0.0
v -1.838909 -1.538909 0.0
v -1.86334 -1.50914 0.0
v -1.881493 -1.475177 0.0
v -1.892672 -1.438325 0.0
v -1.892672 1.438325 0.0
v 0.927206 -1.996386 0.10349
v 0.972496 -1.991092 0.10349
v 1.015344 -1.975497 0.10349
v 1.05344 -1.95044 0.10349
v 1.29944 -1.744023 0.10349
v 1.339229 -1.718668 0.10349
v 1.328513 -1.723665 0.10349
v 1.36068 -1.708665 0.10349
v 1.383542 -1.70254 0.10349
v 1.394963 -1.699479 0.10349
v 1.43032 -1.696386 0.10349
v 1.7 -1.696386 0.10349
v 1.757822 -1.690691 0.10349
v 1.864663 -1.646436 0.10349
v 1.776342 -1.685073 0.10349
v 1.813422 -1.673825 0.10349
v 1.847595 -1.655559 0.10349
v 1.909577 -1.609577 0.10349
v 1.946436 -1.564663 0.10349
v 1.996386 -1.4 0.10349
v 1.990691 -1.457822 0.10349
v 1.955559 -1.547595 0.10349
v 1.973825 -1.513422 0.10349
v 1.985073 -1.476342 0.10349
v 1.996386 1.4 0.10349
v 1.990691 1.457822 0.10349
v 1.946436 1.564663 0.10349
v 1.985073 1.476342 0.10349
v 1.973825 1.513422 0.10349
v 1.955559 1.547595 0.10349
v 1.909577 1.609577 0.10349
v 1.864663 1.646436 0.10349
v 1.757822 1.690691 0.10349
v 1.847595 1.655559 0.10349
v 1.813422 1.673825 0.10349
v 1.776342 1.685073 0.10349
v 1.05344 1.95044 0.10349
v 1.015344 1.975497 0.10349
v 0.972496 1.991092 0.10349
v 0.927206 1.996386 0.10349
v 0.903614 1.996386 0.10349
v 0.903614 -1.996386 0.10349
v 0.902817 1.994562 0.080674
v 0.902056 1.987597 0.058871
v 0.90137 -1.975858 0.039223
v 0.902056 -1.987597 0.058871
v 0.902817 -1.994562 0.080674
v 0.90137 1.975858 0.039223
v 0.900795 1.959959 0.022758
v 0.900361 1.940732 0.01034
v 0.900091 -1.919185 0.002619
v 0.900361 -1.940732 0.01034
v 0.900795 -1.959959 0.022758
v 0.900091 1.919185 0.002619
v 0.9 1.896447 0.0
v 0.9 -1.896447 0.0
v 0.927206 -1.896447 0.0
v 1.278544 -1.637115 0.0
v 1.326499 -1.614753 0.0
v 1.43032 -1.596447 0.0
v 1.377609 -1.601059 0.0
v 1.2352 -1.667465 0.0
v 0.989201 -1.873883 0.0
v 0.970491 -1.886188 0.0
v 0.949448 -1.893847 0.0
v 0.927206 1.896447 0.0
v 0.949448 1.893847 0.0
v 0.970491 1.886188 0.0
v 0.989201 1.873883 0.0
v 1.896447 1.4 0.0
v 1.7 -1.596447 0.0
v 1.896447 -1.4 0.0
v 1.881493 1.475177 0.0
v 1.775177 1.581493 0.0
v 1.86334 1.50914 0.0
v 1.80914 1.56334 0.0
v 1.838909 1.538909 0.0
v 1.738325 1.592672 0.0
v 1.892672 1.438325 0.0
v 1.892672 -1.438325 0.0
v 1.881493 -1.475177 0.0
v 1.86334 -1.50914 0.0
v 1.838909 -1.538909 0.0
v 1.80914 -1.56334 0.0
v 1.775177 -1.581493 0.0
v 1.738325 -1.592672 0.0
v -0.927206 1.919185 0.002619
v -0.927206 1.940732 0.01034
v -0.927206 1.959959 0.022758
v -0.927206 1.975858 0.039223
v -0.927206 1.987597 0.058871
v -0.927206 1.994562 0.080674
v -0.954692 1.915972 0.002619
v -0.959661 1.936938 0.01034
v -0.964095 1.955647 0.022758
v -0.967762 1.971118 0.039223
v -0.970469 1.982541 0.058871
v -0.972075 1.989317 0.080674
v -0.980696 1.906507 0.002619
v -0.990366 1.925763 0.01034
v -0.998995 1.942944 0.022758
v -1.006131 1.957152 0.039223
v -1.0114 1.967643 0.058871
v -1.014525 1.973867 0.080674
v -1.003817 1.891301 0.002619
v -1.017667 1.907807 0.01034
v -1.030025 1.922535 0.022758
v -1.040245 1.934715 0.039223
v -1.047791 1.943708 0.058871
v -1.052268 1.949043 0.080674
v -1.97214 1.512724 0.080674
v -1.812724 1.67214 0.080674
v -1.742761 1.614973 0.002619
v -1.783878 1.6025 0.002619
v -1.746964 1.636106 0.01034
v -1.792124 1.622407 0.01034
v -1.750715 1.654963 0.022758
v -1.799482 1.64017 0.022758
v -1.753817 1.670557 0.039223
v -1.805566 1.65486 0.039223
v -1.756108 1.682071 0.058871
v -1.810059 1.665705 0.058871
v -1.757466 1.688902 0.080674
v -1.882246 1.521773 0.002619
v -1.902501 1.483878 0.002619
v -1.900161 1.533743 0.01034
v -1.922407 1.492124 0.01034
v -1.916148 1.544425 0.022758
v -1.94017 1.499482 0.022758
v -1.929368 1.553259 0.039223
v -1.95486 1.505566 0.039223
v -1.939129 1.559781 0.058871
v -1.965706 1.510059 0.058871
v -1.944919 1.56365 0.080674
v -1.86365 1.644919 0.080674
v -1.859781 1.639129 0.058871
v -1.853259 1.629368 0.039223
v -1.844425 1.616148 0.022758
v -1.833743 1.600161 0.01034
v -1.821773 1.582246 0.002619
v -1.854987 1.554987 0.002619
v -1.870223 1.570223 0.01034
v -1.883818 1.583818 0.022758
v -1.895061 1.595061 0.039223
v -1.903362 1.603362 0.058871
v -1.908287 1.608287 0.080674
v -1.988902 1.457466 0.080674
v -1.982071 1.456107 0.058871
v -1.970557 1.453817 0.039223
v -1.954963 1.450715 0.022758
v -1.936106 1.446965 0.01034
v -1.914973 1.442761 0.002619
v -1.919185 1.4 0.002619
v -1.940732 1.4 0.01034
v -1.959959 1.4 0.022758
v -1.975858 1.4 0.039223
v -1.987597 1.4 0.058871
v -1.994562 1.4 0.080674
v -1.994562 -1.4 0.080674
v -1.987597 -1.4 0.058871
v -1.975858 -1.4 0.039223
v -1.959959 -1.4 0.022758
v -1.940732 -1.4 0.01034
v -1.919185 -1.4 0.002619
v -1.812724 -1.67214 0.080674
v -1.97214 -1.512724 0.080674
v -1.914973 -1.442761 0.002619
v -1.902501 -1.483878 0.002619
v -1.936106 -1.446965 0.01034
v -1.922407 -1.492124 0.01034
v -1.954963 -1.450715 0.022758
v -1.94017 -1.499482 0.022758
v -1.970557 -1.453817 0.039223
v -1.95486 -1.505566 0.039223
v -1.982071 -1.456107 0.058871
v -1.965706 -1.510059 0.058871
v -1.988902 -1.457466 0.080674
v -1.821773 -1.582246 0.002619
v -1.783878 -1.6025 0.002619
v -1.833743 -1.600161 0.01034
v -1.792124 -1.622407 0.01034
v -1.844425 -1.616148 0.022758
v -1.799482 -1.64017 0.022758
v -1.853259 -1.629368 0.039223
v -1.805566 -1.65486 0.039223
v -1.859781 -1.639129 0.058871
v -1.810059 -1.665705 0.058871
v -1.86365 -1.644919 0.080674
v -1.944919 -1.56365 0.080674
v -1.939129 -1.559781 0.058871
v -1.929368 -1.553259 0.039223
v -1.916148 -1.544425 0.022758
v -1.900161 -1.533743 0.01034
v -1.882246 -1.521773 0.002619
v -1.854987 -1.554987 0.002619
v -1.870223 -1.570223 0.01034
v -1.883818 -1.583818 0.022758
v -1.895061 -1.595061 0.039223
v -1.903362 -1.603362 0.058871
v -1.908287 -1.608287 0.080674
v -1.757466 -1.688902 0.080674
v -1.756108 -1.682071 0.058871
v -1.753817 -1.670557 0.039223
v -1.750715 -1.654963 0.022758
v -1.746964 -1.636106 0.01034
v -1.742761 -1.614973 0.002619
v -1.7 -1.619185 0.002619
v -1.7 -1.640732 0.01034
v -1.7 -1.659958 0.022758
v -1.7 -1.675858 0.039223
v -1.7 -1.687598 0.058871
v -1.7 -1.694562 0.080674
v -1.43032 -1.694562 0.080674
v -1.43032 -1.687598 0.058871
v -1.43032 -1.675858 0.039223
v -1.43032 -1.659958 0.022758
v -1.43032 -1.640732 0.01034
v -1.43032 -1.619185 0.002619
v -1.394646 -1.697683 0.080674
v -1.360056 -1.706951 0.080674
v -1.298267 -1.742625 0.080674
v -1.327601 -1.722085 0.080674
v -1.29379 -1.73729 0.058871
v -1.324119 -1.716054 0.058871
v -1.286245 -1.728297 0.039223
v -1.318249 -1.705887 0.039223
v -1.276024 -1.716118 0.022758
v -1.310299 -1.692118 0.022758
v -1.263666 -1.701389 0.01034
v -1.300686 -1.675467 0.01034
v -1.249816 -1.684883 0.002619
v -1.289913 -1.656807 0.002619
v -1.357674 -1.700407 0.058871
v -1.353659 -1.689376 0.039223
v -1.348221 -1.674435 0.022758
v -1.341645 -1.656368 0.01034
v -1.334276 -1.63612 0.002619
v -1.393437 -1.690824 0.058871
v -1.391398 -1.679263 0.039223
v -1.388637 -1.663605 0.022758
v -1.385299 -1.644671 0.01034
v -1.381557 -1.623451 0.002619
v -1.052268 -1.949043 0.080674
v -1.047791 -1.943708 0.058871
v -1.040245 -1.934715 0.039223
v -1.030025 -1.922535 0.022758
v -1.017667 -1.907807 0.01034
v -1.003817 -1.891301 0.002619
v -0.980696 -1.906507 0.002619
v -0.990366 -1.925763 0.01034
v -0.998995 -1.942944 0.022758
v -1.006131 -1.957152 0.039223
v -1.0114 -1.967643 0.058871
v -1.014525 -1.973867 0.080674
v -0.954692 -1.915972 0.002619
v -0.959661 -1.936938 0.01034
v -0.964095 -1.955647 0.022758
v -0.967762 -1.971118 0.039223
v -0.970469 -1.982541 0.058871
v -0.972075 -1.989317 0.080674
v -0.927206 -1.919185 0.002619
v -0.927206 -1.940732 0.01034
v -0.927206 -1.959959 0.022758
v -0.927206 -1.975858 0.039223
v -0.927206 -1.987597 0.058871
v -0.927206 -1.994562 0.080674
v 0.927206 -1.919185 0.002619
v 0.927206 -1.940732 0.01034
v 0.927206 -1.959959 0.022758
v 0.927206 -1.975858 0.039223
v 0.927206 -1.987597 0.058871
v 0.927206 -1.994562 0.080674
v 1.052268 -1.949043 0.080674
v 1.014525 -1.973867 0.080674
v 1.047791 -1.943708 0.058871
v 1.0114 -1.967643 0.058871
v 1.040245 -1.934715 0.039223
v 1.006131 -1.957152 0.039223
v 1.030025 -1.922535 0.022758
v 0.998995 -1.942944 0.022758
v 1.017667 -1.907807 0.01034
v 0.990366 -1.925763 0.01034
v 1.003817 -1.891301 0.002619
v 0.980696 -1.906507 0.002619
v 0.972075 -1.989317 0.080674
v 0.970469 -1.982541 0.058871
v 0.967762 -1.971118 0.039223
v 0.964095 -1.955647 0.022758
v 0.959661 -1.936938 0.01034
v 0.954692 -1.915972 0.002619
v 1.249816 -1.684883 0.002619
v 1.263666 -1.701389 0.01034
v 1.276024 -1.716118 0.022758
v 1.286245 -1.728297 0.039223
v 1.29379 -1.73729 0.058871
v 1.298267 -1.742625 0.080674
v 1.360056 -1.706951 0.080674
v 1.327601 -1.722085 0.080674
v 1.289913 -1.656807 0.002619
v 1.300686 -1.675467 0.01034
v 1.310299 -1.692118 0.022758
v 1.318249 -1.705887 0.039223
v 1.324119 -1.716054 0.058871
v 1.357674 -1.700407 0.058871
v 1.353659 -1.689376 0.039223
v 1.348221 -1.674435 0.022758
v 1.341645 -1.656368 0.01034
v 1.334276 -1.63612 0.002619
v 1.394646 -1.697683 0.080674
v 1.393437 -1.690824 0.058871
v 1.391398 -1.679263 0.039223
v 1.388637 -1.663605 0.022758
v 1.385299 -1.644671 0.01034
v 1.381557 -1.623451 0.002619
v 1.43032 -1.619185 0.002619
v 1.43032 -1.640732 0.01034
v 1.43032 -1.659958 0.022758
v 1.43032 -1.675858 0.039223
v 1.43032 -1.687598 0.058871
v 1.43032 -1.694562 0.080674
v 1.7 -1.619185 0.002619
v 1.7 -1.640732 0.01034
v 1.7 -1.659958 0.022758
v 1.7 -1.675858 0.039223
v 1.7 -1.687598 0.058871
v 1.7 -1.694562 0.080674
v 1.919185 -1.4 0.002619
v 1.914973 -1.442761 0.002619
v 1.940732 -1.4 0.01034
v 1.936106 -1.446965 0.01034
v 1.959959 -1.4 0.022758
v 1.954963 -1.450715 0.022758
v 1.975858 -1.4 0.039223
v 1.970557 -1.453817 0.039223
v 1.987597 -1.4 0.058871
v 1.982071 -1.456107 0.058871
v 1.994562 -1.4 0.080674
v 1.988902 -1.457466 0.080674
v 1.944919 -1.56365 0.080674
v 1.97214 -1.512724 0.080674
v 1.908287 -1.608287 0.080674
v 1.86365 -1.644919 0.080674
v 1.812724 -1.67214 0.080674
v 1.757466 -1.688902 0.080674
v 1.965706 -1.510059 0.058871
v 1.939129 -1.559781 0.058871
v 1.903362 -1.603362 0.058871
v 1.859781 -1.639129 0.058871
v 1.810059 -1.665705 0.058871
v 1.756108 -1.682071 0.058871
v 1.95486 -1.505566 0.039223
v 1.929368 -1.553259 0.039223
v 1.895061 -1.595061 0.039223
v 1.853259 -1.629368 0.039223
v 1.805566 -1.65486 0.039223
v 1.753817 -1.670557 0.039223
v 1.94017 -1.499482 0.022758
v 1.916148 -1.544425 0.022758
v 1.883818 -1.583818 0.022758
v 1.844425 -1.616148 0.022758
v 1.799482 -1.64017 0.022758
v 1.750715 -1.654963 0.022758
v 1.922407 -1.492124 0.01034
v 1.900161 -1.533743 0.01034
v 1.870223 -1.570223 0.01034
v 1.833743 -1.600161 0.01034
v 1.792124 -1.622407 0.01034
v 1.746964 -1.636106 0.01034
v 1.902501 -1.483878 0.002619
v 1.882246 -1.521773 0.002619
v 1.854987 -1.554987 0.002619
v 1.821773 -1.582246 0.002619
v 1.783878 -1.6025 0.002619
v 1.742761 -1.614973 0.002619
v 1.919185 1.4 0.002619
v 1.940732 1.4 0.01034
v 1.959959 1.4 0.022758
v 1.975858 1.4 0.039223
v 1.987597 1.4 0.058871
v 1.994562 1.4 0.080674
v 1.742761 1.614973 0.002619
v 1.746964 1.636106 0.01034
v 1.750715 1.654963 0.022758
v 1.753817 1.670557 0.039223
v 1.756108 1.682071 0.058871
v 1.757466 1.688902 0.080674
v 1.86365 1.644919 0.080674
v 1.812724 1.67214 0.080674
v 1.908287 1.608287 0.080674
v 1.944919 1.56365 0.080674
v 1.97214 1.512724 0.080674
v 1.988902 1.457466 0.080674
v 1.810059 1.665705 0.058871
v 1.859781 1.639129 0.058871
v 1.903362 1.603362 0.058871
v 1.939129 1.559781 0.058871
v 1.965706 1.510059 0.058871
v 1.982071 1.456107 0.058871
v 1.805566 1.65486 0.039223
v 1.853259 1.629368 0.039223
v 1.895061 1.595061 0.039223
v 1.929368 1.553259 0.039223
v 1.95486 1.505566 0.039223
v 1.970557 1.453817 0.039223
v 1.799482 1.64017 0.022758
v 1.844425 1.616148 0.022758
v 1.883818 1.583818 0.022758
v 1.916148 1.544425 0.022758
v 1.94017 1.499482 0.022758
v 1.954963 1.450715 0.022758
v 1.792124 1.622407 0.01034
v 1.833743 1.600161 0.01034
v 1.870223 1.570223 0.01034
v 1.900161 1.533743 0.01034
v 1.922407 1.492124 0.01034
v 1.936106 1.446965 0.01034
v 1.783878 1.6025 0.002619
v 1.821773 1.582246 0.002619
v 1.854987 1.554987 0.002619
v 1.882246 1.521773 0.002619
v 1.902501 1.483878 0.002619
v 1.914973 1.442761 0.002619
v 1.003817 1.891301 0.002619
v 1.017667 1.907807 0.01034
v 1.030025 1.922535 0.022758
v 1.040245 1.934715 0.039223
v 1.047791 1.943708 0.058871
v 1.052268 1.949043 0.080674
v 0.927206 1.994562 0.080674
v 0.972075 1.989317 0.080674
v 0.927206 1.987597 0.058871
v 0.970469 1.982541 0.058871
v 0.927206 1.975858 0.039223
v 0.967762 1.971118 0.039223
v 0.927206 1.959959 0.022758
v 0.964095 1.955647 0.022758
v 0.927206 1.940732 0.01034
v 0.959661 1.936938 0.01034
v 0.927206 1.919185 0.002619
v 0.954692 1.915972 0.002619
v 1.014525 1.973867 0.080674
v 1.0114 1.967643 0.058871
v 1.006131 1.957152 0.039223
v 0.998995 1.942944 0.022758
v 0.990366 1.925763 0.01034
v 0.980696 1.906507 0.002619
v 1.404911 1.706469 0.419579
newmtl 4
Ka 0.5372549019607843 0.34901960784313724 0.33725490196078434
Kd 0.5372549019607843 0.34901960784313724 0.33725490196078434
Ks 0.3764705882352941 0.24313725490196078 0.23529411764705882
d 0.0
endmtl
v 1.40629 1.706852 0.269579
v 1.409088 1.708199 0.419579
v 1.409134 1.708076 0.269579
v 1.423 1.713961 0.419579
v 1.423512 1.71426 0.269579
v 1.426446 1.716606 0.419579
v 1.426486 1.716553 0.269579
v 1.438533 1.72588 0.419579
v 1.438359 1.725707 0.269579
v 1.44107 1.729187 0.419579
v 1.441078 1.729186 0.269579
v 1.450452 1.741413 0.419579
v 1.449903 1.740478 0.269579
v 1.451979 1.745101 0.419579
v 1.451939 1.745128 0.269579
v 1.457944 1.759502 0.419579
v 1.457423 1.757651 0.269579
v 1.458442 1.763284 0.419579
v 1.458349 1.763312 0.269579
v 1.4605 1.778913 0.419579
v 1.460449 1.776152 0.269579
v 1.460025 1.782521 0.419579
v 1.459884 1.782525 0.269579
v 1.457944 1.798325 0.419579
v 1.458792 1.794827 0.269579
v 1.456619 1.801524 0.419579
v 1.456444 1.801483 0.269579
v 1.452556 1.812506 0.269579
v 1.450452 1.816413 0.419579
v 1.448262 1.818922 0.269579
v 1.448451 1.81902 0.419579
v 1.44213 1.828087 0.269579
v 1.438533 1.831946 0.419579
v 1.435887 1.833679 0.269579
v 1.436065 1.83384 0.419579
v 1.423 1.843865 0.419579
v 1.428165 1.840595 0.269579
v 1.420289 1.844988 0.419579
v 1.420143 1.84477 0.269579
v 1.411535 1.849249 0.269579
v 1.404911 1.851358 0.419579
v 1.402084 1.851454 0.269579
v 1.402177 1.851718 0.419579
v 1.393278 1.853509 0.269579
v 1.3855 1.853913 0.419579
v 1.382914 1.853287 0.269579
v 1.38294 1.853576 0.419579
v 1.374535 1.853107 0.269579
v 1.366088 1.851358 0.419579
v 1.363913 1.850144 0.269579
v 1.363866 1.850437 0.419579
v 1.356477 1.84807 0.269579
v 1.348 1.843865 0.419579
v 1.346348 1.842235 0.269579
v 1.346231 1.842508 0.419579
v 1.340232 1.838712 0.269579
v 1.332467 1.831946 0.419579
v 1.331394 1.830085 0.269579
v 1.331216 1.830317 0.419579
v 1.326816 1.825617 0.269579
v 1.320548 1.816413 0.419579
v 1.32005 1.814504 0.269579
v 1.319829 1.814678 0.419579
v 1.317067 1.809604 0.269579
v 1.313055 1.798325 0.419579
v 1.313075 1.796528 0.269579
v 1.312833 1.796637 0.419579
v 1.311593 1.791673 0.269579
v 1.3105 1.778913 0.419579
v 1.310939 1.777357 0.269579
v 1.310699 1.7774 0.419579
v 1.310738 1.772946 0.269579
v 1.313055 1.759502 0.419579
v 1.313789 1.758268 0.269579
v 1.313572 1.758254 0.419579
v 1.314553 1.754591 0.269579
v 1.320548 1.741413 0.419579
v 1.32144 1.740536 0.269579
v 1.321263 1.740481 0.419579
v 1.322802 1.737755 0.269579
v 1.332467 1.72588 0.419579
v 1.3105 1.628913 0.569579
v 1.313055 1.628913 0.58899
v 1.366088 1.628913 0.497134
v 1.348 1.628913 0.504627
v 1.404911 1.628913 0.497134
v 1.3855 1.628913 0.494579
v 1.423 1.628913 0.504627
v 1.438533 1.628913 0.516546
v 1.450452 1.628913 0.532079
v 1.457944 1.628913 0.550167
v 1.4605 1.628913 0.569579
v 1.457944 1.628913 0.58899
v 1.450452 1.628913 0.607079
v 1.438533 1.628913 0.622612
v 1.423 1.628913 0.63453
v 1.404911 1.628913 0.642023
v 1.3855 1.628913 0.644579
v 1.366088 1.628913 0.642023
v 1.348 1.628913 0.63453
v 1.332467 1.628913 0.622612
v 1.320548 1.628913 0.607079
v 1.313055 1.628913 0.550167
v 1.332467 1.628913 0.516546
v 1.320548 1.628913 0.532079
v 1.404911 1.704524 0.436836
v 1.404911 1.689549 0.467934
v 1.423 1.695407 0.472605
v 1.3855 1.687551 0.46634
v 1.366088 1.689549 0.467934
v 1.348 1.695407 0.472605
v 1.332467 1.704725 0.480037
v 1.332467 1.716277 0.461651
v 1.320548 1.730272 0.468391
v 1.320548 1.738593 0.444612
v 1.423 1.711829 0.438504
v 1.313055 1.756228 0.448637
v 1.3105 1.775152 0.452957
v 1.313055 1.794077 0.457276
v 1.320548 1.811712 0.461301
v 1.332467 1.826856 0.464758
v 1.348 1.838476 0.46741
v 1.366088 1.84578 0.469077
v 1.3855 1.848272 0.469646
v 1.404911 1.84578 0.469077
v 1.423 1.838476 0.46741
v 1.438533 1.826856 0.464758
v 1.450452 1.811712 0.461301
v 1.457944 1.794077 0.457276
v 1.4605 1.775152 0.452957
v 1.457944 1.756228 0.448637
v 1.450452 1.738593 0.444612
v 1.438533 1.723449 0.441156
v 1.313055 1.746569 0.476239
v 1.3105 1.764058 0.484661
v 1.313055 1.781548 0.493084
v 1.320548 1.797845 0.500932
v 1.332467 1.81184 0.507671
v 1.348 1.822578 0.512843
v 1.366088 1.829329 0.516094
v 1.3855 1.831631 0.517202
v 1.404911 1.829329 0.516094
v 1.423 1.822578 0.512843
v 1.438533 1.81184 0.507671
v 1.450452 1.797845 0.500932
v 1.457944 1.781548 0.493084
v 1.4605 1.764058 0.484661
v 1.457944 1.746569 0.476239
v 1.450452 1.730272 0.468391
v 1.438533 1.716277 0.461651
v 1.423 1.705539 0.45648
v 1.320548 1.716869 0.489721
v 1.313055 1.731011 0.500999
v 1.3105 1.746188 0.513102
v 1.313055 1.761364 0.525205
v 1.320548 1.775506 0.536483
v 1.332467 1.787651 0.546168
v 1.348 1.796969 0.553599
v 1.366088 1.802827 0.55827
v 1.3855 1.804825 0.559864
v 1.404911 1.802827 0.55827
v 1.423 1.796969 0.553599
v 1.438533 1.787651 0.546168
v 1.450452 1.775506 0.536483
v 1.457944 1.761364 0.525205
v 1.4605 1.746188 0.513102
v 1.457944 1.731011 0.500999
v 1.450452 1.716869 0.489721
v 1.438533 1.704725 0.480037
v 1.3855 1.675675 0.478216
v 1.366088 1.677268 0.480214
v 1.348 1.68194 0.486072
v 1.332467 1.689371 0.49539
v 1.320548 1.699056 0.507535
v 1.313055 1.710334 0.521677
v 1.3105 1.722437 0.536853
v 1.313055 1.73454 0.55203
v 1.320548 1.745818 0.566172
v 1.332467 1.755502 0.578316
v 1.348 1.762934 0.587635
v 1.366088 1.767605 0.593493
v 1.3855 1.769198 0.595491
v 1.404911 1.767605 0.593493
v 1.423 1.762934 0.587635
v 1.438533 1.755502 0.578316
v 1.450452 1.745818 0.566172
v 1.457944 1.73454 0.55203
v 1.4605 1.722437 0.536853
v 1.457944 1.710334 0.521677
v 1.450452 1.699056 0.507535
v 1.438533 1.689371 0.49539
v 1.423 1.68194 0.486072
v 1.404911 1.677268 0.480214
v 1.3855 1.661454 0.487151
v 1.366088 1.662563 0.489454
v 1.348 1.665814 0.496204
v 1.332467 1.670986 0.506943
v 1.320548 1.677725 0.520938
v 1.313055 1.685573 0.537235
v 1.3105 1.693996 0.554724
v 1.313055 1.702418 0.572213
v 1.320548 1.710266 0.58851
v 1.332467 1.717006 0.602505
v 1.348 1.722177 0.613244
v 1.366088 1.725428 0.619994
v 1.3855 1.726537 0.622297
v 1.404911 1.725428 0.619994
v 1.423 1.722177 0.613244
v 1.438533 1.717006 0.602505
v 1.450452 1.710266 0.58851
v 1.457944 1.702418 0.572213
v 1.4605 1.693996 0.554724
v 1.457944 1.685573 0.537235
v 1.450452 1.677725 0.520938
v 1.438533 1.670986 0.506943
v 1.423 1.665814 0.496204
v 1.404911 1.662563 0.489454
v 1.3855 1.645602 0.492698
v 1.366088 1.646171 0.49519
v 1.348 1.647838 0.502494
v 1.332467 1.65049 0.514114
v 1.320548 1.653947 0.529258
v 1.313055 1.657972 0.546893
v 1.3105 1.662291 0.565818
v 1.313055 1.666611 0.584743
v 1.320548 1.670636 0.602378
v 1.332467 1.674092 0.617521
v 1.348 1.676744 0.629141
v 1.366088 1.678412 0.636446
v 1.3855 1.67898 0.638937
v 1.404911 1.678412 0.636446
v 1.423 1.676744 0.629141
v 1.438533 1.674092 0.617521
v 1.450452 1.670636 0.602378
v 1.457944 1.666611 0.584743
v 1.4605 1.662291 0.565818
v 1.457944 1.657972 0.546893
v 1.450452 1.653947 0.529258
v 1.438533 1.65049 0.514114
v 1.423 1.647838 0.502494
v 1.404911 1.646171 0.49519
v 1.423512 1.706192 0.233357
v 1.438359 1.716557 0.228499
v 1.438359 1.723391 0.248535
v 1.449903 1.700288 0.183832
v 1.458792 1.704796 0.122035
v 1.322802 1.735152 0.245916
v 1.314553 1.751585 0.242256
v 1.310738 1.75933 0.20845
v 1.314553 1.742711 0.21624
v 1.310738 1.742922 0.181559
v 1.311593 1.757746 0.170115
v 1.311763 1.732978 0.144507
v 1.317067 1.744511 0.130704
v 1.326816 1.754756 0.118397
v 1.340232 1.763133 0.108333
v 1.340232 1.724868 0.083009
v 1.356477 1.729148 0.074687
v 1.374535 1.731452 0.070208
v 1.393278 1.731635 0.06985
v 1.411535 1.729687 0.073638
v 1.428165 1.725729 0.081334
v 1.44213 1.720008 0.092458
v 1.452556 1.712882 0.106313
v 1.459795 1.696192 0.13869
v 1.460449 1.723111 0.156414
v 1.457423 1.711274 0.170634
v 1.438359 1.70553 0.210427
v 1.40629 1.704988 0.252634
v 1.423512 1.712218 0.251024
v 1.310738 1.7695 0.238266
v 1.311593 1.78778 0.234194
v 1.317067 1.805282 0.230296
v 1.326816 1.820912 0.226815
v 1.340232 1.833694 0.223968
v 1.356477 1.842828 0.221933
v 1.374535 1.847745 0.220838
v 1.393278 1.848137 0.220751
v 1.411535 1.843979 0.221677
v 1.428165 1.835532 0.223558
v 1.44213 1.823323 0.226278
v 1.452556 1.808115 0.229665
v 1.458792 1.790858 0.233509
v 1.356477 1.76912 0.10114
v 1.374535 1.772343 0.097268
v 1.393278 1.7726 0.09696
v 1.411535 1.769875 0.100233
v 1.428165 1.764338 0.106885
v 1.44213 1.756336 0.116498
v 1.452556 1.746368 0.128473
v 1.458792 1.735058 0.142062
v 1.460449 1.772631 0.237568
v 1.457423 1.754572 0.241591
v 1.317067 1.771938 0.159157
v 1.326816 1.784613 0.149371
v 1.340232 1.794978 0.141369
v 1.356477 1.802386 0.13565
v 1.374535 1.806373 0.132572
v 1.393278 1.806691 0.132326
v 1.411535 1.80332 0.134929
v 1.428165 1.796469 0.140218
v 1.44213 1.786569 0.147862
v 1.452556 1.774236 0.157383
v 1.458792 1.760242 0.168188
v 1.460449 1.74546 0.179599
v 1.457423 1.730815 0.190906
v 1.449903 1.717222 0.2014
v 1.311593 1.776288 0.200502
v 1.317067 1.792524 0.192892
v 1.326816 1.807023 0.186096
v 1.340232 1.81888 0.180539
v 1.356477 1.827353 0.176567
v 1.374535 1.831915 0.174429
v 1.393278 1.832278 0.174259
v 1.411535 1.828421 0.176066
v 1.428165 1.820585 0.179739
v 1.44213 1.809259 0.185048
v 1.452556 1.795151 0.19166
v 1.458792 1.779143 0.199164
v 1.460449 1.762234 0.207089
v 1.457423 1.745482 0.214941
v 1.449903 1.729932 0.22223
v 1.449903 1.73781 0.245324
v -1.40629 1.706852 0.269579
v -1.404911 1.706469 0.419579
v -1.409134 1.708076 0.269579
v -1.409088 1.708199 0.419579
v -1.423512 1.71426 0.269579
v -1.423 1.713961 0.419579
v -1.426486 1.716553 0.269579
v -1.426446 1.716606 0.419579
v -1.438359 1.725707 0.269579
v -1.438533 1.72588 0.419579
v -1.441078 1.729186 0.269579
v -1.44107 1.729187 0.419579
v -1.449903 1.740478 0.269579
v -1.450452 1.741413 0.419579
v -1.451939 1.745128 0.269579
v -1.451979 1.745101 0.419579
v -1.457423 1.757651 0.269579
v -1.457944 1.759502 0.419579
v -1.458349 1.763312 0.269579
v -1.458442 1.763284 0.419579
v -1.460449 1.776152 0.269579
v -1.4605 1.778913 0.419579
v -1.459884 1.782525 0.269579
v -1.460025 1.782521 0.419579
v -1.458792 1.794827 0.269579
v -1.457944 1.798325 0.419579
v -1.456444 1.801483 0.269579
v -1.456619 1.801524 0.419579
v -1.452556 1.812506 0.269579
v -1.450452 1.816413 0.419579
v -1.448262 1.818922 0.269579
v -1.448451 1.81902 0.419579
v -1.44213 1.828087 0.269579
v -1.438533 1.831946 0.419579
v -1.435887 1.833679 0.269579
v -1.436065 1.83384 0.419579
v -1.428165 1.840595 0.269579
v -1.423 1.843865 0.419579
v -1.420143 1.84477 0.269579
v -1.420289 1.844988 0.419579
v -1.411535 1.849249 0.269579
v -1.404911 1.851358 0.419579
v -1.402084 1.851454 0.269579
v -1.402177 1.851718 0.419579
v -1.393278 1.853509 0.269579
v -1.3855 1.853913 0.419579
v -1.382914 1.853287 0.269579
v -1.38294 1.853576 0.419579
v -1.374535 1.853107 0.269579
v -1.366088 1.851358 0.419579
v -1.363913 1.850144 0.269579
v -1.363866 1.850437 0.419579
v -1.356477 1.84807 0.269579
v -1.348 1.843865 0.419579
v -1.346348 1.842235 0.269579
v -1.346231 1.842508 0.419579
v -1.340232 1.838712 0.269579
v -1.332467 1.831946 0.419579
v -1.331394 1.830085 0.269579
v -1.331216 1.830317 0.419579
v -1.326816 1.825617 0.269579
v -1.320548 1.816413 0.419579
v -1.32005 1.814504 0.269579
v -1.319829 1.814678 0.419579
v -1.317067 1.809604 0.269579
v -1.313055 1.798325 0.419579
v -1.313075 1.796528 0.269579
v -1.312833 1.796637 0.419579
v -1.311593 1.791673 0.269579
v -1.3105 1.778913 0.419579
v -1.310939 1.777357 0.269579
v -1.310699 1.7774 0.419579
v -1.310738 1.772946 0.269579
v -1.313055 1.759502 0.419579
v -1.313789 1.758268 0.269579
v -1.313572 1.758254 0.419579
v -1.314553 1.754591 0.269579
v -1.320548 1.741413 0.419579
v -1.32144 1.740536 0.269579
v -1.321263 1.740481 0.419579
v -1.322802 1.737755 0.269579
v -1.332467 1.72588 0.419579
v -1.457944 1.628913 0.550167
v -1.450452 1.628913 0.532079
v -1.348 1.628913 0.63453
v -1.366088 1.628913 0.642023
v -1.3855 1.628913 0.644579
v -1.404911 1.628913 0.642023
v -1.423 1.628913 0.63453
v -1.438533 1.628913 0.622612
v -1.450452 1.628913 0.607079
v -1.457944 1.628913 0.58899
v -1.4605 1.628913 0.569579
v -1.423 1.628913 0.504627
v -1.438533 1.628913 0.516546
v -1.404911 1.628913 0.497134
v -1.3855 1.628913 0.494579
v -1.366088 1.628913 0.497134
v -1.348 1.628913 0.504627
v -1.332467 1.628913 0.516546
v -1.320548 1.628913 0.532079
v -1.313055 1.628913 0.550167
v -1.313055 1.628913 0.58899
v -1.3105 1.628913 0.569579
v -1.320548 1.628913 0.607079
v -1.332467 1.628913 0.622612
v -1.404911 1.704524 0.436836
v -1.423 1.705539 0.45648
v -1.320548 1.738593 0.444612
v -1.332467 1.716277 0.461651
v -1.320548 1.730272 0.468391
v -1.332467 1.704725 0.480037
v -1.348 1.695407 0.472605
v -1.366088 1.689549 0.467934
v -1.3855 1.687551 0.46634
v -1.404911 1.689549 0.467934
v -1.423 1.695407 0.472605
v -1.423 1.711829 0.438504
v -1.438533 1.723449 0.441156
v -1.450452 1.738593 0.444612
v -1.457944 1.756228 0.448637
v -1.4605 1.775152 0.452957
v -1.457944 1.794077 0.457276
v -1.450452 1.811712 0.461301
v -1.438533 1.826856 0.464758
v -1.423 1.838476 0.46741
v -1.404911 1.84578 0.469077
v -1.3855 1.848272 0.469646
v -1.366088 1.84578 0.469077
v -1.348 1.838476 0.46741
v -1.332467 1.826856 0.464758
v -1.320548 1.811712 0.461301
v -1.313055 1.794077 0.457276
v -1.3105 1.775152 0.452957
v -1.313055 1.756228 0.448637
v -1.438533 1.716277 0.461651
v -1.450452 1.730272 0.468391
v -1.457944 1.746569 0.476239
v -1.4605 1.764058 0.484661
v -1.457944 1.781548 0.493084
v -1.450452 1.797845 0.500932
v -1.438533 1.81184 0.507671
v -1.423 1.822578 0.512843
v -1.404911 1.829329 0.516094
v -1.3855 1.831631 0.517202
v -1.366088 1.829329 0.516094
v -1.348 1.822578 0.512843
v -1.332467 1.81184 0.507671
v -1.320548 1.797845 0.500932
v -1.313055 1.781548 0.493084
v -1.3105 1.764058 0.484661
v -1.313055 1.746569 0.476239
v -1.438533 1.704725 0.480037
v -1.450452 1.716869 0.489721
v -1.457944 1.731011 0.500999
v -1.4605 1.746188 0.513102
v -1.457944 1.761364 0.525205
v -1.450452 1.775506 0.536483
v -1.438533 1.787651 0.546168
v -1.423 1.796969 0.553599
v -1.404911 1.802827 0.55827
v -1.3855 1.804825 0.559864
v -1.366088 1.802827 0.55827
v -1.348 1.796969 0.553599
v -1.332467 1.787651 0.546168
v -1.320548 1.775506 0.536483
v -1.313055 1.761364 0.525205
v -1.3105 1.746188 0.513102
v -1.313055 1.731011 0.500999
v -1.320548 1.716869 0.489721
v -1.3855 1.675675 0.478216
v -1.404911 1.677268 0.480214
v -1.423 1.68194 0.486072
v -1.438533 1.689371 0.49539
v -1.450452 1.699056 0.507535
v -1.457944 1.710334 0.521677
v -1.4605 1.722437 0.536853
v -1.457944 1.73454 0.55203
v -1.450452 1.745818 0.566172
v -1.438533 1.755502 0.578316
v -1.423 1.762934 0.587635
v -1.404911 1.767605 0.593493
v -1.3855 1.769198 0.595491
v -1.366088 1.767605 0.593493
v -1.348 1.762934 0.587635
v -1.332467 1.755502 0.578316
v -1.320548 1.745818 0.566172
v -1.313055 1.73454 0.55203
v -1.3105 1.722437 0.536853
v -1.313055 1.710334 0.521677
v -1.320548 1.699056 0.507535
v -1.332467 1.689371 0.49539
v -1.348 1.68194 0.486072
v -1.366088 1.677268 0.480214
v -1.3855 1.661454 0.487151
v -1.404911 1.662563 0.489454
v -1.423 1.665814 0.496204
v -1.438533 1.670986 0.506943
v -1.450452 1.677725 0.520938
v -1.457944 1.685573 0.537235
v -1.4605 1.693996 0.554724
v -1.457944 1.702418 0.572213
v -1.450452 1.710266 0.58851
v -1.438533 1.717006 0.602505
v -1.423 1.722177 0.613244
v -1.404911 1.725428 0.619994
v -1.3855 1.726537 0.622297
v -1.366088 1.725428 0.619994
v -1.348 1.722177 0.613244
v -1.332467 1.717006 0.602505
v -1.320548 1.710266 0.58851
v -1.313055 1.702418 0.572213
v -1.3105 1.693996 0.554724
v -1.313055 1.685573 0.537235
v -1.320548 1.677725 0.520938
v -1.332467 1.670986 0.506943
v -1.348 1.665814 0.496204
v -1.366088 1.662563 0.489454
v -1.3855 1.645602 0.492698
v -1.404911 1.646171 0.49519
v -1.423 1.647838 0.502494
v -1.438533 1.65049 0.514114
v -1.450452 1.653947 0.529258
v -1.457944 1.657972 0.546893
v -1.4605 1.662291 0.565818
v -1.457944 1.666611 0.584743
v -1.450452 1.670636 0.602378
v -1.438533 1.674092 0.617521
v -1.423 1.676744 0.629141
v -1.404911 1.678412 0.636446
v -1.3855 1.67898 0.638937
v -1.366088 1.678412 0.636446
v -1.348 1.676744 0.629141
v -1.332467 1.674092 0.617521
v -1.320548 1.670636 0.602378
v -1.313055 1.666611 0.584743
v -1.3105 1.662291 0.565818
v -1.313055 1.657972 0.546893
v -1.320548 1.653947 0.529258
v -1.332467 1.65049 0.514114
v -1.348 1.647838 0.502494
v -1.366088 1.646171 0.49519
v -1.314553 1.742711 0.216241
v -1.310738 1.759331 0.208451
v -1.310738 1.769501 0.238266
v -1.40629 1.704988 0.252635
v -1.356477 1.729151 0.074689
v -1.449903 1.717223 0.201401
v -1.449903 1.700289 0.183833
v -1.457423 1.711276 0.170635
v -1.460449 1.723112 0.156415
v -1.460449 1.696257 0.138643
v -1.458792 1.704799 0.122037
v -1.452556 1.712885 0.106315
v -1.44213 1.720011 0.092459
v -1.428165 1.725732 0.081336
v -1.411535 1.72969 0.07364
v -1.393278 1.731639 0.069852
v -1.374535 1.731455 0.070209
v -1.340232 1.724871 0.083011
v -1.326816 1.754758 0.118398
v -1.340232 1.763135 0.108334
v -1.311764 1.732979 0.144509
v -1.317067 1.744513 0.130705
v -1.310738 1.742922 0.18156
v -1.322802 1.735152 0.245916
v -1.314553 1.751585 0.242256
v -1.423512 1.712218 0.251024
v -1.423512 1.706192 0.233358
v -1.438359 1.716557 0.228499
v -1.438359 1.70553 0.210428
v -1.438359 1.723392 0.248536
v -1.449903 1.73781 0.245324
v -1.457423 1.754572 0.241591
v -1.460449 1.772631 0.237569
v -1.458792 1.790858 0.233509
v -1.452556 1.808115 0.229665
v -1.44213 1.823323 0.226278
v -1.428165 1.835532 0.223559
v -1.411535 1.843979 0.221678
v -1.393278 1.848137 0.220752
v -1.374535 1.847745 0.220839
v -1.356477 1.842828 0.221934
v -1.458792 1.735059 0.142063
v -1.452556 1.74637 0.128475
v -1.44213 1.756338 0.1165
v -1.428165 1.764341 0.106887
v -1.411535 1.769877 0.100235
v -1.393278 1.772602 0.096962
v -1.374535 1.772345 0.09727
v -1.356477 1.769123 0.101142
v -1.340232 1.833694 0.223968
v -1.326816 1.820912 0.226815
v -1.317067 1.805282 0.230296
v -1.311593 1.757747 0.170116
v -1.317067 1.771939 0.159158
v -1.326816 1.784615 0.149373
v -1.340232 1.79498 0.141371
v -1.356477 1.802387 0.135652
v -1.374535 1.806375 0.132574
v -1.393278 1.806693 0.132328
v -1.411535 1.803321 0.134931
v -1.428165 1.796471 0.14022
v -1.44213 1.78657 0.147863
v -1.452556 1.774237 0.157385
v -1.458792 1.760242 0.168189
v -1.460449 1.745461 0.179601
v -1.457423 1.730816 0.190907
v -1.449903 1.729932 0.22223
v -1.457423 1.745482 0.214942
v -1.460449 1.762235 0.20709
v -1.458792 1.779143 0.199165
v -1.452556 1.795152 0.191662
v -1.44213 1.80926 0.185049
v -1.428165 1.820586 0.179741
v -1.411535 1.828422 0.176068
v -1.393278 1.832279 0.17426
v -1.374535 1.831915 0.17443
v -1.356477 1.827354 0.176568
v -1.340232 1.81888 0.18054
v -1.326816 1.807023 0.186097
v -1.317067 1.792524 0.192893
v -1.311593 1.776288 0.200503
v -1.311593 1.787781 0.234195
v -0.084407 2.0001 0.309617
v -0.084354 2.0001 0.302064
newmtl 5
Ka 1.0 1.0 1.0
Kd 1.0 1.0 1.0
Ks 0.5019607843137255 0.5019607843137255 0.5019607843137255
d 0.0
endmtl
v -0.058024 2.0001 0.309804
v -0.05844 2.0001 0.368498
v -0.049888 2.0001 0.368559
v -0.049419 2.0001 0.302312
v -0.136683 2.0001 0.304437
v -0.135549 2.0001 0.303882
v -0.118316 2.0001 0.300706
v -0.12842 2.0001 0.301599
v -0.136741 2.0001 0.312633
v -0.130298 2.0001 0.309781
v -0.122813 2.0001 0.308419
v -0.119606 2.0001 0.308317
v -0.1134 2.0001 0.309052
v -0.108613 2.0001 0.310828
v -0.104226 2.0001 0.313849
v -0.102637 2.0001 0.315415
v -0.099299 2.0001 0.320188
v -0.097252 2.0001 0.325601
v -0.096268 2.0001 0.333741
v -0.096268 2.0001 0.33436
v -0.09721 2.0001 0.342614
v -0.099348 2.0001 0.348516
v -0.102463 2.0001 0.353218
v -0.103369 2.0001 0.354225
v -0.107627 2.0001 0.357741
v -0.112818 2.0001 0.360192
v -0.118538 2.0001 0.361332
v -0.121473 2.0001 0.361446
v -0.137059 2.0001 0.357407
v -0.135996 2.0001 0.357982
v -0.129253 2.0001 0.360508
v -0.137122 2.0001 0.366348
v -0.130615 2.0001 0.368332
v -0.122052 2.0001 0.369162
v -0.121444 2.0001 0.369169
v -0.113024 2.0001 0.368345
v -0.1059 2.0001 0.365928
v -0.099279 2.0001 0.361647
v -0.09704 2.0001 0.359588
v -0.092403 2.0001 0.353697
v -0.08912 2.0001 0.346421
v -0.087472 2.0001 0.33788
v -0.087289 2.0001 0.333915
v -0.088472 2.0001 0.323309
v -0.091091 2.0001 0.316337
v -0.094975 2.0001 0.310629
v -0.095621 2.0001 0.30991
v -0.114403 2.0001 0.300914
v -0.107219 2.0001 0.302428
v -0.100978 2.0001 0.305406
v -0.185607 2.0001 0.308899
v -0.185553 2.0001 0.301347
v -0.158529 2.0001 0.309091
v -0.158687 2.0001 0.331377
v -0.182378 2.0001 0.331209
v -0.182432 2.0001 0.338795
v -0.158741 2.0001 0.338963
v -0.158891 2.0001 0.360165
v -0.184462 2.0001 0.359984
v -0.184516 2.0001 0.367604
v -0.150393 2.0001 0.367846
v -0.149923 2.0001 0.301599
v -0.243048 2.0001 0.330907
v -0.251983 2.0001 0.330327
v -0.24325 2.0001 0.334672
v -0.252244 2.0001 0.334845
v -0.242425 2.0001 0.342572
v -0.25142 2.0001 0.343073
v -0.240643 2.0001 0.347529
v -0.249174 2.0001 0.349572
v -0.238151 2.0001 0.351319
v -0.245248 2.0001 0.355543
v -0.236118 2.0001 0.353385
v -0.242419 2.0001 0.358421
v -0.231048 2.0001 0.356762
v -0.236104 2.0001 0.362891
v -0.225263 2.0001 0.358824
v -0.228221 2.0001 0.36601
v -0.217043 2.0001 0.359753
v -0.217436 2.0001 0.367371
v -0.207035 2.0001 0.359824
v -0.198537 2.0001 0.367505
v -0.206673 2.0001 0.30875
v -0.198067 2.0001 0.301258
v -0.216291 2.0001 0.308682
v -0.216289 2.0001 0.301129
v -0.224622 2.0001 0.309507
v -0.227376 2.0001 0.302374
v -0.230327 2.0001 0.311475
v -0.234981 2.0001 0.30524
v -0.23475 2.0001 0.314305
v -0.241405 2.0001 0.309624
v -0.236035 2.0001 0.315451
v -0.242078 2.0001 0.310226
v -0.239526 2.0001 0.319786
v -0.2469 2.0001 0.315835
v -0.241783 2.0001 0.324748
v -0.250268 2.0001 0.322631
v -0.217043 2.0 0.359753
v -0.207035 2.0 0.359824
v -0.206673 2.0 0.30875
v -0.216291 2.0 0.308682
v -0.236035 2.0 0.315451
v -0.23475 2.0 0.314305
v -0.230327 2.0 0.311475
v -0.224622 2.0 0.309507
v -0.24325 2.0 0.334672
v -0.243048 2.0 0.330907
v -0.241783 2.0 0.324748
v -0.239526 2.0 0.319786
v -0.236118 2.0 0.353385
v -0.238151 2.0 0.351319
v -0.240643 2.0 0.347529
v -0.242425 2.0 0.342572
v -0.225263 2.0 0.358824
v -0.231048 2.0 0.356762
v -0.274385 2.0001 0.326322
v -0.284487 2.0001 0.353787
v -0.28138 2.0001 0.366917
v -0.255678 2.0001 0.300849
v -0.265127 2.0001 0.300782
v -0.271623 2.0001 0.318857
v -0.285075 2.0001 0.35576
v -0.285604 2.0001 0.35842
v -0.290524 2.0001 0.366852
v -0.285807 2.0001 0.358418
v -0.286323 2.0001 0.355612
v -0.286807 2.0001 0.353771
v -0.29662 2.0001 0.326165
v -0.315286 2.0001 0.300426
v -0.305837 2.0001 0.300493
v -0.299209 2.0001 0.318661
v -0.274385 2.0 0.326322
v -0.29662 2.0 0.326165
v -0.286807 2.0 0.353771
v -0.285807 2.0 0.358418
v -0.286323 2.0 0.355612
v -0.285604 2.0 0.35842
v -0.284487 2.0 0.353787
v -0.285075 2.0 0.35576
v -0.084356 2.0001 0.204518
v -0.084303 2.0001 0.196965
v -0.057279 2.0001 0.20471
v -0.057437 2.0001 0.226996
v -0.081128 2.0001 0.226828
v -0.081181 2.0001 0.234414
v -0.05749 2.0001 0.234582
v -0.057641 2.0001 0.255784
v -0.083211 2.0001 0.255602
v -0.083266 2.0001 0.263223
v -0.049143 2.0001 0.263465
v -0.048673 2.0001 0.197218
v -0.121965 2.0001 0.196698
v -0.130262 2.0001 0.196639
v -0.122016 2.0001 0.204014
v -0.130478 2.0001 0.227087
v -0.122178 2.0001 0.226773
v -0.104221 2.0001 0.217075
v -0.106285 2.0001 0.217993
v -0.111047 2.0001 0.219028
v -0.122133 2.0001 0.22044
v -0.122101 2.0001 0.215902
v -0.121796 2.0001 0.204015
v -0.117428 2.0001 0.205265
v -0.12049 2.0001 0.202057
v -0.115072 2.0001 0.203699
v -0.122089 2.0001 0.215351
v -0.121528 2.0001 0.211653
v -0.12029 2.0001 0.208701
v -0.118476 2.0001 0.206274
v -0.121915 2.0001 0.230445
v -0.129864 2.0001 0.233458
v -0.121078 2.0001 0.233405
v -0.128583 2.0001 0.237218
v -0.120115 2.0001 0.235121
v -0.126899 2.0001 0.239898
v -0.11887 2.0001 0.236464
v -0.124694 2.0001 0.24202
v -0.117404 2.0001 0.237424
v -0.121939 2.0001 0.243607
v -0.115484 2.0001 0.23811
v -0.118433 2.0001 0.244685
v -0.112675 2.0001 0.238424
v -0.113502 2.0001 0.245159
v -0.108296 2.0001 0.238055
v -0.105647 2.0001 0.244333
v -0.10308 2.0001 0.23646
v -0.099372 2.0001 0.242093
v -0.097123 2.0001 0.232811
v -0.09718 2.0001 0.240871
v -0.102421 2.0001 0.20537
v -0.096328 2.0001 0.199488
v -0.103121 2.0001 0.204656
v -0.099108 2.0001 0.197519
v -0.104767 2.0001 0.203515
v -0.102281 2.0001 0.196297
v -0.106639 2.0001 0.202813
v -0.107241 2.0001 0.195685
v -0.10944 2.0001 0.202477
v -0.111523 2.0001 0.196128
v -0.112548 2.0001 0.202803
v -0.114896 2.0001 0.19732
v -0.117849 2.0001 0.199254
v -0.100836 2.0001 0.21151
v -0.092365 2.0001 0.210576
v -0.100756 2.0001 0.210194
v -0.092335 2.0001 0.209576
v -0.100953 2.0001 0.208287
v -0.092717 2.0001 0.205812
v -0.101488 2.0001 0.206776
v -0.0937 2.0001 0.202997
v -0.095406 2.0001 0.200435
v -0.108142 2.0001 0.224909
v -0.101861 2.0001 0.223409
v -0.103 2.0001 0.216173
v -0.098311 2.0001 0.221623
v -0.101998 2.0001 0.21495
v -0.095753 2.0001 0.219437
v -0.101259 2.0001 0.213407
v -0.094078 2.0001 0.217072
v -0.092919 2.0001 0.214154
v -0.103 2.0 0.216173
v -0.104221 2.0 0.217075
v -0.106285 2.0 0.217993
v -0.111047 2.0 0.219028
v -0.100756 2.0 0.210194
v -0.100836 2.0 0.21151
v -0.101259 2.0 0.213407
v -0.101998 2.0 0.21495
v -0.103121 2.0 0.204656
v -0.102421 2.0 0.20537
v -0.101488 2.0 0.206776
v -0.100953 2.0 0.208287
v -0.10944 2.0 0.202477
v -0.106639 2.0 0.202813
v -0.104767 2.0 0.203515
v -0.118476 2.0 0.206274
v -0.117428 2.0 0.205265
v -0.115072 2.0 0.203699
v -0.112548 2.0 0.202803
v -0.122101 2.0 0.215902
v -0.122089 2.0 0.215351
v -0.121528 2.0 0.211653
v -0.12029 2.0 0.208701
v -0.122133 2.0 0.22044
v -0.141579 2.0001 0.206788
v -0.144809 2.0001 0.204759
v -0.155196 2.0001 0.202119
v -0.149998 2.0001 0.202764
v -0.141519 2.0001 0.198219
v -0.154335 2.0001 0.195351
v -0.147441 2.0001 0.196105
v -0.161785 2.0001 0.196175
v -0.166173 2.0001 0.197821
v -0.168146 2.0001 0.199013
v -0.170535 2.0001 0.201072
v -0.172097 2.0001 0.203249
v -0.173135 2.0001 0.205872
v -0.173553 2.0001 0.209203
v -0.173232 2.0001 0.212297
v -0.172364 2.0001 0.21475
v -0.170831 2.0001 0.217046
v -0.168865 2.0001 0.218826
v -0.163376 2.0001 0.22193
v -0.160172 2.0001 0.223252
v -0.155053 2.0001 0.225524
v -0.15214 2.0001 0.227374
v -0.151337 2.0001 0.22827
v -0.150748 2.0001 0.229394
v -0.150427 2.0001 0.230685
v -0.15036 2.0001 0.23179
v -0.150519 2.0001 0.233112
v -0.150937 2.0001 0.234229
v -0.151656 2.0001 0.23528
v -0.152916 2.0001 0.236378
v -0.154783 2.0001 0.237354
v -0.157007 2.0001 0.237926
v -0.159465 2.0001 0.238093
v -0.164911 2.0001 0.237434
v -0.169579 2.0001 0.235685
v -0.171464 2.0001 0.234587
v -0.171521 2.0001 0.242647
v -0.165009 2.0001 0.244465
v -0.160325 2.0001 0.244827
v -0.154167 2.0001 0.244194
v -0.149615 2.0001 0.24259
v -0.147191 2.0001 0.24116
v -0.144716 2.0001 0.238966
v -0.143158 2.0001 0.236734
v -0.142151 2.0001 0.23407
v -0.141803 2.0001 0.231105
v -0.142136 2.0001 0.227881
v -0.143034 2.0001 0.225341
v -0.144103 2.0001 0.223604
v -0.15427 2.0001 0.217265
v -0.14934 2.0001 0.219568
v -0.145451 2.0001 0.222174
v -0.159703 2.0001 0.214945
v -0.162927 2.0001 0.21297
v -0.163954 2.0001 0.211886
v -0.164587 2.0001 0.210782
v -0.164955 2.0001 0.209483
v -0.165029 2.0001 0.208451
v -0.164846 2.0001 0.206869
v -0.164416 2.0001 0.205692
v -0.163684 2.0001 0.204626
v -0.162726 2.0001 0.203787
v -0.161966 2.0001 0.203334
v -0.159819 2.0001 0.202565
v -0.155562 2.0001 0.202119
v -0.214931 2.0001 0.243356
v -0.223533 2.0001 0.243295
v -0.201757 2.0001 0.207818
v -0.201106 2.0001 0.205616
v -0.200714 2.0001 0.203998
v -0.200494 2.0001 0.203999
v -0.199505 2.0001 0.207901
v -0.187395 2.0001 0.243551
v -0.178115 2.0001 0.243617
v -0.196341 2.0001 0.196272
v -0.192639 2.0001 0.187696
v -0.190994 2.0001 0.184729
v -0.189437 2.0001 0.183008
v -0.187906 2.0001 0.181961
v -0.186084 2.0001 0.181293
v -0.18409 2.0001 0.181084
v -0.181083 2.0001 0.181497
v -0.179389 2.0001 0.182065
v -0.179337 2.0001 0.174682
v -0.182852 2.0001 0.174046
v -0.184683 2.0001 0.173967
v -0.188039 2.0001 0.174329
v -0.191322 2.0001 0.175553
v -0.194234 2.0001 0.177558
v -0.194804 2.0001 0.178072
v -0.197866 2.0001 0.181697
v -0.201674 2.0001 0.188986
v -0.267822 2.0001 0.203217
v -0.267769 2.0001 0.195664
v -0.240744 2.0001 0.203409
v -0.240902 2.0001 0.225694
v -0.264593 2.0001 0.225526
v -0.264647 2.0001 0.233113
v -0.240956 2.0001 0.233281
v -0.241106 2.0001 0.254483
v -0.266677 2.0001 0.254301
v -0.266731 2.0001 0.261922
v -0.232609 2.0001 0.262164
v -0.232139 2.0001 0.195917
v -0.325264 2.0001 0.225224
v -0.334198 2.0001 0.224645
v -0.325466 2.0001 0.22899
v -0.33446 2.0001 0.229163
v -0.32464 2.0001 0.23689
v -0.333636 2.0001 0.23739
v -0.322858 2.0001 0.241846
v -0.33139 2.0001 0.24389
v -0.320367 2.0001 0.245637
v -0.327463 2.0001 0.24986
v -0.318333 2.0001 0.247703
v -0.324635 2.0001 0.252739
v -0.313264 2.0001 0.25108
v -0.318319 2.0001 0.257209
v -0.307478 2.0001 0.253142
v -0.310437 2.0001 0.260328
v -0.299259 2.0001 0.25407
v -0.299651 2.0001 0.261688
v -0.289251 2.0001 0.254141
v -0.280753 2.0001 0.261822
v -0.288888 2.0001 0.203067
v -0.280283 2.0001 0.195575
v -0.298507 2.0001 0.202999
v -0.298504 2.0001 0.195446
v -0.306838 2.0001 0.203825
v -0.309591 2.0001 0.196692
v -0.312543 2.0001 0.205793
v -0.317197 2.0001 0.199557
v -0.316965 2.0001 0.208623
v -0.32362 2.0001 0.203942
v -0.318251 2.0001 0.209769
v -0.324293 2.0001 0.204544
v -0.321742 2.0001 0.214104
v -0.329116 2.0001 0.210153
v -0.323998 2.0001 0.219066
v -0.332484 2.0001 0.216948
v -0.299259 2.0 0.25407
v -0.289251 2.0 0.254141
v -0.288888 2.0 0.203067
v -0.298507 2.0 0.202999
v -0.318251 2.0 0.209769
v -0.316965 2.0 0.208623
v -0.312543 2.0 0.205793
v -0.306838 2.0 0.203825
v -0.325466 2.0 0.22899
v -0.325264 2.0 0.225224
v -0.323998 2.0 0.219066
v -0.321742 2.0 0.214104
v -0.318333 2.0 0.247703
v -0.320367 2.0 0.245637
v -0.322858 2.0 0.241846
v -0.32464 2.0 0.23689
v -0.307478 2.0 0.253142
v -0.313264 2.0 0.25108
v -0.356601 2.0001 0.22064
v -0.366703 2.0001 0.248105
v -0.363595 2.0001 0.261235
v -0.337893 2.0001 0.195167
v -0.347343 2.0001 0.1951
v -0.353838 2.0001 0.213174
v -0.36729 2.0001 0.250078
v -0.36782 2.0001 0.252737
v -0.37274 2.0001 0.26117
v -0.368023 2.0001 0.252736
v -0.368538 2.0001 0.249929
v -0.369023 2.0001 0.248088
v -0.378836 2.0001 0.220482
v -0.397502 2.0001 0.194744
v -0.388053 2.0001 0.194811
v -0.381424 2.0001 0.212979
v -0.356601 2.0 0.22064
v -0.378836 2.0 0.220482
v -0.369023 2.0 0.248088
v -0.368023 2.0 0.252736
v -0.368538 2.0 0.249929
v -0.36782 2.0 0.252737
v -0.366703 2.0 0.248105
v -0.36729 2.0 0.250078
v 0.243941 2.0001 0.189861
v 0.236988 2.0001 0.181173
v 0.247922 2.0001 0.231593
v 0.090442 2.0001 0.253557
v 0.104866 2.0001 0.278624
v 0.168215 2.0001 0.246101
v 0.20019 2.0001 0.232241
v 0.195827 2.0001 0.230645
v 0.255621 2.0001 0.313436
v 0.245101 2.0001 0.318958
v 0.247301 2.0001 0.347991
v 0.217884 2.0001 0.349138
v 0.203527 2.0001 0.314651
v 0.196211 2.0001 0.329522
v 0.258168 2.0001 0.23801
v 0.254589 2.0001 0.201873
v 0.248617 2.0001 0.200039
v 0.228711 2.0001 0.350157
v 0.192056 2.0001 0.22806
v 0.189046 2.0001 0.224652
v 0.15663 2.0001 0.21917
v 0.208719 2.0001 0.232137
v 0.214725 2.0001 0.261049
v 0.212844 2.0001 0.230543
v 0.225154 2.0001 0.257133
v 0.216545 2.0001 0.22795
v 0.234826 2.0001 0.250502
v 0.218421 2.0001 0.225995
v 0.242669 2.0001 0.241645
v 0.220883 2.0001 0.222116
v 0.222302 2.0001 0.217693
v 0.222569 2.0001 0.213104
v 0.186382 2.0001 0.259095
v 0.197735 2.0001 0.26199
v 0.203427 2.0001 0.262366
v 0.208149 2.0001 0.360315
v 0.185551 2.0001 0.342063
v 0.197013 2.0001 0.369715
v 0.172903 2.0001 0.351168
v 0.185462 2.0001 0.376758
v 0.233462 2.0001 0.321661
v 0.22844 2.0001 0.321893
v 0.223296 2.0001 0.349824
v 0.21727 2.0001 0.320412
v 0.206741 2.0001 0.316444
v 0.187027 2.0001 0.22077
v 0.185983 2.0001 0.216395
v 0.156663 2.0001 0.21446
v 0.186006 2.0001 0.212086
v 0.156966 2.0001 0.209442
v 0.035734 2.0001 0.207946
v 0.055025 2.0001 0.230077
v 0.050154 2.0001 0.201011
v 0.063757 2.0001 0.227171
v 0.065872 2.0001 0.197801
v 0.068495 2.0001 0.226552
v 0.093662 2.0001 0.197998
v 0.08969 2.0001 0.226703
v 0.096312 2.0001 0.198444
v 0.204108 2.0001 0.232695
v 0.17642 2.0001 0.253674
v 0.074568 2.0001 0.300076
v 0.0708 2.0001 0.300049
v 0.051308 2.0001 0.325347
v 0.06295 2.0001 0.299148
v 0.049049 2.0001 0.324571
v 0.054662 2.0001 0.296183
v 0.035077 2.0001 0.317526
v 0.047256 2.0001 0.291272
v 0.02237 2.0001 0.306639
v 0.041085 2.0001 0.284528
v 0.012841 2.0001 0.293178
v 0.03672 2.0001 0.276372
v 0.007174 2.0001 0.278755
v 0.034538 2.0001 0.267318
v 0.005116 2.0001 0.263314
v 0.034321 2.0001 0.26305
v 0.007386 2.0001 0.246556
v 0.035227 2.0001 0.255089
v 0.013401 2.0001 0.231682
v 0.038251 2.0001 0.246611
v 0.02286 2.0001 0.218692
v 0.04323 2.0001 0.239136
v 0.04742 2.0001 0.234993
v 0.076478 2.0001 0.362737
v 0.095145 2.0001 0.341297
v 0.061004 2.0001 0.34457
v 0.084588 2.0001 0.32855
v 0.077398 2.0001 0.313337
v 0.274381 2.0001 0.286554
v 0.305392 2.0001 0.278878
v 0.275875 2.0001 0.275126
v 0.305555 2.0001 0.274395
v 0.275347 2.0001 0.267751
v 0.303397 2.0001 0.255889
v 0.272024 2.0001 0.256212
v 0.296764 2.0001 0.238309
v 0.266546 2.0001 0.246752
v 0.286137 2.0001 0.222914
v 0.271549 2.0001 0.210292
v 0.221728 2.0001 0.208681
v 0.219892 2.0001 0.204708
v 0.163684 2.0001 0.384979
v 0.157477 2.0001 0.357302
v 0.140362 2.0001 0.387684
v 0.140091 2.0001 0.35942
v 0.120963 2.0001 0.385507
v 0.124095 2.0001 0.357333
v 0.097386 2.0001 0.37701
v 0.109368 2.0001 0.35156
v 0.096204 2.0001 0.342274
v 0.264796 2.0001 0.341336
v 0.27985 2.0001 0.330907
v 0.263659 2.0001 0.306358
v 0.283037 2.0001 0.327933
v 0.270262 2.0001 0.297027
v 0.294483 2.0001 0.313467
v 0.302112 2.0001 0.296559
v 0.159834 2.0001 0.197842
v 0.187163 2.0001 0.207573
v 0.165505 2.0001 0.187401
v 0.189382 2.0001 0.203543
v 0.172697 2.0001 0.179465
v 0.191959 2.0001 0.200673
v 0.18212 2.0001 0.172994
v 0.195555 2.0001 0.198133
v 0.192651 2.0001 0.169025
v 0.199647 2.0001 0.196532
v 0.204098 2.0001 0.167693
v 0.204369 2.0001 0.195957
v 0.205865 2.0001 0.167738
v 0.205171 2.0001 0.19598
v 0.216976 2.0001 0.169539
v 0.209395 2.0001 0.196699
v 0.227817 2.0001 0.174172
v 0.213639 2.0001 0.198558
v 0.217225 2.0001 0.201347
v 0.092055 2.0001 0.227157
v 0.103545 2.0001 0.203008
v 0.102458 2.0001 0.201886
v 0.090644 2.0001 0.226834
v 0.099419 2.0001 0.199693
v 0.107217 2.0001 0.212696
v 0.106795 2.0001 0.209184
v 0.105577 2.0001 0.205982
v 0.096166 2.0001 0.226751
v 0.099407 2.0001 0.225497
v 0.107085 2.0001 0.214554
v 0.102318 2.0001 0.223465
v 0.104279 2.0001 0.221333
v 0.106113 2.0001 0.218132
v 0.092513 2.0001 0.227194
v 0.204108 2.0 0.232695
v 0.20019 2.0 0.232241
v 0.195827 2.0 0.230645
v 0.192056 2.0 0.22806
v 0.189046 2.0 0.224652
v 0.187027 2.0 0.22077
v 0.185983 2.0 0.216395
v 0.186006 2.0 0.212086
v 0.187163 2.0 0.207573
v 0.189382 2.0 0.203543
v 0.191959 2.0 0.200673
v 0.195555 2.0 0.198133
v 0.199647 2.0 0.196532
v 0.204369 2.0 0.195957
v 0.205171 2.0 0.19598
v 0.209395 2.0 0.196699
v 0.213639 2.0 0.198558
v 0.217225 2.0 0.201347
v 0.219892 2.0 0.204708
v 0.221728 2.0 0.208681
v 0.222569 2.0 0.213104
v 0.222302 2.0 0.217693
v 0.220883 2.0 0.222116
v 0.218421 2.0 0.225995
v 0.216545 2.0 0.22795
v 0.212844 2.0 0.230543
v 0.208719 2.0 0.232137
usemtl 1
f 1// 2// 3//
f 4// 5// 6//
f 7// 8// 9//
f 10// 11// 12//
f 13// 14// 15//
f 16// 17// 18//
f 19// 20// 21//
f 22// 23// 24//
f 25// 26// 27//
f 27// 28// 25//
f 25// 28// 29//
f 25// 29// 30//
f 26// 25// 31//
f 31// 25// 32//
f 31// 32// 33//
f 34// 35// 36//
f 36// 35// 37//
f 38// 36// 39//
f 39// 36// 37//
f 39// 37// 40//
f 40// 37// 41//
f 40// 41// 42//
f 43// 44// 36//
f 36// 44// 45//
f 36// 45// 34//
f 43// 46// 44//
f 44// 46// 47//
f 44// 47// 48//
f 48// 47// 49//
f 48// 49// 50//
f 51// 52// 43//
f 43// 52// 53//
f 43// 53// 46//
f 54// 55// 56//
f 56// 57// 54//
f 54// 57// 58//
f 54// 58// 43//
f 43// 58// 59//
f 43// 59// 51//
f 60// 61// 62//
f 62// 61// 63//
f 62// 63// 55//
f 55// 63// 64//
f 55// 64// 56//
f 65// 66// 67//
f 68// 69// 70//
f 65// 67// 71//
f 69// 72// 70//
f 70// 72// 73//
f 70// 73// 60//
f 60// 73// 74//
f 60// 74// 61//
f 66// 75// 67//
f 67// 75// 76//
f 67// 76// 77//
f 78// 79// 80//
f 80// 79// 81//
f 80// 81// 82//
f 82// 81// 83//
f 82// 83// 84//
f 85// 70// 86//
f 86// 70// 87//
f 82// 88// 89//
f 85// 90// 70//
f 70// 90// 91//
f 70// 91// 68//
f 77// 92// 67//
f 67// 92// 93//
f 67// 93// 94//
f 84// 95// 82//
f 82// 95// 96//
f 82// 96// 97//
f 98// 99// 100//
f 100// 99// 101//
f 100// 101// 67//
f 67// 101// 102//
f 67// 102// 71//
f 89// 103// 82//
f 82// 103// 104//
f 82// 104// 105//
f 97// 106// 82//
f 82// 106// 107//
f 82// 107// 88//
f 107// 108// 88//
f 88// 108// 109//
f 88// 109// 110//
f 110// 111// 88//
f 88// 111// 112//
f 88// 112// 113//
f 113// 112// 98//
f 113// 98// 114//
f 114// 98// 100//
f 105// 115// 82//
f 82// 115// 116//
f 82// 116// 70//
f 70// 116// 117//
f 70// 117// 87//
f 118// 119// 67//
f 67// 119// 120//
f 67// 120// 121//
f 94// 122// 67//
f 67// 122// 123//
f 67// 123// 118//
f 120// 124// 121//
f 121// 124// 125//
f 121// 125// 126//
f 126// 125// 127//
f 128// 24// 129//
f 129// 24// 130//
f 129// 130// 131//
f 131// 130// 132//
f 22// 133// 23//
f 23// 133// 134//
f 23// 134// 135//
f 136// 137// 138//
f 138// 137// 139//
f 138// 139// 128//
f 128// 139// 140//
f 128// 140// 24//
f 24// 140// 141//
f 24// 141// 22//
f 142// 143// 138//
f 138// 143// 144//
f 138// 144// 136//
f 142// 145// 143//
f 143// 145// 146//
f 143// 146// 147//
f 148// 149// 150//
f 148// 150// 151//
f 127// 152// 126//
f 126// 152// 153//
f 126// 153// 130//
f 130// 153// 150//
f 130// 150// 132//
f 132// 150// 149//
f 132// 149// 154//
f 154// 149// 155//
f 156// 157// 150//
f 150// 157// 158//
f 150// 158// 151//
f 159// 160// 161//
f 160// 162// 161//
f 161// 162// 163//
f 161// 163// 164//
f 165// 161// 166//
f 155// 149// 165//
f 165// 149// 167//
f 165// 167// 161//
f 161// 167// 168//
f 161// 168// 159//
f 166// 169// 165//
f 165// 169// 170//
f 165// 170// 171//
f 164// 163// 172//
f 172// 163// 173//
f 172// 173// 174//
f 174// 173// 175//
f 174// 175// 176//
f 177// 178// 171//
f 171// 178// 179//
f 171// 179// 165//
f 180// 181// 78//
f 78// 181// 182//
f 78// 182// 79//
f 30// 183// 25//
f 25// 183// 184//
f 25// 184// 185//
f 185// 184// 186//
f 185// 186// 19//
f 187// 188// 189//
f 189// 188// 190//
f 191// 192// 193//
f 193// 192// 194//
f 193// 195// 196//
f 196// 195// 197//
f 196// 197// 198//
f 190// 199// 189//
f 189// 199// 200//
f 189// 200// 201//
f 194// 202// 193//
f 193// 202// 203//
f 193// 203// 195//
f 201// 204// 189//
f 189// 204// 205//
f 189// 205// 193//
f 193// 205// 206//
f 193// 206// 191//
f 207// 208// 209//
f 209// 210// 207//
f 207// 210// 211//
f 207// 211// 212//
f 212// 211// 187//
f 213// 214// 196//
f 215// 213// 216//
f 196// 214// 217//
f 208// 218// 219//
f 220// 221// 219//
f 216// 213// 221//
f 221// 213// 219//
f 219// 213// 196//
f 219// 196// 208//
f 208// 196// 198//
f 208// 198// 209//
f 216// 222// 215//
f 215// 222// 223//
f 215// 223// 224//
f 219// 225// 220//
f 220// 225// 226//
f 220// 226// 227//
f 218// 208// 228//
f 228// 208// 207//
f 228// 207// 229//
f 230// 231// 229//
f 229// 231// 232//
f 229// 232// 228//
f 233// 234// 235//
f 236// 237// 234//
f 234// 237// 238//
f 234// 238// 235//
f 239// 240// 241//
f 241// 240// 242//
f 241// 242// 243//
f 243// 242// 244//
f 243// 244// 245//
f 245// 246// 243//
f 243// 246// 247//
f 243// 247// 248//
f 249// 250// 251//
f 252// 253// 254//
f 255// 256// 257//
f 258// 259// 250//
f 250// 259// 260//
f 250// 260// 251//
f 251// 260// 261//
f 251// 261// 262//
f 255// 257// 250//
f 250// 257// 263//
f 250// 263// 258//
f 254// 253// 264//
f 265// 266// 267//
f 267// 266// 268//
f 269// 270// 271//
f 272// 273// 274//
f 262// 275// 251//
f 251// 275// 276//
f 251// 276// 271//
f 271// 276// 277//
f 271// 277// 269//
f 278// 274// 279//
f 279// 274// 271//
f 279// 271// 280//
f 280// 271// 270//
f 278// 281// 274//
f 274// 281// 267//
f 274// 267// 272//
f 272// 267// 268//
f 272// 282// 273//
f 273// 282// 283//
f 273// 283// 284//
f 273// 285// 253//
f 253// 285// 286//
f 253// 286// 264//
f 284// 287// 273//
f 273// 287// 288//
f 273// 288// 285//
f 289// 290// 291//
f 291// 290// 292//
f 291// 292// 293//
f 291// 294// 289//
f 289// 294// 295//
f 289// 295// 296//
f 296// 297// 289//
f 289// 297// 298//
f 289// 298// 299//
f 299// 298// 300//
f 299// 300// 301//
f 301// 300// 302//
f 301// 302// 267//
f 267// 302// 303//
f 267// 303// 265//
f 304// 305// 293//
f 293// 305// 306//
f 293// 306// 291//
f 307// 308// 256//
f 256// 308// 309//
f 256// 309// 257//
f 307// 310// 308//
f 308// 310// 311//
f 308// 311// 312//
f 312// 311// 313//
f 312// 314// 315//
f 313// 316// 312//
f 312// 316// 317//
f 312// 317// 318//
f 318// 319// 312//
f 312// 319// 320//
f 312// 320// 314//
f 315// 321// 312//
f 312// 321// 322//
f 312// 322// 323//
f 324// 325// 16//
f 16// 325// 326//
f 327// 328// 329//
f 330// 331// 332//
f 332// 331// 333//
f 332// 333// 334//
f 333// 335// 334//
f 334// 335// 336//
f 334// 336// 337//
f 338// 336// 339//
f 339// 336// 335//
f 339// 335// 340//
f 340// 335// 333//
f 340// 333// 341//
f 341// 333// 342//
f 341// 342// 17//
f 343// 344// 345//
f 346// 347// 348//
f 343// 345// 349//
f 349// 345// 348//
f 349// 348// 350//
f 350// 348// 347//
f 350// 347// 351//
f 352// 353// 354//
f 354// 353// 355//
f 348// 356// 346//
f 346// 356// 357//
f 346// 357// 358//
f 359// 360// 361//
f 352// 354// 351//
f 351// 354// 362//
f 351// 362// 350//
f 350// 362// 363//
f 350// 363// 361//
f 361// 363// 364//
f 361// 364// 359//
f 344// 343// 365//
f 365// 343// 366//
f 365// 366// 359//
f 14// 367// 15//
f 15// 367// 368//
f 15// 368// 369//
f 369// 368// 370//
f 369// 370// 371//
f 13// 372// 373//
f 373// 372// 32//
f 373// 32// 374//
f 374// 32// 25//
f 374// 25// 371//
f 371// 25// 185//
f 371// 185// 369//
f 11// 10// 366//
f 366// 10// 375//
f 366// 375// 376//
f 377// 378// 379//
f 379// 378// 380//
f 377// 381// 378//
f 378// 381// 382//
f 378// 382// 383//
f 383// 382// 384//
f 385// 386// 378//
f 378// 386// 387//
f 378// 387// 388//
f 359// 366// 360//
f 360// 366// 376//
f 360// 376// 389//
f 389// 376// 390//
f 389// 390// 378//
f 378// 390// 391//
f 378// 391// 385//
f 388// 392// 378//
f 378// 392// 393//
f 378// 393// 380//
f 394// 395// 396//
f 397// 398// 382//
f 382// 398// 399//
f 382// 399// 384//
f 394// 396// 382//
f 382// 396// 400//
f 382// 400// 397//
f 401// 402// 403//
f 403// 402// 404//
f 404// 405// 403//
f 403// 405// 406//
f 403// 406// 12//
f 407// 408// 9//
f 9// 408// 409//
f 9// 409// 7//
f 369// 410// 411//
f 15// 412// 9//
f 9// 412// 413//
f 9// 413// 407//
f 411// 414// 369//
f 369// 414// 415//
f 369// 415// 15//
f 15// 415// 416//
f 15// 416// 412//
f 417// 418// 410//
f 410// 418// 419//
f 410// 419// 420//
f 420// 421// 410//
f 410// 421// 422//
f 410// 422// 411//
f 5// 423// 424//
f 424// 423// 425//
f 424// 425// 426//
f 389// 427// 360//
f 360// 427// 428//
f 360// 428// 6//
f 6// 428// 429//
f 6// 429// 4//
f 430// 431// 432//
f 432// 431// 82//
f 82// 431// 433//
f 82// 433// 80//
f 430// 434// 435//
f 435// 434// 436//
f 437// 438// 439//
f 439// 438// 430//
f 439// 430// 440//
f 440// 430// 435//
f 440// 435// 441//
f 441// 435// 442//
f 443// 444// 445//
f 445// 444// 436//
f 443// 446// 447//
f 447// 446// 21//
f 447// 21// 448//
f 433// 449// 80//
f 80// 449// 448//
f 80// 448// 78//
f 78// 448// 21//
f 78// 21// 180//
f 180// 21// 20//
f 239// 274// 450//
f 235// 240// 233//
f 233// 240// 239//
f 233// 239// 451//
f 451// 239// 450//
f 214// 452// 217//
f 217// 452// 243//
f 217// 243// 453//
f 453// 243// 248//
f 453// 248// 454//
f 455// 456// 3//
f 454// 457// 453//
f 453// 457// 458//
f 453// 458// 273//
f 3// 450// 455//
f 455// 450// 274//
f 455// 274// 459//
f 459// 274// 273//
f 459// 273// 460//
f 460// 273// 458//
f 461// 462// 463//
f 463// 462// 464//
f 464// 462// 456//
f 456// 462// 465//
f 456// 465// 3//
f 3// 465// 466//
f 3// 466// 1//
f 467// 468// 469//
f 469// 468// 470//
f 471// 472// 473//
f 473// 472// 474//
f 475// 476// 193//
f 193// 476// 189//
f 189// 476// 477//
f 189// 477// 468//
f 468// 477// 478//
f 468// 478// 470//
f 470// 478// 479//
f 470// 479// 480//
f 481// 482// 480//
f 480// 482// 475//
f 480// 475// 470//
f 470// 475// 193//
f 187// 189// 212//
f 212// 189// 468//
f 212// 468// 483//
f 483// 468// 467//
f 483// 467// 484//
f 17// 342// 18//
f 18// 342// 485//
f 18// 485// 486//
f 486// 485// 487//
f 486// 487// 488//
f 16// 18// 324//
f 324// 18// 486//
f 324// 486// 489//
f 489// 486// 488//
f 489// 488// 490//
f 491// 492// 493//
f 493// 492// 349//
f 493// 349// 494//
f 495// 496// 327//
f 327// 496// 497//
f 327// 497// 498//
f 494// 349// 499//
f 499// 349// 350//
f 499// 350// 500//
f 500// 350// 327//
f 500// 327// 501//
f 491// 502// 492//
f 492// 502// 503//
f 492// 503// 504//
f 498// 505// 327//
f 327// 505// 506//
f 327// 506// 501//
f 504// 507// 492//
f 492// 507// 508//
f 492// 508// 509//
f 326// 325// 329//
f 329// 325// 492//
f 329// 492// 327//
f 327// 492// 509//
f 327// 509// 495//
f 5// 424// 6//
f 6// 424// 510//
f 6// 510// 360//
f 360// 510// 511//
f 360// 511// 361//
f 361// 511// 512//
f 361// 512// 350//
f 350// 512// 331//
f 350// 331// 327//
f 327// 331// 330//
f 327// 330// 328//
f 12// 11// 403//
f 403// 11// 366//
f 403// 366// 513//
f 513// 366// 343//
f 513// 343// 514//
f 514// 343// 349//
f 514// 349// 515//
f 515// 349// 492//
f 515// 492// 516//
f 516// 492// 325//
f 516// 325// 517//
f 517// 325// 324//
f 517// 324// 518//
f 518// 324// 489//
f 518// 489// 473//
f 473// 489// 490//
f 473// 490// 471//
f 519// 520// 521//
f 522// 523// 524//
f 524// 523// 252//
f 525// 526// 251//
f 251// 526// 527//
f 251// 527// 528//
f 529// 530// 531//
f 532// 533// 534//
f 534// 533// 535//
f 534// 535// 251//
f 251// 535// 536//
f 251// 536// 525//
f 520// 537// 521//
f 521// 537// 538//
f 521// 538// 539//
f 539// 538// 531//
f 539// 531// 540//
f 540// 531// 530//
f 541// 523// 542//
f 542// 523// 543//
f 541// 544// 523//
f 523// 544// 545//
f 523// 545// 546//
f 547// 548// 534//
f 528// 549// 251//
f 251// 549// 550//
f 251// 550// 551//
f 532// 534// 521//
f 521// 534// 548//
f 521// 548// 519//
f 254// 249// 252//
f 252// 249// 251//
f 252// 251// 524//
f 524// 251// 551//
f 522// 552// 553//
f 554// 555// 523//
f 523// 555// 556//
f 523// 556// 543//
f 557// 558// 531//
f 531// 558// 559//
f 531// 559// 560//
f 553// 561// 522//
f 522// 561// 562//
f 522// 562// 523//
f 523// 562// 563//
f 523// 563// 554//
f 560// 564// 531//
f 531// 564// 565//
f 531// 565// 529//
f 430// 432// 434//
f 434// 432// 523//
f 434// 523// 534//
f 534// 523// 546//
f 534// 546// 547//
f 436// 434// 445//
f 445// 434// 534//
f 445// 534// 566//
f 566// 534// 251//
f 566// 251// 567//
f 567// 251// 271//
f 567// 271// 568//
f 568// 271// 274//
f 568// 274// 569//
f 569// 274// 239//
f 569// 239// 230//
f 230// 239// 241//
f 230// 241// 231//
f 443// 445// 446//
f 446// 445// 566//
f 446// 566// 426//
f 426// 566// 567//
f 426// 567// 424//
f 424// 567// 568//
f 424// 568// 510//
f 510// 568// 569//
f 510// 569// 511//
f 511// 569// 230//
f 511// 230// 512//
f 512// 230// 229//
f 512// 229// 331//
f 331// 229// 207//
f 331// 207// 333//
f 333// 207// 212//
f 333// 212// 342//
f 342// 212// 483//
f 342// 483// 485//
f 485// 483// 484//
f 485// 484// 487//
f 13// 15// 372//
f 372// 15// 9//
f 372// 9// 401//
f 401// 9// 8//
f 401// 8// 402//
f 19// 21// 185//
f 185// 21// 446//
f 185// 446// 369//
f 369// 446// 426//
f 369// 426// 410//
f 410// 426// 425//
f 410// 425// 417//
f 474// 570// 473//
f 473// 570// 571//
f 473// 571// 518//
f 518// 571// 572//
f 518// 572// 517//
f 517// 572// 573//
f 517// 573// 516//
f 516// 573// 574//
f 516// 574// 515//
f 515// 574// 575//
f 515// 575// 514//
f 514// 575// 576//
f 514// 576// 513//
f 513// 576// 577//
f 513// 577// 403//
f 403// 577// 578//
f 403// 578// 401//
f 401// 578// 579//
f 401// 579// 372//
f 372// 579// 40//
f 372// 40// 32//
f 32// 40// 42//
f 32// 42// 33//
f 580// 581// 582//
f 582// 581// 583//
f 584// 582// 585//
f 585// 582// 583//
f 585// 583// 586//
f 586// 583// 587//
usemtl 2
f 588// 589// 590//
f 591// 592// 593//
f 594// 595// 596//
f 596// 595// 583//
f 593// 597// 591//
f 591// 597// 598//
f 591// 598// 599//
f 599// 598// 600//
f 599// 600// 601//
f 601// 600// 602//
f 601// 602// 603//
f 603// 602// 594//
f 603// 594// 604//
f 604// 594// 596//
f 595// 605// 583//
f 583// 605// 606//
f 583// 606// 607//
f 608// 609// 587//
f 610// 608// 607//
f 607// 608// 587//
f 607// 587// 583//
usemtl 1
f 611// 590// 589//
f 589// 612// 613//
f 613// 614// 589//
f 589// 614// 615//
f 589// 615// 616//
f 616// 617// 589//
f 589// 617// 618//
f 589// 618// 619//
f 619// 620// 589//
f 589// 620// 621//
f 589// 621// 622//
f 622// 623// 589//
f 589// 623// 624//
f 589// 624// 625//
f 625// 626// 589//
f 589// 626// 627//
f 589// 627// 611//
f 609// 628// 629//
f 630// 631// 632//
f 629// 628// 632//
f 632// 628// 633//
f 632// 633// 630//
f 634// 635// 636//
f 636// 635// 637//
f 638// 639// 640//
f 640// 639// 632//
f 640// 632// 636//
f 636// 632// 631//
f 636// 631// 634//
f 637// 641// 636//
f 636// 641// 642//
f 636// 642// 640//
f 640// 642// 643//
f 640// 643// 638//
f 609// 629// 587//
f 587// 629// 644//
f 587// 644// 645//
f 645// 646// 587//
f 587// 646// 647//
f 587// 647// 586//
usemtl 2
f 648// 649// 650//
f 650// 649// 651//
f 650// 651// 652//
f 652// 651// 653//
f 652// 653// 654//
f 654// 653// 655//
f 654// 655// 656//
f 655// 657// 656//
f 656// 657// 658//
f 656// 658// 659//
f 659// 658// 660//
f 659// 660// 661//
f 661// 660// 662//
f 662// 660// 663//
f 662// 663// 664//
f 664// 663// 665//
f 664// 665// 666//
f 666// 665// 667//
f 666// 667// 668//
f 668// 667// 669//
f 668// 669// 670//
f 670// 669// 671//
f 670// 671// 672//
f 672// 589// 670//
f 670// 589// 588//
f 670// 588// 673//
f 673// 674// 670//
f 670// 674// 675//
f 670// 675// 676//
f 677// 678// 679//
f 676// 680// 670//
f 670// 680// 677//
f 670// 677// 681//
f 681// 677// 679//
f 682// 683// 684//
f 685// 686// 687//
f 688// 689// 690//
f 691// 692// 693//
f 693// 692// 688//
f 689// 694// 690//
f 690// 694// 695//
f 690// 695// 696//
f 696// 697// 690//
f 690// 697// 698//
f 690// 698// 699//
f 700// 701// 702//
f 702// 701// 703//
f 702// 703// 704//
f 704// 705// 702//
f 702// 705// 706//
f 702// 706// 707//
f 707// 708// 693//
f 693// 708// 709//
f 693// 709// 691//
f 710// 711// 712//
f 713// 662// 664//
f 712// 700// 710//
f 710// 700// 702//
f 710// 702// 714//
f 714// 702// 713//
f 714// 713// 715//
f 715// 713// 664//
f 715// 664// 666//
f 716// 659// 661//
f 707// 693// 702//
f 702// 693// 716//
f 702// 716// 713//
f 713// 716// 661//
f 713// 661// 662//
f 717// 654// 656//
f 688// 690// 693//
f 693// 690// 717//
f 693// 717// 716//
f 716// 717// 656//
f 716// 656// 659//
f 685// 690// 718//
f 718// 690// 699//
f 718// 699// 719//
f 720// 650// 652//
f 685// 687// 690//
f 690// 687// 720//
f 690// 720// 717//
f 717// 720// 652//
f 717// 652// 654//
f 648// 650// 721//
f 721// 650// 720//
f 721// 720// 684//
f 684// 720// 687//
f 684// 687// 682//
f 682// 687// 686//
f 715// 666// 668//
f 722// 723// 724//
f 678// 723// 679//
f 679// 723// 722//
f 679// 722// 725//
f 726// 714// 715//
f 715// 668// 726//
f 726// 668// 670//
f 726// 670// 725//
f 725// 670// 681//
f 725// 681// 679//
f 711// 710// 727//
f 727// 710// 714//
f 727// 714// 728//
f 728// 714// 726//
f 728// 726// 729//
f 729// 726// 725//
f 729// 725// 730//
f 730// 725// 722//
f 730// 722// 731//
f 731// 722// 724//
f 711// 732// 712//
f 718// 719// 733//
f 733// 734// 718//
f 718// 734// 735//
f 718// 735// 685//
f 685// 735// 736//
f 685// 736// 686//
f 686// 736// 737//
f 686// 737// 682//
f 737// 738// 682//
f 682// 738// 739//
f 682// 739// 683//
f 740// 741// 742//
f 743// 744// 745//
f 593// 592// 746//
f 747// 610// 607//
f 731// 724// 748//
f 731// 748// 730//
f 730// 748// 749//
f 730// 749// 729//
f 749// 750// 729//
f 729// 750// 751//
f 729// 751// 752//
f 752// 751// 753//
f 752// 753// 747//
f 754// 727// 728//
f 755// 756// 754//
f 754// 756// 757//
f 754// 757// 758//
f 758// 759// 754//
f 754// 759// 760//
f 754// 760// 727//
f 727// 760// 761//
f 727// 761// 762//
f 762// 763// 727//
f 727// 763// 764//
f 727// 764// 711//
f 711// 764// 765//
f 711// 765// 732//
f 766// 767// 768//
f 768// 767// 769//
f 768// 769// 770//
f 771// 772// 773//
f 773// 772// 767//
f 773// 767// 774//
f 774// 767// 766//
f 775// 776// 777//
f 777// 776// 778//
f 778// 776// 779//
f 778// 779// 780//
f 775// 781// 782//
f 782// 781// 783//
f 784// 785// 786//
f 784// 786// 787//
f 788// 789// 787//
f 785// 790// 786//
f 786// 790// 791//
f 786// 791// 781//
f 781// 791// 792//
f 781// 792// 783//
f 735// 734// 793//
f 794// 795// 788//
f 788// 795// 796//
f 788// 796// 789//
f 602// 744// 594//
f 594// 744// 743//
f 594// 743// 595//
f 771// 755// 772//
f 772// 755// 754//
f 772// 754// 752//
f 752// 754// 728//
f 752// 728// 729//
f 797// 745// 798//
f 798// 745// 744//
f 798// 744// 799//
f 799// 744// 602//
f 799// 602// 600//
f 593// 746// 800//
f 800// 746// 801//
f 800// 801// 802//
f 803// 797// 804//
f 804// 797// 798//
f 804// 798// 805//
f 805// 798// 799//
f 805// 799// 806//
f 806// 799// 600//
f 806// 600// 598//
f 801// 807// 802//
f 802// 807// 808//
f 802// 808// 809//
f 772// 810// 767//
f 767// 810// 778//
f 767// 778// 769//
f 769// 778// 780//
f 769// 780// 770//
f 811// 803// 812//
f 812// 803// 804//
f 812// 804// 813//
f 813// 804// 805//
f 813// 805// 814//
f 814// 805// 806//
f 814// 806// 815//
f 815// 806// 598//
f 815// 598// 597//
f 816// 811// 817//
f 817// 811// 812//
f 817// 812// 818//
f 818// 812// 813//
f 818// 813// 809//
f 809// 813// 814//
f 809// 814// 802//
f 802// 814// 815//
f 802// 815// 800//
f 800// 815// 597//
f 800// 597// 593//
f 819// 820// 821//
f 793// 794// 735//
f 735// 794// 788//
f 735// 788// 736//
f 736// 788// 822//
f 736// 822// 737//
f 823// 820// 824//
f 824// 820// 819//
f 824// 819// 825//
f 826// 827// 828//
f 828// 827// 825//
f 828// 825// 829//
f 829// 825// 819//
f 829// 819// 830//
f 830// 819// 821//
f 830// 821// 831//
f 607// 606// 832//
f 832// 606// 833//
f 832// 833// 834//
f 834// 833// 835//
f 834// 835// 836//
f 836// 835// 837//
f 836// 837// 838//
f 838// 837// 839//
f 838// 839// 840//
f 840// 839// 841//
f 840// 841// 842//
f 842// 841// 843//
f 842// 843// 844//
f 844// 843// 845//
f 606// 605// 833//
f 833// 605// 846//
f 833// 846// 835//
f 835// 846// 847//
f 835// 847// 837//
f 837// 847// 848//
f 837// 848// 839//
f 839// 848// 849//
f 839// 849// 841//
f 841// 849// 850//
f 841// 850// 843//
f 843// 850// 851//
f 843// 851// 845//
f 845// 851// 740//
f 808// 852// 809//
f 809// 852// 853//
f 809// 853// 818//
f 818// 853// 854//
f 818// 854// 817//
f 817// 854// 855//
f 817// 855// 816//
f 816// 855// 856//
f 816// 856// 857//
f 605// 595// 846//
f 846// 595// 743//
f 846// 743// 847//
f 847// 743// 745//
f 847// 745// 848//
f 848// 745// 797//
f 848// 797// 849//
f 849// 797// 803//
f 849// 803// 850//
f 850// 803// 811//
f 850// 811// 851//
f 851// 811// 816//
f 851// 816// 740//
f 740// 816// 857//
f 740// 857// 741//
f 737// 822// 738//
f 738// 822// 858//
f 738// 858// 739//
f 859// 860// 861//
f 787// 786// 788//
f 788// 786// 859//
f 788// 859// 822//
f 822// 859// 861//
f 822// 861// 858//
f 775// 777// 781//
f 781// 777// 862//
f 781// 862// 786//
f 786// 862// 863//
f 786// 863// 859//
f 859// 863// 864//
f 859// 864// 860//
f 810// 831// 778//
f 778// 831// 821//
f 778// 821// 777//
f 777// 821// 820//
f 777// 820// 862//
f 862// 820// 823//
f 862// 823// 863//
f 863// 823// 865//
f 863// 865// 864//
f 827// 866// 825//
f 825// 866// 867//
f 825// 867// 824//
f 824// 867// 868//
f 824// 868// 823//
f 823// 868// 869//
f 823// 869// 865//
f 747// 607// 752//
f 752// 607// 832//
f 752// 832// 772//
f 772// 832// 834//
f 772// 834// 810//
f 810// 834// 836//
f 810// 836// 831//
f 831// 836// 838//
f 831// 838// 830//
f 830// 838// 840//
f 830// 840// 829//
f 829// 840// 842//
f 829// 842// 828//
f 828// 842// 844//
f 828// 844// 826//
f 742// 870// 740//
f 740// 870// 871//
f 740// 871// 845//
f 845// 871// 872//
f 845// 872// 844//
f 844// 872// 873//
f 844// 873// 826//
usemtl 1
f 614// 613// 874//
f 874// 613// 875//
f 874// 875// 876//
f 877// 878// 879//
f 879// 878// 582//
f 879// 582// 584//
usemtl 3
f 880// 881// 882//
f 882// 881// 883//
f 884// 885// 886//
f 886// 887// 884//
f 884// 887// 888//
f 884// 888// 881//
f 881// 888// 889//
f 881// 889// 883//
f 890// 876// 875//
f 890// 875// 882//
f 882// 875// 891//
f 882// 891// 880//
f 892// 893// 894//
f 894// 893// 895//
f 878// 877// 896//
f 897// 898// 894//
f 894// 898// 899//
f 894// 899// 900//
f 900// 901// 894//
f 894// 901// 902//
f 894// 902// 892//
f 896// 903// 878//
f 878// 903// 904//
f 878// 904// 894//
f 894// 904// 905//
f 894// 905// 897//
f 885// 884// 906//
f 906// 884// 907//
f 906// 907// 908//
f 908// 907// 909//
f 910// 911// 912//
f 913// 914// 915//
f 914// 916// 915//
f 915// 916// 917//
f 915// 917// 910//
f 910// 917// 918//
f 910// 918// 911//
f 919// 920// 921//
f 920// 922// 921//
f 921// 922// 923//
f 921// 923// 924//
f 924// 923// 925//
f 924// 925// 926//
f 927// 928// 929//
f 930// 931// 932//
f 932// 931// 933//
f 932// 933// 934//
f 928// 935// 929//
f 929// 935// 936//
f 929// 936// 937//
f 938// 939// 930//
f 930// 939// 940//
f 930// 940// 931//
f 934// 927// 932//
f 932// 927// 929//
f 932// 929// 941//
f 941// 929// 942//
f 941// 942// 943//
f 943// 942// 944//
f 943// 944// 945//
f 945// 944// 946//
f 945// 946// 947//
f 947// 946// 948//
f 937// 919// 929//
f 929// 919// 921//
f 929// 921// 942//
f 942// 921// 949//
f 942// 949// 944//
f 944// 949// 950//
f 944// 950// 946//
f 946// 950// 951//
f 946// 951// 948//
f 948// 951// 952//
f 926// 913// 924//
f 924// 913// 915//
f 924// 915// 921//
f 921// 915// 953//
f 921// 953// 949//
f 949// 953// 954//
f 949// 954// 950//
f 950// 954// 955//
f 950// 955// 951//
f 951// 955// 956//
f 951// 956// 952//
f 952// 956// 957//
f 912// 909// 910//
f 910// 909// 907//
f 910// 907// 915//
f 915// 907// 958//
f 915// 958// 953//
f 953// 958// 959//
f 953// 959// 954//
f 954// 959// 960//
f 954// 960// 955//
f 955// 960// 961//
f 955// 961// 956//
f 956// 961// 962//
f 956// 962// 957//
f 957// 962// 963//
f 964// 965// 966//
f 966// 965// 893//
f 966// 893// 892//
f 938// 967// 968//
f 968// 967// 965//
f 968// 965// 969//
f 969// 965// 964//
f 938// 930// 967//
f 967// 930// 932//
f 967// 932// 970//
f 970// 932// 941//
f 970// 941// 971//
f 971// 941// 943//
f 971// 943// 972//
f 972// 943// 945//
f 972// 945// 973//
f 973// 945// 947//
f 973// 947// 974//
usemtl 2
f 975// 976// 977//
f 978// 979// 980//
f 980// 979// 981//
f 977// 976// 979//
f 979// 976// 982//
f 979// 982// 981//
f 983// 984// 985//
f 985// 984// 986//
f 985// 986// 987//
f 987// 986// 988//
f 987// 988// 989//
f 989// 988// 975//
f 989// 975// 990//
f 990// 975// 977//
f 991// 992// 993//
f 993// 992// 994//
f 993// 994// 983//
f 983// 994// 995//
f 983// 995// 984//
f 996// 997// 998//
usemtl 1
f 999// 1000// 983//
f 983// 1000// 1001//
f 1002// 993// 1003//
f 1003// 993// 983//
f 1003// 983// 1004//
f 1004// 983// 1001//
f 1005// 1006// 1007//
f 1007// 1006// 1008//
f 1009// 1010// 1011//
f 1012// 1013// 1009//
f 1009// 1013// 1014//
f 1009// 1014// 1010//
f 1005// 1013// 1006//
f 1006// 1013// 1012//
f 1006// 1012// 1015//
f 1015// 1012// 1016//
f 1011// 1017// 1009//
f 1009// 1017// 1018//
f 1009// 1018// 1012//
f 1012// 1018// 1019//
f 1012// 1019// 1016//
f 1020// 1002// 1006//
f 1006// 1002// 1021//
f 1006// 1021// 1008//
f 991// 993// 1022//
f 1022// 993// 1002//
f 1022// 1002// 1023//
f 1023// 1002// 1020//
f 1024// 1025// 997//
f 996// 1026// 997//
f 997// 1026// 1027//
f 997// 1027// 1028//
f 1028// 1029// 997//
f 997// 1029// 1030//
f 997// 1030// 1031//
f 1031// 1032// 997//
f 997// 1032// 1033//
f 997// 1033// 1034//
f 1034// 1035// 997//
f 997// 1035// 1036//
f 997// 1036// 1037//
f 1038// 1024// 1039//
f 1039// 1024// 997//
f 1039// 997// 1040//
f 1040// 997// 1037//
usemtl 2
f 1041// 1042// 1043//
f 1043// 1042// 1044//
f 1043// 1044// 1045//
f 1045// 1044// 1046//
f 1045// 1046// 1047//
f 1048// 1049// 1050//
f 1043// 1051// 1041//
f 1041// 1051// 1048//
f 1041// 1048// 1052//
f 1052// 1048// 1050//
f 1052// 1050// 1053//
f 1054// 1055// 1056//
f 1057// 1058// 1059//
f 1060// 1061// 1062//
f 1062// 1061// 1063//
f 1064// 1065// 1066//
f 1066// 1065// 1062//
f 1066// 1062// 1067//
f 1067// 1062// 1063//
f 1067// 1063// 1056//
f 1064// 1068// 1065//
f 1065// 1068// 1057//
f 1065// 1057// 1069//
f 1069// 1057// 1059//
f 1069// 1059// 1070//
f 1071// 1060// 1072//
f 1072// 1060// 1062//
f 1072// 1062// 1073//
f 1073// 1062// 1065//
f 1073// 1065// 1074//
f 1074// 1065// 1069//
f 1074// 1069// 1075//
f 1075// 1069// 1070//
f 1076// 1077// 1078//
f 1079// 1080// 1081//
f 1082// 1083// 1084//
f 1084// 1083// 1085//
f 1085// 1086// 1084//
f 1084// 1086// 1087//
f 1084// 1087// 1081//
f 1081// 1087// 1088//
f 1081// 1088// 1079//
f 1054// 1056// 1089//
f 1089// 1056// 1063//
f 1089// 1063// 1090//
f 1090// 1063// 1081//
f 1090// 1081// 1091//
f 1091// 1081// 1080//
f 1052// 1053// 1092//
f 1092// 1053// 1093//
f 1092// 1093// 1094//
f 1094// 1095// 1092//
f 1092// 1095// 1096//
f 1092// 1096// 1097//
f 1097// 1098// 1092//
f 1092// 1098// 1099//
f 1092// 1099// 1084//
f 1084// 1099// 1100//
f 1084// 1100// 1082//
f 1071// 1101// 1060//
f 1060// 1101// 1102//
f 1060// 1102// 1061//
f 1101// 1103// 1102//
f 1102// 1103// 1104//
f 1102// 1104// 1105//
f 1106// 1092// 1105//
f 1105// 1092// 1084//
f 1105// 1084// 1102//
f 1102// 1084// 1081//
f 1102// 1081// 1061//
f 1061// 1081// 1063//
f 1104// 1107// 1105//
f 1105// 1107// 1108//
f 1105// 1108// 1106//
f 1106// 1108// 1109//
f 1106// 1109// 1076//
f 1044// 1042// 1110//
f 1110// 1042// 1041//
f 1076// 1078// 1106//
f 1106// 1078// 1110//
f 1106// 1110// 1092//
f 1092// 1110// 1041//
f 1092// 1041// 1052//
f 1046// 1044// 1111//
f 1111// 1044// 1110//
f 1111// 1110// 1112//
f 1112// 1110// 1078//
f 1112// 1078// 1113//
f 1113// 1078// 1077//
f 1114// 1115// 1116//
f 1117// 1118// 1119//
f 1056// 1055// 1120//
f 1056// 1120// 1067//
f 1120// 1121// 1067//
f 1067// 1121// 1122//
f 1067// 1122// 1123//
f 1124// 1125// 1126//
f 1124// 1126// 1127//
f 1125// 1128// 1126//
f 1126// 1128// 1129//
f 1126// 1129// 1130//
f 1131// 1132// 1133//
f 994// 992// 1133//
f 1133// 992// 1134//
f 1133// 1134// 1131//
f 1123// 1127// 1067//
f 1067// 1127// 1126//
f 1067// 1126// 1066//
f 1066// 1126// 1133//
f 1066// 1133// 1064//
f 1064// 1133// 1132//
f 1064// 1132// 1135//
f 1135// 1136// 1064//
f 1064// 1136// 1137//
f 1064// 1137// 1068//
f 1068// 1137// 1138//
f 1068// 1138// 1057//
f 1057// 1138// 1058//
f 1139// 1140// 1115//
f 1115// 1140// 1141//
f 1141// 1142// 1048//
f 1048// 1142// 1143//
f 1048// 1143// 1049//
f 1114// 1144// 1145//
f 1145// 1146// 1114//
f 1114// 1146// 1147//
f 1114// 1147// 1115//
f 1115// 1147// 1148//
f 1115// 1148// 1139//
f 1149// 1150// 1151//
f 1151// 1150// 1152//
f 1151// 1152// 1153//
f 1154// 1155// 1156//
f 1157// 1149// 1158//
f 1158// 1149// 1151//
f 1158// 1151// 1114//
f 1114// 1151// 1153//
f 1114// 1153// 1144//
f 1154// 1159// 1160//
f 1160// 1159// 1161//
f 1161// 1159// 1162//
f 1162// 1159// 1163//
f 1162// 1163// 1164//
f 1130// 1165// 1166//
f 1166// 1165// 1167//
f 1166// 1167// 1163//
f 1163// 1167// 1168//
f 1163// 1168// 1164//
f 1169// 1170// 978//
f 988// 1118// 975//
f 975// 1118// 1117//
f 975// 1117// 976//
f 1170// 1169// 1171//
f 1171// 1169// 1172//
f 1171// 1172// 1173//
f 1174// 1119// 1175//
f 1175// 1119// 1118//
f 1175// 1118// 1176//
f 1176// 1118// 988//
f 1176// 988// 986//
f 1130// 1166// 1126//
f 1126// 1166// 1177//
f 1126// 1177// 1133//
f 1133// 1177// 995//
f 1133// 995// 994//
f 1156// 1174// 1178//
f 1178// 1174// 1175//
f 1178// 1175// 1179//
f 1179// 1175// 1176//
f 1179// 1176// 1180//
f 1180// 1176// 986//
f 1180// 986// 984//
f 982// 976// 1181//
f 1181// 976// 1117//
f 1181// 1117// 1182//
f 1182// 1117// 1119//
f 1182// 1119// 1183//
f 1183// 1119// 1174//
f 1183// 1174// 1184//
f 1184// 1174// 1156//
f 1184// 1156// 1158//
f 1158// 1156// 1155//
f 1158// 1155// 1157//
f 1154// 1156// 1159//
f 1159// 1156// 1178//
f 1159// 1178// 1163//
f 1163// 1178// 1179//
f 1163// 1179// 1166//
f 1166// 1179// 1180//
f 1166// 1180// 1177//
f 1177// 1180// 984//
f 1177// 984// 995//
f 1173// 1172// 1185//
f 1185// 1172// 1186//
f 1185// 1186// 1187//
f 1187// 1186// 1188//
f 1187// 1188// 1189//
f 1189// 1188// 1190//
f 1189// 1190// 1191//
f 1191// 1190// 1192//
f 1192// 1190// 1193//
f 1192// 1193// 1194//
f 1195// 1196// 1197//
f 1198// 1196// 1199//
f 1199// 1196// 1195//
f 1199// 1195// 1200//
f 1201// 1202// 1203//
f 1203// 1202// 1200//
f 1203// 1200// 1204//
f 1204// 1200// 1195//
f 1204// 1195// 1205//
f 1205// 1195// 1197//
f 1205// 1197// 1206//
f 980// 981// 1207//
f 1207// 981// 1208//
f 1207// 1208// 1209//
f 1209// 1208// 1210//
f 1209// 1210// 1211//
f 1211// 1210// 1212//
f 1211// 1212// 1213//
f 1213// 1212// 1214//
f 1213// 1214// 1215//
f 1215// 1214// 1216//
f 1215// 1216// 1217//
f 1217// 1216// 1218//
f 1217// 1218// 1219//
f 1219// 1218// 1220//
f 981// 982// 1208//
f 1208// 982// 1181//
f 1208// 1181// 1210//
f 1210// 1181// 1182//
f 1210// 1182// 1212//
f 1212// 1182// 1183//
f 1212// 1183// 1214//
f 1214// 1183// 1184//
f 1214// 1184// 1216//
f 1216// 1184// 1158//
f 1216// 1158// 1218//
f 1218// 1158// 1114//
f 1218// 1114// 1220//
f 1220// 1114// 1116//
f 1194// 1193// 1221//
f 1221// 1193// 1222//
f 1221// 1222// 1223//
f 1223// 1222// 1224//
f 1223// 1224// 1225//
f 1226// 1227// 1228//
f 1169// 1229// 1172//
f 1172// 1229// 1230//
f 1172// 1230// 1186//
f 1186// 1230// 1231//
f 1186// 1231// 1188//
f 1188// 1231// 1232//
f 1188// 1232// 1190//
f 1190// 1232// 1233//
f 1190// 1233// 1193//
f 1193// 1233// 1226//
f 1193// 1226// 1222//
f 1222// 1226// 1228//
f 1222// 1228// 1224//
f 1229// 1234// 1230//
f 1230// 1234// 1235//
f 1230// 1235// 1231//
f 1231// 1235// 1236//
f 1231// 1236// 1232//
f 1232// 1236// 1237//
f 1232// 1237// 1233//
f 1233// 1237// 1238//
f 1233// 1238// 1226//
f 1226// 1238// 1239//
f 1226// 1239// 1227//
f 1234// 1206// 1235//
f 1235// 1206// 1197//
f 1235// 1197// 1236//
f 1236// 1197// 1196//
f 1236// 1196// 1237//
f 1237// 1196// 1198//
f 1237// 1198// 1238//
f 1238// 1198// 1240//
f 1238// 1240// 1239//
f 1202// 1241// 1200//
f 1200// 1241// 1242//
f 1200// 1242// 1199//
f 1199// 1242// 1243//
f 1199// 1243// 1198//
f 1198// 1243// 1244//
f 1198// 1244// 1240//
f 1245// 1201// 1219//
f 1219// 1201// 1203//
f 1219// 1203// 1217//
f 1217// 1203// 1204//
f 1217// 1204// 1215//
f 1215// 1204// 1205//
f 1215// 1205// 1213//
f 1213// 1205// 1206//
f 1213// 1206// 1211//
f 1211// 1206// 1234//
f 1211// 1234// 1209//
f 1209// 1234// 1229//
f 1209// 1229// 1207//
f 1207// 1229// 1169//
f 1207// 1169// 980//
f 980// 1169// 978//
f 1141// 1048// 1115//
f 1115// 1048// 1051//
f 1115// 1051// 1116//
f 1116// 1051// 1043//
f 1116// 1043// 1045//
f 1245// 1219// 1246//
f 1246// 1219// 1220//
f 1246// 1220// 1247//
f 1247// 1220// 1116//
f 1247// 1116// 1248//
f 1248// 1116// 1045//
f 1248// 1045// 1047//
f 1249// 1250// 1073//
f 1073// 1074// 1249//
f 1249// 1074// 1075//
f 1249// 1075// 1070//
f 1250// 1251// 1073//
f 1073// 1251// 1252//
f 1073// 1252// 1253//
f 1253// 1254// 1073//
f 1073// 1254// 998//
f 1073// 998// 997//
f 1255// 1072// 1256//
f 1256// 1072// 1073//
f 1256// 1073// 1257//
f 1257// 1073// 997//
f 1257// 997// 1258//
f 1259// 1113// 1260//
f 1260// 1113// 1077//
f 1260// 1077// 1261//
f 1261// 1077// 1076//
f 1261// 1076// 1262//
f 1262// 1076// 1109//
f 1262// 1109// 1263//
f 1263// 1109// 1108//
f 1263// 1108// 1264//
f 1264// 1108// 1107//
f 1264// 1107// 1265//
f 1265// 1107// 1104//
f 1265// 1104// 1266//
f 1266// 1104// 1103//
f 1266// 1103// 1267//
f 1267// 1103// 1101//
f 1267// 1101// 1255//
f 1255// 1101// 1071//
f 1255// 1071// 1072//
usemtl 1
f 1024// 1038// 1268//
f 1268// 1038// 1269//
f 1268// 1269// 1270//
f 1004// 1001// 1271//
f 1271// 1001// 1272//
f 1271// 1272// 1273//
usemtl 3
f 1274// 1275// 1276//
f 1276// 1275// 1277//
f 1277// 1278// 1276//
f 1276// 1278// 1279//
f 1276// 1279// 1280//
f 1273// 1272// 1281//
f 1281// 1272// 1282//
f 1280// 1283// 1276//
f 1276// 1283// 1284//
f 1276// 1284// 1285//
f 1285// 1286// 1276//
f 1276// 1286// 1287//
f 1276// 1287// 1272//
f 1272// 1287// 1288//
f 1272// 1288// 1282//
f 1289// 1290// 1291//
f 1291// 1290// 1292//
f 1291// 1292// 1293//
f 1293// 1292// 1268//
f 1293// 1268// 1270//
f 1294// 1295// 1296//
f 1296// 1295// 1289//
f 1296// 1289// 1297//
f 1297// 1289// 1291//
f 1294// 1298// 1295//
f 1295// 1298// 1299//
f 1295// 1299// 1300//
f 1301// 1302// 1303//
f 1277// 1275// 1304//
f 1304// 1275// 1301//
f 1304// 1301// 1305//
f 1305// 1301// 1303//
f 1302// 1301// 1306//
f 1306// 1301// 1307//
f 1306// 1307// 1308//
f 1308// 1307// 1309//
f 1308// 1309// 1310//
f 1310// 1309// 1311//
f 1310// 1311// 1312//
f 1312// 1311// 1313//
f 1312// 1313// 1314//
f 1314// 1313// 1315//
f 1314// 1315// 1316//
f 1316// 1315// 1317//
f 1316// 1317// 1318//
f 1319// 1320// 1321//
f 1306// 1308// 1322//
f 1322// 1308// 1323//
f 1324// 1325// 1310//
f 1325// 1326// 1310//
f 1310// 1326// 1327//
f 1310// 1327// 1308//
f 1308// 1327// 1328//
f 1308// 1328// 1323//
f 1329// 1330// 1331//
f 1331// 1330// 1332//
f 1331// 1332// 1333//
f 1334// 1335// 1336//
f 1336// 1335// 1337//
f 1336// 1337// 1338//
f 1339// 1340// 1329//
f 1329// 1340// 1341//
f 1329// 1341// 1330//
f 1321// 1342// 1343//
f 1343// 1342// 1344//
f 1343// 1344// 1345//
f 1320// 1346// 1321//
f 1321// 1346// 1347//
f 1321// 1347// 1342//
f 1348// 1295// 1300//
f 1318// 1349// 1316//
f 1316// 1349// 1350//
f 1316// 1350// 1314//
f 1314// 1350// 1351//
f 1314// 1351// 1312//
f 1312// 1351// 1352//
f 1312// 1352// 1310//
f 1310// 1352// 1336//
f 1310// 1336// 1324//
f 1324// 1336// 1338//
f 1349// 1353// 1350//
f 1350// 1353// 1354//
f 1350// 1354// 1351//
f 1351// 1354// 1355//
f 1351// 1355// 1352//
f 1352// 1355// 1356//
f 1352// 1356// 1336//
f 1336// 1356// 1331//
f 1336// 1331// 1334//
f 1334// 1331// 1333//
f 1353// 1357// 1354//
f 1354// 1357// 1358//
f 1354// 1358// 1355//
f 1355// 1358// 1359//
f 1355// 1359// 1356//
f 1356// 1359// 1360//
f 1356// 1360// 1331//
f 1331// 1360// 1361//
f 1331// 1361// 1329//
f 1329// 1361// 1343//
f 1329// 1343// 1339//
f 1339// 1343// 1345//
f 1357// 1362// 1358//
f 1358// 1362// 1363//
f 1358// 1363// 1359//
f 1359// 1363// 1364//
f 1359// 1364// 1360//
f 1360// 1364// 1365//
f 1360// 1365// 1361//
f 1361// 1365// 1366//
f 1361// 1366// 1343//
f 1343// 1366// 1367//
f 1343// 1367// 1321//
f 1321// 1367// 1348//
f 1321// 1348// 1319//
f 1319// 1348// 1300//
usemtl 1
f 1368// 1369// 1370//
f 1370// 1369// 1371//
f 1370// 1371// 1372//
f 880// 612// 881//
f 881// 612// 1373//
f 881// 1373// 1374//
f 1375// 1376// 1377//
f 1377// 1376// 1378//
usemtl 2
f 1379// 1380// 1381//
f 1381// 1380// 1382//
f 1382// 1380// 1383//
f 1383// 1380// 1384//
f 1383// 1384// 1385//
f 1385// 1384// 1386//
f 1386// 1384// 1387//
f 1386// 1387// 1388//
f 1388// 1387// 1389//
f 1388// 1389// 1390//
f 1390// 1389// 1391//
f 1390// 1391// 1392//
f 1393// 1394// 1395//
f 1395// 1394// 1396//
f 1395// 1396// 1392//
f 1392// 1396// 1397//
f 1392// 1397// 1390//
f 1398// 1399// 1400//
f 1401// 1402// 1403//
f 1403// 1402// 1404//
f 1398// 1400// 1405//
f 1405// 1400// 1406//
f 1405// 1406// 1401//
f 1401// 1406// 1407//
f 1401// 1407// 1402//
f 1408// 1409// 1410//
f 1410// 1409// 1411//
f 1410// 1411// 1412//
f 1412// 1411// 1413//
f 1413// 1411// 1414//
f 1413// 1414// 1415//
f 1415// 1414// 1416//
f 1415// 1416// 1417//
f 1418// 1419// 1420//
f 1421// 1422// 1423//
f 1423// 1422// 1424//
f 1423// 1424// 1425//
f 1424// 1426// 1425//
f 1425// 1426// 1427//
f 1425// 1427// 1428//
f 1428// 1427// 1429//
f 1428// 1429// 1430//
f 1430// 1429// 1431//
f 1430// 1431// 1432//
f 1432// 1431// 1433//
f 1432// 1433// 1434//
f 1434// 1433// 1435//
f 1434// 1435// 1420//
f 1420// 1435// 1436//
f 1420// 1436// 1418//
f 1437// 1438// 1439//
f 1440// 1441// 1442//
f 1442// 1441// 1443//
f 1443// 1441// 1444//
f 1443// 1444// 1445//
f 1445// 1444// 1446//
f 1445// 1446// 1447//
f 1448// 1449// 1450//
f 1450// 1449// 1451//
f 1450// 1451// 1447//
f 1447// 1451// 1452//
f 1447// 1452// 1445//
f 1442// 1453// 1440//
f 1440// 1453// 1454//
f 1440// 1454// 1439//
f 1439// 1454// 1455//
f 1439// 1455// 1437//
f 1456// 1457// 1458//
f 1458// 1457// 1459//
f 1458// 1459// 1460//
f 1460// 1459// 1461//
f 1461// 1459// 1462//
f 1461// 1462// 1463//
f 1463// 1462// 1464//
f 1463// 1464// 1465//
f 1466// 1467// 1468//
f 1468// 1467// 1469//
f 1468// 1469// 1470//
f 1470// 1469// 1471//
f 1471// 1469// 1472//
f 1471// 1472// 1473//
f 1473// 1472// 1474//
f 1473// 1474// 1475//
f 1476// 1477// 1478//
f 1479// 1480// 1481//
f 1481// 1480// 1482//
f 1478// 1477// 1480//
f 1480// 1477// 1483//
f 1480// 1483// 1482//
f 1484// 1485// 1486//
f 1486// 1485// 1487//
f 1486// 1487// 1488//
f 1488// 1487// 1489//
f 1488// 1489// 1490//
f 1490// 1489// 1491//
f 1490// 1491// 1492//
f 1492// 1491// 1476//
f 1492// 1476// 1493//
f 1493// 1476// 1478//
f 1486// 1494// 1484//
f 1484// 1494// 1495//
f 1484// 1495// 1496//
f 1496// 1495// 1497//
f 1496// 1497// 1498//
f 1499// 1500// 1501//
f 1502// 1503// 1504//
f 1504// 1503// 1505//
f 1499// 1501// 1506//
f 1506// 1501// 1507//
f 1506// 1507// 1502//
f 1502// 1507// 1508//
f 1502// 1508// 1503//
f 1509// 1510// 1511//
f 1511// 1510// 1512//
f 1511// 1512// 1513//
f 1513// 1512// 1514//
f 1514// 1512// 1515//
f 1514// 1515// 1516//
f 1516// 1515// 1517//
f 1516// 1517// 1518//
f 1519// 1520// 1521//
f 1521// 1520// 1522//
f 1521// 1522// 1523//
f 1524// 1525// 1526//
f 1527// 1528// 1529//
f 1529// 1528// 1530//
f 1529// 1530// 1531//
f 1527// 1532// 1528//
f 1528// 1532// 1523//
f 1528// 1523// 1533//
f 1533// 1523// 1522//
f 1526// 1534// 1524//
f 1524// 1534// 1535//
f 1524// 1535// 1536//
f 1536// 1535// 1537//
f 1536// 1537// 1538//
f 1538// 1537// 1539//
f 1538// 1539// 1540//
f 1540// 1539// 1531//
f 1540// 1531// 1541//
f 1541// 1531// 1530//
f 1542// 1258// 1543//
f 1544// 38// 1545//
f 1545// 38// 39//
f 1542// 1543// 1546//
f 1546// 1543// 1547//
f 1546// 1547// 1544//
f 1544// 1547// 1548//
f 1544// 1548// 38//
f 672// 1549// 1550//
f 1550// 1549// 1551//
f 1550// 1551// 1552//
f 1552// 1551// 1553//
f 1553// 1551// 1554//
f 1553// 1554// 472//
f 472// 1554// 1555//
f 472// 1555// 474//
usemtl 1
f 1556// 979// 978//
f 1556// 978// 1557//
f 1557// 978// 1525//
f 1557// 1525// 1524//
f 1558// 1480// 1479//
f 1558// 1479// 1559//
f 1559// 1479// 592//
f 1559// 592// 591//
f 1503// 1560// 1505//
f 1505// 1560// 1561//
f 1505// 1561// 1518//
f 1518// 1561// 1516//
f 997// 1025// 1258//
f 1258// 1025// 1562//
f 1258// 1562// 1543//
f 1543// 1562// 1563//
f 1511// 1564// 1509//
f 1509// 1564// 1371//
f 1509// 1371// 1519//
f 1519// 1371// 1369//
f 1565// 1566// 1567//
f 1567// 1566// 1528//
f 1567// 1528// 1568//
f 1568// 1528// 1533//
f 1498// 1569// 1500//
f 1500// 1569// 1570//
f 1500// 1570// 1501//
f 1501// 1570// 1571//
f 1572// 1494// 1573//
f 1573// 1494// 1486//
f 1573// 1486// 1574//
f 1574// 1486// 1575//
f 1550// 1576// 672//
f 672// 1576// 1373//
f 672// 1373// 589//
f 589// 1373// 612//
usemtl 2
f 648// 1577// 649//
f 649// 1577// 1578//
f 739// 1579// 683//
f 683// 1579// 1580//
f 1581// 742// 1582//
f 1582// 742// 1583//
f 1584// 1585// 1586//
f 1586// 1585// 1587//
f 1588// 1589// 1590//
f 1590// 1589// 1591//
f 1592// 1593// 1594//
f 1594// 1593// 1595//
f 1596// 1597// 1598//
f 1598// 1597// 1599//
f 1600// 1601// 1602//
f 1602// 1601// 1603//
f 1225// 1604// 1605//
f 1605// 1604// 1606//
f 1046// 1607// 1047//
f 1047// 1607// 1608//
f 1259// 1609// 1113//
f 1113// 1609// 1610//
f 1611// 1612// 1613//
f 1613// 1612// 1614//
f 1615// 1616// 1617//
f 1618// 1619// 1620//
f 1620// 1619// 1621//
f 1620// 1621// 1622//
f 1621// 1623// 1622//
f 1622// 1623// 1624//
f 1622// 1624// 1625//
f 1625// 1624// 1626//
f 1625// 1626// 1627//
f 1627// 1626// 1628//
f 1627// 1628// 1629//
f 1629// 1628// 1630//
f 1629// 1630// 1631//
f 1631// 1630// 1632//
f 1631// 1632// 1617//
f 1617// 1632// 1633//
f 1617// 1633// 1615//
usemtl 1
f 1634// 1635// 1636//
f 1634// 1636// 1637//
f 1638// 1639// 1635//
f 1635// 1639// 1640//
f 1635// 1640// 1641//
f 1642// 1636// 1643//
f 1643// 1636// 1644//
f 1643// 1644// 1645//
f 1646// 1647// 1643//
f 1643// 1647// 1648//
f 1643// 1648// 1649//
f 1649// 1648// 1650//
f 1649// 1650// 1651//
f 1651// 1650// 1652//
f 1645// 1653// 1643//
f 1643// 1653// 1654//
f 1643// 1654// 1646//
f 1641// 1655// 1635//
f 1635// 1655// 1656//
f 1635// 1656// 1636//
f 1657// 1658// 1659//
f 1642// 1660// 1636//
f 1636// 1660// 1661//
f 1636// 1661// 1662//
f 1662// 1663// 1636//
f 1636// 1663// 1664//
f 1636// 1664// 1665//
f 1666// 1658// 1667//
f 1667// 1658// 1668//
f 1669// 1670// 1671//
f 1650// 1672// 1652//
f 1652// 1672// 1673//
f 1652// 1673// 1674//
f 1665// 1675// 1636//
f 1636// 1675// 1676//
f 1636// 1676// 1637//
f 1638// 1635// 1677//
f 1677// 1635// 1678//
f 1677// 1678// 1659//
f 1659// 1678// 1679//
f 1659// 1679// 1657//
f 1666// 1680// 1658//
f 1658// 1680// 1681//
f 1658// 1681// 1659//
f 1672// 1682// 1673//
f 1673// 1682// 1669//
f 1673// 1669// 1683//
f 1683// 1669// 1671//
f 1684// 1685// 1686//
f 1687// 1688// 1689//
f 1674// 1690// 1652//
f 1652// 1690// 1684//
f 1652// 1684// 1691//
f 1691// 1684// 1686//
f 1679// 1692// 1657//
f 1657// 1692// 1687//
f 1657// 1687// 1693//
f 1693// 1687// 1689//
f 1694// 1435// 1695//
f 1695// 1435// 1433//
f 1419// 1696// 1417//
f 1417// 1696// 1697//
f 1417// 1697// 1415//
f 1698// 1390// 1699//
f 1699// 1390// 1397//
f 1402// 1700// 1404//
f 1404// 1700// 1701//
f 1404// 1701// 1393//
f 1410// 1702// 1408//
f 1408// 1702// 1703//
f 1408// 1703// 1399//
f 1399// 1703// 1400//
f 1616// 1704// 1475//
f 1475// 1704// 1705//
f 1475// 1705// 1473//
f 1706// 1632// 1707//
f 1707// 1632// 1630//
f 1619// 1618// 1708//
f 1708// 1618// 1709//
f 1710// 1711// 1712//
f 1712// 1711// 1713//
f 1712// 1713// 1714//
f 1714// 1715// 1712//
f 1712// 1715// 1716//
f 1712// 1716// 1717//
f 1717// 1718// 1712//
f 1712// 1718// 1379//
f 1712// 1379// 1381//
f 1709// 1719// 1708//
f 1708// 1719// 1720//
f 1708// 1720// 1721//
f 1721// 1722// 1708//
f 1708// 1722// 1723//
f 1708// 1723// 1724//
f 1724// 1725// 1708//
f 1708// 1725// 1726//
f 1708// 1726// 1712//
f 1712// 1726// 1727//
f 1712// 1727// 1710//
f 1728// 1445// 1729//
f 1729// 1445// 1452//
f 1458// 1730// 1456//
f 1456// 1730// 1731//
f 1456// 1731// 1448//
f 1468// 1732// 1466//
f 1466// 1732// 1733//
f 1466// 1733// 1465//
f 1465// 1733// 1463//
f 1422// 1421// 1734//
f 1734// 1421// 1735//
f 1736// 1737// 1738//
f 1738// 1737// 1739//
f 1738// 1739// 1740//
f 1740// 1741// 1738//
f 1738// 1741// 1742//
f 1738// 1742// 1743//
f 1743// 1744// 1738//
f 1738// 1744// 1438//
f 1738// 1438// 1437//
f 1735// 1745// 1734//
f 1734// 1745// 1746//
f 1734// 1746// 1747//
f 1747// 1748// 1734//
f 1734// 1748// 1749//
f 1734// 1749// 1750//
f 1750// 1751// 1734//
f 1734// 1751// 1752//
f 1734// 1752// 1738//
f 1738// 1752// 1753//
f 1738// 1753// 1736//
usemtl 2
f 683// 1580// 684//
f 684// 1580// 1754//
f 684// 1754// 721//
f 721// 1754// 1755//
f 721// 1755// 648//
f 648// 1755// 1577//
f 1612// 1611// 1756//
f 1756// 1611// 1757//
f 1756// 1757// 1758//
f 1758// 1757// 1759//
f 1758// 1759// 1760//
f 1760// 1759// 1761//
f 1760// 1761// 1762//
f 1762// 1761// 1763//
f 1762// 1763// 1764//
f 1764// 1763// 1765//
f 1764// 1765// 1766//
f 1766// 1765// 1767//
f 1766// 1767// 1578//
f 1578// 1767// 649//
f 1609// 1259// 1768//
f 1768// 1259// 1769//
f 1768// 1769// 1770//
f 1770// 1769// 1771//
f 1770// 1771// 1772//
f 1772// 1771// 1773//
f 1772// 1773// 1774//
f 1774// 1773// 1775//
f 1774// 1775// 1776//
f 1776// 1775// 1777//
f 1776// 1777// 1778//
f 1778// 1777// 1779//
f 1778// 1779// 1614//
f 1614// 1779// 1613//
f 1113// 1610// 1112//
f 1112// 1610// 1780//
f 1112// 1780// 1111//
f 1111// 1780// 1781//
f 1111// 1781// 1046//
f 1046// 1781// 1607//
f 1604// 1225// 1782//
f 1782// 1225// 1224//
f 1783// 1784// 1228//
f 1228// 1784// 1785//
f 1228// 1785// 1224//
f 1224// 1785// 1786//
f 1224// 1786// 1782//
f 1240// 1787// 1239//
f 1239// 1787// 1788//
f 1239// 1788// 1227//
f 1227// 1788// 1789//
f 1227// 1789// 1228//
f 1228// 1789// 1790//
f 1228// 1790// 1783//
f 1047// 1608// 1248//
f 1248// 1608// 1791//
f 1248// 1791// 1247//
f 1247// 1791// 1792//
f 1247// 1792// 1246//
f 1246// 1792// 1793//
f 1246// 1793// 1245//
f 1245// 1793// 1794//
f 1245// 1794// 1201//
f 1201// 1794// 1795//
f 1201// 1795// 1202//
f 1202// 1795// 1796//
f 1202// 1796// 1241//
f 1241// 1796// 1797//
f 1241// 1797// 1242//
f 1242// 1797// 1798//
f 1242// 1798// 1243//
f 1243// 1798// 1799//
f 1243// 1799// 1244//
f 1244// 1799// 1800//
f 1244// 1800// 1240//
f 1240// 1800// 1801//
f 1240// 1801// 1787//
f 1601// 1600// 1802//
f 1802// 1600// 1803//
f 1802// 1803// 1804//
f 1804// 1803// 1805//
f 1804// 1805// 1806//
f 1806// 1805// 1807//
f 1806// 1807// 1808//
f 1808// 1807// 1809//
f 1808// 1809// 1810//
f 1810// 1809// 1811//
f 1810// 1811// 1812//
f 1812// 1811// 1813//
f 1812// 1813// 1814//
f 1814// 1813// 1815//
f 1814// 1815// 1816//
f 1816// 1815// 1817//
f 1816// 1817// 1818//
f 1818// 1817// 1819//
f 1818// 1819// 1820//
f 1820// 1819// 1821//
f 1820// 1821// 1822//
f 1822// 1821// 1823//
f 1824// 1825// 1826//
f 1826// 1825// 1827//
f 1826// 1827// 1828//
f 1828// 1827// 1829//
f 1828// 1829// 1830//
f 1830// 1829// 1831//
f 1830// 1831// 1823//
f 1823// 1831// 1832//
f 1823// 1832// 1822//
f 1824// 1826// 1833//
f 1833// 1826// 1834//
f 1833// 1834// 1835//
f 1835// 1834// 1836//
f 1836// 1834// 1605//
f 1836// 1605// 1606//
f 1602// 1603// 1837//
f 1837// 1603// 1838//
f 1837// 1838// 1839//
f 1839// 1838// 1840//
f 1839// 1840// 1596//
f 1596// 1840// 1597//
f 1593// 1592// 1841//
f 1841// 1592// 1842//
f 1841// 1842// 1843//
f 1843// 1842// 1844//
f 1843// 1844// 1845//
f 1845// 1844// 1846//
f 1845// 1846// 1847//
f 1847// 1846// 1848//
f 1847// 1848// 1849//
f 1849// 1848// 1850//
f 1849// 1850// 1851//
f 1851// 1850// 1852//
f 1851// 1852// 1599//
f 1599// 1852// 1598//
f 1590// 1591// 1853//
f 1853// 1591// 1854//
f 1853// 1854// 1855//
f 1855// 1854// 1856//
f 1855// 1856// 1584//
f 1584// 1856// 1585//
f 1579// 739// 1857//
f 1857// 739// 858//
f 1857// 858// 1858//
f 1858// 858// 861//
f 1858// 861// 1859//
f 1859// 861// 860//
f 1859// 860// 1860//
f 1860// 860// 864//
f 1860// 864// 1861//
f 1861// 864// 865//
f 1861// 865// 1862//
f 1862// 865// 869//
f 1862// 869// 1863//
f 1863// 869// 868//
f 1863// 868// 1864//
f 1864// 868// 867//
f 1864// 867// 1865//
f 1865// 867// 866//
f 1865// 866// 1866//
f 1866// 866// 827//
f 1866// 827// 1867//
f 1867// 827// 826//
f 1868// 1869// 871//
f 871// 1869// 1870//
f 871// 1870// 872//
f 872// 1870// 1871//
f 872// 1871// 873//
f 873// 1871// 1872//
f 873// 1872// 826//
f 826// 1872// 1873//
f 826// 1873// 1867//
f 1868// 871// 1874//
f 1874// 871// 870//
f 1874// 870// 1875//
f 1875// 870// 1876//
f 1876// 870// 742//
f 1876// 742// 1581//
f 1594// 1595// 1877//
f 1877// 1595// 1878//
f 1877// 1878// 1879//
f 1879// 1878// 1880//
f 1879// 1880// 1881//
f 1881// 1880// 1882//
f 1881// 1882// 1883//
f 1883// 1882// 1884//
f 1883// 1884// 1885//
f 1885// 1884// 1886//
f 1885// 1886// 1887//
f 1887// 1886// 1888//
f 1887// 1888// 1588//
f 1588// 1888// 1589//
f 1582// 1583// 1889//
f 1889// 1583// 1890//
f 1891// 1892// 1893//
f 1893// 1892// 1894//
f 1893// 1894// 1890//
f 1890// 1894// 1895//
f 1890// 1895// 1889//
f 1896// 1897// 1898//
f 1898// 1897// 1899//
f 1898// 1899// 1900//
f 1900// 1899// 1901//
f 1900// 1901// 1893//
f 1893// 1901// 1902//
f 1893// 1902// 1891//
f 1586// 1587// 1903//
f 1903// 1587// 1904//
f 1903// 1904// 1905//
f 1905// 1904// 1906//
f 1905// 1906// 1907//
f 1907// 1906// 1908//
f 1907// 1908// 1909//
f 1909// 1908// 1910//
f 1909// 1910// 1911//
f 1911// 1910// 1912//
f 1911// 1912// 1913//
f 1913// 1912// 1914//
f 1913// 1914// 1915//
f 1915// 1914// 1916//
f 1915// 1916// 1917//
f 1917// 1916// 1918//
f 1917// 1918// 1919//
f 1919// 1918// 1920//
f 1919// 1920// 1921//
f 1921// 1920// 1922//
f 1921// 1922// 1896//
f 1896// 1922// 1923//
f 1896// 1923// 1897//
usemtl 1
f 979// 1556// 1924//
f 979// 1924// 977//
f 977// 1924// 1925//
f 977// 1925// 990//
f 990// 1925// 1926//
f 990// 1926// 989//
f 989// 1926// 1927//
f 989// 1927// 987//
f 987// 1927// 1928//
f 987// 1928// 985//
f 985// 1928// 999//
f 985// 999// 983//
f 1738// 1437// 1455//
f 1738// 1455// 1929//
f 1929// 1455// 1454//
f 1929// 1454// 1930//
f 1930// 1454// 1453//
f 1930// 1453// 1931//
f 1931// 1453// 1442//
f 1931// 1442// 1932//
f 1932// 1442// 1443//
f 1932// 1443// 1933//
f 1933// 1443// 1445//
f 1933// 1445// 1728//
f 1695// 1433// 1431//
f 1695// 1431// 1934//
f 1934// 1431// 1429//
f 1934// 1429// 1935//
f 1935// 1429// 1427//
f 1935// 1427// 1936//
f 1936// 1427// 1426//
f 1936// 1426// 1937//
f 1937// 1426// 1424//
f 1937// 1424// 1938//
f 1938// 1424// 1422//
f 1938// 1422// 1734//
f 1528// 1566// 1939//
f 1528// 1939// 1530//
f 1530// 1939// 1940//
f 1530// 1940// 1541//
f 1541// 1940// 1941//
f 1541// 1941// 1540//
f 1540// 1941// 1942//
f 1540// 1942// 1538//
f 1538// 1942// 1943//
f 1538// 1943// 1536//
f 1536// 1943// 1557//
f 1536// 1557// 1524//
f 1480// 1558// 1944//
f 1480// 1944// 1478//
f 1478// 1944// 1945//
f 1478// 1945// 1493//
f 1493// 1945// 1946//
f 1493// 1946// 1492//
f 1492// 1946// 1947//
f 1492// 1947// 1490//
f 1490// 1947// 1948//
f 1490// 1948// 1488//
f 1488// 1948// 1575//
f 1488// 1575// 1486//
f 583// 581// 1949//
f 583// 1949// 596//
f 596// 1949// 1950//
f 596// 1950// 604//
f 604// 1950// 1951//
f 604// 1951// 603//
f 603// 1951// 1952//
f 603// 1952// 601//
f 601// 1952// 1953//
f 601// 1953// 599//
f 599// 1953// 1559//
f 599// 1559// 591//
f 1707// 1630// 1628//
f 1707// 1628// 1954//
f 1954// 1628// 1626//
f 1954// 1626// 1955//
f 1955// 1626// 1624//
f 1955// 1624// 1956//
f 1956// 1624// 1623//
f 1956// 1623// 1957//
f 1957// 1623// 1621//
f 1957// 1621// 1958//
f 1958// 1621// 1619//
f 1958// 1619// 1708//
f 1712// 1381// 1382//
f 1712// 1382// 1959//
f 1959// 1382// 1383//
f 1959// 1383// 1960//
f 1960// 1383// 1385//
f 1960// 1385// 1961//
f 1961// 1385// 1386//
f 1961// 1386// 1962//
f 1962// 1386// 1388//
f 1962// 1388// 1963//
f 1963// 1388// 1390//
f 1963// 1390// 1698//
f 1553// 472// 471//
f 471// 490// 1553//
f 1553// 490// 488//
f 1553// 488// 487//
f 487// 484// 1964//
f 1964// 484// 467//
f 1964// 467// 469//
f 487// 1964// 1553//
f 1553// 1964// 1965//
f 1553// 1965// 1552//
f 1552// 1965// 1576//
f 1552// 1576// 1550//
f 1543// 1563// 1966//
f 1543// 1966// 1547//
f 1547// 1966// 1967//
f 1547// 1967// 1548//
f 70// 60// 1967//
f 1967// 60// 62//
f 1967// 62// 1548//
f 1548// 62// 55//
f 1548// 55// 54//
f 54// 43// 1548//
f 1548// 43// 36//
f 1548// 36// 38//
f 1968// 1969// 1533//
f 1533// 1969// 1970//
f 1533// 1970// 1568//
f 1971// 1972// 1520//
f 1520// 1972// 1973//
f 1520// 1973// 1522//
f 1522// 1973// 1974//
f 1522// 1974// 1533//
f 1533// 1974// 1975//
f 1533// 1975// 1968//
f 1519// 1369// 1976//
f 1976// 1977// 1519//
f 1519// 1977// 1978//
f 1519// 1978// 1520//
f 1520// 1978// 1979//
f 1520// 1979// 1971//
f 1516// 1561// 1980//
f 1516// 1980// 1514//
f 1514// 1980// 1981//
f 1514// 1981// 1513//
f 1513// 1981// 1564//
f 1513// 1564// 1511//
f 1501// 1571// 1982//
f 1501// 1982// 1507//
f 1507// 1982// 1983//
f 1507// 1983// 1508//
f 1508// 1983// 1560//
f 1508// 1560// 1503//
f 1984// 1498// 1497//
f 1984// 1985// 1498//
f 1498// 1985// 1986//
f 1498// 1986// 1569//
f 1987// 1988// 1497//
f 1497// 1988// 1989//
f 1497// 1989// 1984//
f 1987// 1497// 1990//
f 1990// 1497// 1495//
f 1990// 1495// 1991//
f 1494// 1572// 1992//
f 1992// 1993// 1494//
f 1494// 1993// 1994//
f 1494// 1994// 1495//
f 1495// 1994// 1995//
f 1495// 1995// 1991//
f 1632// 1706// 1633//
f 1633// 1706// 1996//
f 1633// 1996// 1615//
f 1615// 1996// 1997//
f 1615// 1997// 1616//
f 1616// 1997// 1704//
f 1393// 1701// 1394//
f 1394// 1701// 1998//
f 1394// 1998// 1396//
f 1396// 1998// 1999//
f 1396// 1999// 1397//
f 1397// 1999// 1699//
f 1700// 1402// 1407//
f 1700// 1407// 2000//
f 2000// 1407// 1406//
f 2000// 1406// 2001//
f 2001// 1406// 1400//
f 2001// 1400// 1703//
f 1702// 1410// 1412//
f 1702// 1412// 2002//
f 2002// 1412// 1413//
f 2002// 1413// 2003//
f 2003// 1413// 1415//
f 2003// 1415// 1697//
f 1435// 1694// 1436//
f 1436// 1694// 2004//
f 1436// 2004// 1418//
f 1418// 2004// 2005//
f 1418// 2005// 1419//
f 1419// 2005// 1696//
f 1448// 1731// 1449//
f 1449// 1731// 2006//
f 1449// 2006// 1451//
f 1451// 2006// 2007//
f 1451// 2007// 1452//
f 1452// 2007// 1729//
f 1730// 1458// 1460//
f 1730// 1460// 2008//
f 2008// 1460// 1461//
f 2008// 1461// 2009//
f 2009// 1461// 1463//
f 2009// 1463// 1733//
f 1732// 1468// 1470//
f 1732// 1470// 2010//
f 2010// 1470// 1471//
f 2010// 1471// 2011//
f 2011// 1471// 1473//
f 2011// 1473// 1705//
f 1371// 1564// 1372//
f 1372// 1564// 2012//
f 1566// 1565// 2013//
f 2013// 1565// 2014//
f 2012// 1564// 1981//
f 2012// 1981// 2015//
f 2015// 1981// 1980//
f 2015// 1980// 2016//
f 2016// 1980// 1561//
f 2016// 1561// 2017//
f 2018// 1557// 1943//
f 2018// 1943// 2019//
f 2019// 1943// 1942//
f 2019// 1942// 2020//
f 2020// 1942// 1941//
f 2020// 1941// 2021//
f 2021// 1941// 1940//
f 2021// 1940// 2022//
f 2022// 1940// 1939//
f 2022// 1939// 2023//
f 2023// 1939// 1566//
f 2023// 1566// 2013//
f 2024// 2017// 1561//
f 1560// 2025// 2026//
f 1561// 1560// 2024//
f 2024// 1560// 2026//
f 2024// 2026// 1375//
f 1375// 2026// 1376//
f 1556// 1557// 2027//
f 2027// 1557// 2018//
f 2025// 1560// 1983//
f 2025// 1983// 2028//
f 2028// 1983// 1982//
f 2028// 1982// 2029//
f 2029// 1982// 1571//
f 2029// 1571// 2030//
f 1274// 999// 1928//
f 1274// 1928// 2031//
f 2031// 1928// 1927//
f 2031// 1927// 2032//
f 2032// 1927// 1926//
f 2032// 1926// 2033//
f 2033// 1926// 1925//
f 2033// 1925// 2034//
f 2034// 1925// 1924//
f 2034// 1924// 2035//
f 2035// 1924// 1556//
f 2035// 1556// 2027//
f 1571// 1570// 2030//
f 2030// 1570// 2036//
f 1000// 999// 1276//
f 1276// 999// 1274//
f 1574// 1575// 2037//
f 2037// 1575// 2038//
f 1563// 1562// 2039//
f 2039// 1562// 2040//
f 2038// 1575// 1948//
f 2038// 1948// 2041//
f 2041// 1948// 1947//
f 2041// 1947// 2042//
f 2042// 1947// 1946//
f 2042// 1946// 2043//
f 2043// 1946// 1945//
f 2043// 1945// 2044//
f 2044// 1945// 1944//
f 2044// 1944// 2045//
f 2045// 1944// 1558//
f 2045// 1558// 2046//
f 2047// 70// 1967//
f 2047// 1967// 2048//
f 2048// 1967// 1966//
f 2048// 1966// 2049//
f 2049// 1966// 1563//
f 2049// 1563// 2039//
f 1558// 1559// 2046//
f 2046// 1559// 2050//
f 70// 2047// 2051//
f 2052// 469// 2053//
f 2053// 469// 470//
f 2053// 470// 1378//
f 470// 193// 1378//
f 1378// 193// 196//
f 1378// 196// 217//
f 217// 453// 1378//
f 1378// 453// 273//
f 1378// 273// 1377//
f 1377// 273// 253//
f 1377// 253// 2051//
f 2051// 253// 252//
f 2051// 252// 523//
f 523// 432// 2051//
f 2051// 432// 82//
f 2051// 82// 70//
f 2050// 1559// 1953//
f 2050// 1953// 2054//
f 2054// 1953// 1952//
f 2054// 1952// 2055//
f 2055// 1952// 1951//
f 2055// 1951// 2056//
f 2056// 1951// 1950//
f 2056// 1950// 2057//
f 2057// 1950// 1949//
f 2057// 1949// 2058//
f 2058// 1949// 581//
f 2058// 581// 895//
f 2059// 1576// 1965//
f 2059// 1965// 2060//
f 2060// 1965// 1964//
f 2060// 1964// 2061//
f 2061// 1964// 469//
f 2061// 469// 2052//
f 581// 580// 895//
f 895// 580// 894//
f 1373// 1576// 1374//
f 1374// 1576// 2059//
f 1731// 1642// 2006//
f 2006// 1642// 1643//
f 2006// 1643// 2007//
f 2007// 1643// 1649//
f 2007// 1649// 1729//
f 1729// 1649// 1651//
f 1730// 1660// 1731//
f 1731// 1660// 1642//
f 1652// 1728// 1651//
f 1651// 1728// 1729//
f 1660// 1730// 2008//
f 1660// 2008// 1661//
f 1661// 2008// 2009//
f 1661// 2009// 1662//
f 1662// 2009// 1733//
f 1662// 1733// 1663//
f 1674// 1738// 1929//
f 1674// 1929// 1690//
f 1690// 1929// 1930//
f 1690// 1930// 1684//
f 1684// 1930// 1931//
f 1684// 1931// 1685//
f 1685// 1931// 1932//
f 1685// 1932// 1686//
f 1686// 1932// 1933//
f 1686// 1933// 1691//
f 1691// 1933// 1728//
f 1691// 1728// 1652//
f 1732// 1664// 1733//
f 1733// 1664// 1663//
f 1673// 1734// 1674//
f 1674// 1734// 1738//
f 1664// 1732// 2010//
f 1664// 2010// 1665//
f 1665// 2010// 2011//
f 1665// 2011// 1675//
f 1675// 2011// 1705//
f 1675// 1705// 1676//
f 1672// 1695// 1934//
f 1672// 1934// 1682//
f 1682// 1934// 1935//
f 1682// 1935// 1669//
f 1669// 1935// 1936//
f 1669// 1936// 1670//
f 1670// 1936// 1937//
f 1670// 1937// 1671//
f 1671// 1937// 1938//
f 1671// 1938// 1683//
f 1683// 1938// 1734//
f 1683// 1734// 1673//
f 1704// 1637// 1705//
f 1705// 1637// 1676//
f 1650// 1694// 1672//
f 1672// 1694// 1695//
f 1706// 1678// 1996//
f 1996// 1678// 1635//
f 1996// 1635// 1997//
f 1997// 1635// 1634//
f 1997// 1634// 1704//
f 1704// 1634// 1637//
f 1694// 1650// 2004//
f 2004// 1650// 1648//
f 2004// 1648// 2005//
f 2005// 1648// 1647//
f 2005// 1647// 1696//
f 1696// 1647// 1646//
f 1707// 1679// 1706//
f 1706// 1679// 1678//
f 1654// 1697// 1646//
f 1646// 1697// 1696//
f 1679// 1707// 1954//
f 1679// 1954// 1692//
f 1692// 1954// 1955//
f 1692// 1955// 1687//
f 1687// 1955// 1956//
f 1687// 1956// 1688//
f 1688// 1956// 1957//
f 1688// 1957// 1689//
f 1689// 1957// 1958//
f 1689// 1958// 1693//
f 1693// 1958// 1708//
f 1693// 1708// 1657//
f 1644// 1702// 2002//
f 1644// 2002// 1645//
f 1645// 2002// 2003//
f 1645// 2003// 1653//
f 1653// 2003// 1697//
f 1653// 1697// 1654//
f 1712// 1658// 1708//
f 1708// 1658// 1657//
f 1636// 1703// 1644//
f 1644// 1703// 1702//
f 1658// 1712// 1959//
f 1658// 1959// 1668//
f 1668// 1959// 1960//
f 1668// 1960// 1667//
f 1667// 1960// 1961//
f 1667// 1961// 1666//
f 1666// 1961// 1962//
f 1666// 1962// 1680//
f 1680// 1962// 1963//
f 1680// 1963// 1681//
f 1681// 1963// 1698//
f 1681// 1698// 1659//
f 1641// 1700// 2000//
f 1641// 2000// 1655//
f 1655// 2000// 2001//
f 1655// 2001// 1656//
f 1656// 2001// 1703//
f 1656// 1703// 1636//
f 1699// 1677// 1698//
f 1698// 1677// 1659//
f 1640// 1701// 1641//
f 1641// 1701// 1700//
f 1701// 1640// 1998//
f 1998// 1640// 1639//
f 1998// 1639// 1999//
f 1999// 1639// 1638//
f 1999// 1638// 1699//
f 1699// 1638// 1677//
usemtl 2
f 1225// 1605// 1223//
f 1223// 1605// 2062//
f 1223// 2062// 1221//
f 1221// 2062// 2063//
f 1221// 2063// 1194//
f 1194// 2063// 2064//
f 1194// 2064// 1192//
f 1192// 2064// 2065//
f 1192// 2065// 1191//
f 1191// 2065// 2066//
f 1191// 2066// 1189//
f 1189// 2066// 2067//
f 1189// 2067// 1187//
f 1187// 2067// 2068//
f 1187// 2068// 1185//
f 1185// 2068// 2069//
f 1185// 2069// 1173//
f 1173// 2069// 2070//
f 1173// 2070// 1171//
f 1171// 2070// 2071//
f 1171// 2071// 1170//
f 1170// 2071// 2072//
f 1170// 2072// 978//
f 978// 2072// 1525//
f 2073// 2074// 1613//
f 2074// 2073// 2075//
f 1545// 39// 2076//
f 1544// 1545// 2077//
f 1546// 1544// 2078//
f 1542// 1546// 2079//
f 1542// 2080// 1258//
f 1258// 2080// 1257//
f 1257// 2080// 1256//
f 1256// 2080// 2081//
f 1256// 2081// 1255//
f 1545// 2076// 2077//
f 2077// 2076// 2082//
f 2077// 2082// 2083//
f 2082// 2084// 2083//
f 2083// 2084// 2085//
f 2083// 2085// 2086//
f 1255// 2081// 1267//
f 1267// 2081// 2087//
f 1267// 2087// 1266//
f 1266// 2087// 2088//
f 1266// 2088// 1265//
f 1265// 2088// 2089//
f 1265// 2089// 1264//
f 1264// 2089// 1263//
f 1263// 2089// 2090//
f 1263// 2090// 1262//
f 1546// 2078// 2079//
f 2079// 2078// 2091//
f 2079// 2091// 2092//
f 2092// 2091// 2093//
f 2092// 2093// 2094//
f 2094// 2093// 2095//
f 2094// 2095// 2096//
f 2096// 2095// 2097//
f 2096// 2097// 2098//
f 2098// 2097// 2099//
f 2098// 2099// 2100//
f 1544// 2077// 2078//
f 2078// 2077// 2083//
f 2078// 2083// 2091//
f 2091// 2083// 2086//
f 2091// 2086// 2093//
f 2093// 2086// 2101//
f 2093// 2101// 2095//
f 2095// 2101// 2102//
f 2095// 2102// 2097//
f 2097// 2102// 2103//
f 2097// 2103// 2099//
f 2104// 2103// 2105//
f 2105// 2103// 2102//
f 2105// 2102// 2106//
f 2106// 2102// 2101//
f 2106// 2101// 2107//
f 2107// 2101// 2086//
f 2107// 2086// 2108//
f 2108// 2086// 2085//
f 2104// 2075// 2103//
f 2103// 2075// 2073//
f 2103// 2073// 2099//
f 2099// 2073// 2109//
f 2099// 2109// 2100//
f 2100// 2109// 2110//
f 1262// 2090// 1261//
f 1261// 2090// 2111//
f 1261// 2111// 1260//
f 1260// 2111// 1769//
f 1260// 1769// 1259//
f 1542// 2079// 2080//
f 2080// 2079// 2092//
f 2080// 2092// 2081//
f 2081// 2092// 2094//
f 2081// 2094// 2087//
f 2087// 2094// 2096//
f 2087// 2096// 2088//
f 2088// 2096// 2098//
f 2088// 2098// 2089//
f 2089// 2098// 2100//
f 2089// 2100// 2090//
f 2090// 2100// 2110//
f 2090// 2110// 2111//
f 2111// 2110// 1771//
f 2111// 1771// 1769//
f 1613// 1779// 2073//
f 2073// 1779// 1777//
f 2073// 1777// 2109//
f 2109// 1777// 1775//
f 2109// 1775// 2110//
f 2110// 1775// 1773//
f 2110// 1773// 1771//
f 2112// 2113// 2114//
f 2112// 2114// 2115//
f 2115// 2114// 2116//
f 2115// 2116// 2117//
f 2117// 2116// 2118//
f 2117// 2118// 2119//
f 1600// 1602// 2120//
f 2120// 1602// 2121//
f 2120// 2121// 2122//
f 2122// 2121// 2123//
f 2122// 2123// 2124//
f 2124// 2123// 2125//
f 2124// 2125// 2126//
f 2126// 2125// 2127//
f 2126// 2127// 2128//
f 2128// 2127// 2119//
f 2128// 2119// 2129//
f 2129// 2119// 2118//
f 2130// 2062// 1605//
f 2131// 2132// 2133//
f 1526// 1525// 2072//
f 2134// 1521// 1523//
f 2134// 1523// 2135//
f 2136// 2137// 2135//
f 2137// 2136// 2138//
f 2138// 2136// 2139//
f 2138// 2139// 2140//
f 2140// 2139// 2113//
f 2113// 2139// 2141//
f 2113// 2141// 2114//
f 1539// 2132// 1531//
f 1531// 2132// 2131//
f 1531// 2131// 1529//
f 2142// 2133// 2143//
f 2143// 2133// 2132//
f 2143// 2132// 2144//
f 2144// 2132// 1539//
f 2144// 1539// 1537//
f 1526// 2072// 2145//
f 2145// 2072// 2071//
f 2145// 2071// 2146//
f 2147// 2142// 2148//
f 2148// 2142// 2143//
f 2148// 2143// 2149//
f 2149// 2143// 2144//
f 2149// 2144// 2150//
f 2150// 2144// 1537//
f 2150// 1537// 1535//
f 2071// 2070// 2146//
f 2146// 2070// 2069//
f 2146// 2069// 2151//
f 2114// 2141// 2116//
f 2116// 2141// 2152//
f 2116// 2152// 2118//
f 2153// 2147// 2154//
f 2154// 2147// 2148//
f 2154// 2148// 2155//
f 2155// 2148// 2149//
f 2155// 2149// 2156//
f 2156// 2149// 2150//
f 2156// 2150// 2157//
f 2157// 2150// 1535//
f 2157// 1535// 1534//
f 2118// 2152// 2129//
f 2129// 2152// 2158//
f 2129// 2158// 2128//
f 2159// 2153// 2160//
f 2160// 2153// 2154//
f 2160// 2154// 2161//
f 2161// 2154// 2155//
f 2161// 2155// 2151//
f 2151// 2155// 2156//
f 2151// 2156// 2146//
f 2146// 2156// 2157//
f 2146// 2157// 2145//
f 2145// 2157// 1534//
f 2145// 1534// 1526//
f 2128// 2158// 2126//
f 2126// 2158// 2162//
f 2126// 2162// 2124//
f 2163// 2164// 2165//
f 2166// 2164// 2167//
f 2167// 2164// 2163//
f 2167// 2163// 2168//
f 1823// 1821// 2169//
f 2169// 1821// 2168//
f 2169// 2168// 2170//
f 2170// 2168// 2163//
f 2170// 2163// 2171//
f 2171// 2163// 2165//
f 2171// 2165// 2172//
f 1523// 1532// 2173//
f 2173// 1532// 2174//
f 2173// 2174// 2175//
f 2175// 2174// 2176//
f 2175// 2176// 2177//
f 2177// 2176// 2178//
f 2177// 2178// 2179//
f 2179// 2178// 2180//
f 2179// 2180// 2181//
f 2181// 2180// 2182//
f 2181// 2182// 2183//
f 2183// 2182// 2184//
f 2183// 2184// 2185//
f 2185// 2184// 2186//
f 1532// 1527// 2174//
f 2174// 1527// 2187//
f 2174// 2187// 2176//
f 2176// 2187// 2188//
f 2176// 2188// 2178//
f 2178// 2188// 2189//
f 2178// 2189// 2180//
f 2180// 2189// 2190//
f 2180// 2190// 2182//
f 2182// 2190// 2191//
f 2182// 2191// 2184//
f 2184// 2191// 2192//
f 2184// 2192// 2186//
f 2186// 2192// 2130//
f 2069// 2068// 2151//
f 2151// 2068// 2067//
f 2151// 2067// 2161//
f 2161// 2067// 2066//
f 2161// 2066// 2160//
f 2160// 2066// 2065//
f 2160// 2065// 2159//
f 2159// 2065// 2064//
f 2159// 2064// 2063//
f 1527// 1529// 2187//
f 2187// 1529// 2131//
f 2187// 2131// 2188//
f 2188// 2131// 2133//
f 2188// 2133// 2189//
f 2189// 2133// 2142//
f 2189// 2142// 2190//
f 2190// 2142// 2147//
f 2190// 2147// 2191//
f 2191// 2147// 2153//
f 2191// 2153// 2192//
f 2192// 2153// 2159//
f 2192// 2159// 2130//
f 2130// 2159// 2063//
f 2130// 2063// 2062//
f 2124// 2162// 2122//
f 2122// 2162// 2193//
f 2122// 2193// 2120//
f 2120// 2193// 1803//
f 2120// 1803// 1600//
f 2194// 1807// 1805//
f 2136// 2195// 2139//
f 2139// 2195// 2196//
f 2139// 2196// 2141//
f 2141// 2196// 2197//
f 2141// 2197// 2152//
f 2152// 2197// 2198//
f 2152// 2198// 2158//
f 2158// 2198// 2199//
f 2158// 2199// 2162//
f 2162// 2199// 2194//
f 2162// 2194// 2193//
f 2193// 2194// 1805//
f 2193// 1805// 1803//
f 2195// 2200// 2196//
f 2196// 2200// 2201//
f 2196// 2201// 2197//
f 2197// 2201// 2202//
f 2197// 2202// 2198//
f 2198// 2202// 2203//
f 2198// 2203// 2199//
f 2199// 2203// 2204//
f 2199// 2204// 2194//
f 2194// 2204// 1809//
f 2194// 1809// 1807//
f 2200// 2172// 2201//
f 2201// 2172// 2165//
f 2201// 2165// 2202//
f 2202// 2165// 2164//
f 2202// 2164// 2203//
f 2203// 2164// 2166//
f 2203// 2166// 2204//
f 2204// 2166// 1811//
f 2204// 1811// 1809//
f 1821// 1819// 2168//
f 2168// 1819// 1817//
f 2168// 1817// 2167//
f 2167// 1817// 1815//
f 2167// 1815// 2166//
f 2166// 1815// 1813//
f 2166// 1813// 1811//
f 2135// 1523// 2136//
f 2136// 1523// 2173//
f 2136// 2173// 2195//
f 2195// 2173// 2175//
f 2195// 2175// 2200//
f 2200// 2175// 2177//
f 2200// 2177// 2172//
f 2172// 2177// 2179//
f 2172// 2179// 2171//
f 2171// 2179// 2181//
f 2171// 2181// 2170//
f 2170// 2181// 2183//
f 2170// 2183// 2169//
f 2169// 2183// 2185//
f 2169// 2185// 1823//
f 1605// 1834// 2130//
f 2130// 1834// 1826//
f 2130// 1826// 2186//
f 2186// 1826// 1828//
f 2186// 1828// 2185//
f 2185// 1828// 1830//
f 2185// 1830// 1823//
f 1611// 1613// 2205//
f 2205// 1613// 2074//
f 2205// 2074// 2206//
f 2206// 2074// 2075//
f 2206// 2075// 2207//
f 2207// 2075// 2104//
f 2207// 2104// 2208//
f 2208// 2104// 2105//
f 2208// 2105// 2209//
f 2209// 2105// 2106//
f 2209// 2106// 2210//
f 2210// 2106// 2107//
f 2210// 2107// 2211//
f 2211// 2107// 2108//
f 2211// 2108// 2212//
f 2212// 2108// 2085//
f 2212// 2085// 2213//
f 2213// 2085// 2084//
f 2213// 2084// 2214//
f 2214// 2084// 2082//
f 2214// 2082// 2076//
f 2076// 39// 40//
f 2076// 40// 2214//
f 2214// 40// 579//
f 2214// 579// 578//
f 578// 577// 2214//
f 2214// 577// 576//
f 2214// 576// 575//
f 575// 574// 2214//
f 2214// 574// 573//
f 2214// 573// 572//
f 572// 571// 2214//
f 2214// 571// 570//
f 2214// 570// 2215//
f 2215// 570// 474//
f 2121// 1602// 1837//
f 2125// 2123// 2216//
f 2217// 2218// 2219//
f 2220// 2221// 2222//
f 2223// 2224// 2225//
f 2225// 2224// 2226//
f 2112// 2115// 2217//
f 2224// 2220// 2226//
f 2226// 2220// 2222//
f 2226// 2222// 2227//
f 2228// 2229// 2227//
f 2227// 2229// 2230//
f 2227// 2230// 2226//
f 2226// 2230// 2231//
f 2226// 2231// 2225//
f 2232// 2228// 2219//
f 2219// 2228// 2227//
f 2219// 2227// 2217//
f 2217// 2227// 2222//
f 2217// 2222// 2112//
f 2112// 2222// 2221//
f 2112// 2221// 2113//
f 2115// 2117// 2217//
f 2217// 2117// 2119//
f 2217// 2119// 2218//
f 2218// 2119// 2127//
f 2218// 2127// 2125//
f 2233// 2234// 2235//
f 2125// 2216// 2218//
f 2218// 2216// 2233//
f 2218// 2233// 2219//
f 2219// 2233// 2235//
f 2219// 2235// 2232//
f 1596// 2234// 1839//
f 1839// 2234// 2233//
f 1839// 2233// 1837//
f 1837// 2233// 2216//
f 1837// 2216// 2121//
f 2121// 2216// 2123//
f 1521// 2236// 2237//
f 2237// 2236// 2238//
f 2224// 2223// 2239//
f 2240// 2220// 2224//
f 2224// 2239// 2240//
f 2240// 2239// 2241//
f 2240// 2241// 2238//
f 2238// 2241// 2242//
f 2238// 2242// 2237//
f 2113// 2221// 2140//
f 2140// 2221// 2220//
f 2140// 2220// 2138//
f 2138// 2220// 2240//
f 2138// 2240// 2137//
f 2137// 2240// 2238//
f 2137// 2238// 2135//
f 2135// 2238// 2236//
f 2135// 2236// 2134//
f 2134// 2236// 1521//
f 2243// 651// 649//
f 651// 2243// 653//
f 1549// 672// 671//
f 1551// 1549// 2244//
f 1554// 1551// 2245//
f 1555// 1554// 2246//
f 1555// 2247// 474//
f 474// 2247// 2215//
f 2215// 2247// 2214//
f 2214// 2247// 2248//
f 2214// 2248// 2213//
f 1549// 671// 2244//
f 2244// 671// 669//
f 2244// 669// 2249//
f 669// 667// 2249//
f 2249// 667// 665//
f 2249// 665// 2250//
f 2213// 2248// 2212//
f 2212// 2248// 2251//
f 2212// 2251// 2211//
f 2211// 2251// 2252//
f 2211// 2252// 2210//
f 2210// 2252// 2253//
f 2210// 2253// 2209//
f 2209// 2253// 2208//
f 2208// 2253// 2254//
f 2208// 2254// 2207//
f 1554// 2245// 2246//
f 2246// 2245// 2255//
f 2246// 2255// 2256//
f 2256// 2255// 2257//
f 2256// 2257// 2258//
f 2258// 2257// 2259//
f 2258// 2259// 2260//
f 2260// 2259// 2261//
f 2260// 2261// 2262//
f 2262// 2261// 2263//
f 2262// 2263// 2264//
f 1551// 2244// 2245//
f 2245// 2244// 2249//
f 2245// 2249// 2255//
f 2255// 2249// 2250//
f 2255// 2250// 2257//
f 2257// 2250// 2265//
f 2257// 2265// 2259//
f 2259// 2265// 2266//
f 2259// 2266// 2261//
f 2261// 2266// 2267//
f 2261// 2267// 2263//
f 655// 2267// 657//
f 657// 2267// 2266//
f 657// 2266// 658//
f 658// 2266// 2265//
f 658// 2265// 660//
f 660// 2265// 2250//
f 660// 2250// 663//
f 663// 2250// 665//
f 655// 653// 2267//
f 2267// 653// 2243//
f 2267// 2243// 2263//
f 2263// 2243// 2268//
f 2263// 2268// 2264//
f 2264// 2268// 2269//
f 2207// 2254// 2206//
f 2206// 2254// 2270//
f 2206// 2270// 2205//
f 2205// 2270// 1757//
f 2205// 1757// 1611//
f 1555// 2246// 2247//
f 2247// 2246// 2256//
f 2247// 2256// 2248//
f 2248// 2256// 2258//
f 2248// 2258// 2251//
f 2251// 2258// 2260//
f 2251// 2260// 2252//
f 2252// 2260// 2262//
f 2252// 2262// 2253//
f 2253// 2262// 2264//
f 2253// 2264// 2254//
f 2254// 2264// 2269//
f 2254// 2269// 2270//
f 2270// 2269// 1759//
f 2270// 1759// 1757//
f 649// 1767// 2243//
f 2243// 1767// 1765//
f 2243// 1765// 2268//
f 2268// 1765// 1763//
f 2268// 1763// 2269//
f 2269// 1763// 1761//
f 2269// 1761// 1759//
f 2271// 2272// 2242//
f 2272// 1509// 2242//
f 2242// 1509// 1519//
f 2242// 1519// 2237//
f 2237// 1519// 1521//
f 1596// 1598// 2234//
f 2234// 1598// 2273//
f 2234// 2273// 2235//
f 2235// 2273// 2274//
f 2235// 2274// 2232//
f 2232// 2274// 2275//
f 2232// 2275// 2228//
f 2275// 2276// 2228//
f 2228// 2276// 2277//
f 2228// 2277// 2229//
f 2229// 2277// 2278//
f 2242// 2241// 2271//
f 2271// 2241// 2239//
f 2271// 2239// 2279//
f 2279// 2239// 2223//
f 2279// 2223// 2280//
f 2280// 2223// 2225//
f 2280// 2225// 2281//
f 2281// 2225// 2231//
f 2281// 2231// 2278//
f 2278// 2231// 2230//
f 2278// 2230// 2229//
f 2282// 2273// 1598//
f 2273// 2282// 2274//
f 1510// 1509// 2272//
f 1512// 1510// 2283//
f 1515// 1512// 2284//
f 1517// 1515// 2285//
f 1517// 2286// 1518//
f 1518// 2286// 2287//
f 2287// 2286// 2288//
f 2288// 2286// 2289//
f 2288// 2289// 2290//
f 1510// 2272// 2283//
f 2283// 2272// 2271//
f 2283// 2271// 2291//
f 2271// 2279// 2291//
f 2291// 2279// 2280//
f 2291// 2280// 2292//
f 2290// 2289// 2293//
f 2293// 2289// 2294//
f 2293// 2294// 2295//
f 2295// 2294// 2296//
f 2295// 2296// 2297//
f 2297// 2296// 2298//
f 2297// 2298// 2299//
f 2299// 2298// 2300//
f 2300// 2298// 2301//
f 2300// 2301// 2302//
f 1515// 2284// 2285//
f 2285// 2284// 2303//
f 2285// 2303// 2304//
f 2304// 2303// 2305//
f 2304// 2305// 2306//
f 2306// 2305// 2307//
f 2306// 2307// 2308//
f 2308// 2307// 2309//
f 2308// 2309// 2310//
f 2310// 2309// 2311//
f 2310// 2311// 2312//
f 1512// 2283// 2284//
f 2284// 2283// 2291//
f 2284// 2291// 2303//
f 2303// 2291// 2292//
f 2303// 2292// 2305//
f 2305// 2292// 2313//
f 2305// 2313// 2307//
f 2307// 2313// 2314//
f 2307// 2314// 2309//
f 2309// 2314// 2315//
f 2309// 2315// 2311//
f 2275// 2315// 2276//
f 2276// 2315// 2314//
f 2276// 2314// 2277//
f 2277// 2314// 2313//
f 2277// 2313// 2278//
f 2278// 2313// 2292//
f 2278// 2292// 2281//
f 2281// 2292// 2280//
f 2275// 2274// 2315//
f 2315// 2274// 2282//
f 2315// 2282// 2311//
f 2311// 2282// 2316//
f 2311// 2316// 2312//
f 2312// 2316// 2317//
f 2302// 2301// 2318//
f 2318// 2301// 2319//
f 2318// 2319// 2320//
f 2320// 2319// 1842//
f 2320// 1842// 1592//
f 1517// 2285// 2286//
f 2286// 2285// 2304//
f 2286// 2304// 2289//
f 2289// 2304// 2306//
f 2289// 2306// 2294//
f 2294// 2306// 2308//
f 2294// 2308// 2296//
f 2296// 2308// 2310//
f 2296// 2310// 2298//
f 2298// 2310// 2312//
f 2298// 2312// 2301//
f 2301// 2312// 2317//
f 2301// 2317// 2319//
f 2319// 2317// 1844//
f 2319// 1844// 1842//
f 1598// 1852// 2282//
f 2282// 1852// 1850//
f 2282// 1850// 2316//
f 2316// 1850// 1848//
f 2316// 1848// 2317//
f 2317// 1848// 1846//
f 2317// 1846// 1844//
f 1505// 1518// 2321//
f 2321// 1518// 2287//
f 2321// 2287// 2322//
f 2322// 2287// 2288//
f 2322// 2288// 2323//
f 2323// 2288// 2290//
f 2323// 2290// 2324//
f 2324// 2290// 2293//
f 2324// 2293// 2325//
f 2325// 2293// 2295//
f 2325// 2295// 2326//
f 2326// 2295// 2297//
f 2326// 2297// 2327//
f 2327// 2297// 2299//
f 2327// 2299// 2328//
f 2328// 2299// 2300//
f 2328// 2300// 2329//
f 2329// 2300// 2302//
f 2329// 2302// 2330//
f 2330// 2302// 2318//
f 2330// 2318// 2331//
f 2331// 2318// 2320//
f 2331// 2320// 1594//
f 1594// 2320// 1592//
f 2332// 2331// 1594//
f 2331// 2332// 2330//
f 1504// 1505// 2321//
f 1502// 1504// 2333//
f 1506// 1502// 2334//
f 1499// 1506// 2335//
f 1499// 2336// 1500//
f 1500// 2336// 2337//
f 2337// 2336// 2338//
f 2338// 2336// 2339//
f 2338// 2339// 2340//
f 1504// 2321// 2333//
f 2333// 2321// 2322//
f 2333// 2322// 2341//
f 2322// 2323// 2341//
f 2341// 2323// 2324//
f 2341// 2324// 2342//
f 2340// 2339// 2343//
f 2343// 2339// 2344//
f 2343// 2344// 2345//
f 2345// 2344// 2346//
f 2345// 2346// 2347//
f 2347// 2346// 2348//
f 2347// 2348// 2349//
f 2349// 2348// 2350//
f 2350// 2348// 2351//
f 2350// 2351// 2352//
f 1506// 2334// 2335//
f 2335// 2334// 2353//
f 2335// 2353// 2354//
f 2354// 2353// 2355//
f 2354// 2355// 2356//
f 2356// 2355// 2357//
f 2356// 2357// 2358//
f 2358// 2357// 2359//
f 2358// 2359// 2360//
f 2360// 2359// 2361//
f 2360// 2361// 2362//
f 1502// 2333// 2334//
f 2334// 2333// 2341//
f 2334// 2341// 2353//
f 2353// 2341// 2342//
f 2353// 2342// 2355//
f 2355// 2342// 2363//
f 2355// 2363// 2357//
f 2357// 2363// 2364//
f 2357// 2364// 2359//
f 2359// 2364// 2365//
f 2359// 2365// 2361//
f 2329// 2365// 2328//
f 2328// 2365// 2364//
f 2328// 2364// 2327//
f 2327// 2364// 2363//
f 2327// 2363// 2326//
f 2326// 2363// 2342//
f 2326// 2342// 2325//
f 2325// 2342// 2324//
f 2329// 2330// 2365//
f 2365// 2330// 2332//
f 2365// 2332// 2361//
f 2361// 2332// 2366//
f 2361// 2366// 2362//
f 2362// 2366// 2367//
f 2352// 2351// 2368//
f 2368// 2351// 2369//
f 2368// 2369// 2370//
f 2370// 2369// 1887//
f 2370// 1887// 1588//
f 1499// 2335// 2336//
f 2336// 2335// 2354//
f 2336// 2354// 2339//
f 2339// 2354// 2356//
f 2339// 2356// 2344//
f 2344// 2356// 2358//
f 2344// 2358// 2346//
f 2346// 2358// 2360//
f 2346// 2360// 2348//
f 2348// 2360// 2362//
f 2348// 2362// 2351//
f 2351// 2362// 2367//
f 2351// 2367// 2369//
f 2369// 2367// 1885//
f 2369// 1885// 1887//
f 1594// 1877// 2332//
f 2332// 1877// 1879//
f 2332// 1879// 2366//
f 2366// 1879// 1881//
f 2366// 1881// 2367//
f 2367// 1881// 1883//
f 2367// 1883// 1885//
f 592// 1479// 746//
f 746// 1479// 2371//
f 746// 2371// 801//
f 801// 2371// 2372//
f 801// 2372// 807//
f 807// 2372// 2373//
f 807// 2373// 808//
f 808// 2373// 2374//
f 808// 2374// 852//
f 852// 2374// 2375//
f 852// 2375// 853//
f 853// 2375// 2376//
f 853// 2376// 854//
f 854// 2376// 2377//
f 854// 2377// 855//
f 855// 2377// 2378//
f 855// 2378// 856//
f 856// 2378// 2379//
f 856// 2379// 857//
f 857// 2379// 2380//
f 857// 2380// 741//
f 741// 2380// 2381//
f 741// 2381// 742//
f 742// 2381// 1583//
f 2382// 1584// 1586//
f 1586// 2383// 2382//
f 2382// 2383// 2384//
f 2382// 2384// 2385//
f 2385// 2384// 2386//
f 2385// 2386// 2387//
f 2387// 2386// 2388//
f 2387// 2388// 2389//
f 2389// 2388// 2390//
f 2389// 2390// 2391//
f 2391// 2390// 2392//
f 2391// 2392// 2393//
f 2393// 2392// 2394//
f 2393// 2394// 2395//
f 2394// 2396// 2395//
f 2395// 2396// 2397//
f 2395// 2397// 2398//
f 2398// 2397// 2399//
f 1498// 1500// 2337//
f 2340// 2400// 2338//
f 2338// 2400// 2401//
f 2338// 2401// 2337//
f 2337// 2401// 2402//
f 2337// 2402// 1498//
f 1498// 2402// 2403//
f 1498// 2403// 1496//
f 1588// 1590// 2370//
f 2370// 1590// 2404//
f 2370// 2404// 2368//
f 2368// 2404// 2405//
f 2368// 2405// 2352//
f 2352// 2405// 2406//
f 2352// 2406// 2350//
f 2350// 2406// 2407//
f 2350// 2407// 2349//
f 2349// 2407// 2408//
f 2349// 2408// 2347//
f 2347// 2408// 2409//
f 2347// 2409// 2345//
f 2345// 2409// 2410//
f 2345// 2410// 2343//
f 2343// 2410// 2411//
f 2343// 2411// 2340//
f 2340// 2411// 2412//
f 2340// 2412// 2400//
f 2413// 2383// 1586//
f 2383// 2413// 2384//
f 2388// 2386// 2414//
f 1487// 1485// 2415//
f 1489// 1487// 2416//
f 1491// 1489// 2417//
f 1476// 1491// 2418//
f 1477// 1476// 2419//
f 1483// 1477// 2420//
f 1482// 1483// 2421//
f 1481// 1482// 2422//
f 2423// 2424// 2399//
f 2425// 2426// 2424//
f 2424// 2426// 2427//
f 2424// 2427// 2399//
f 1496// 2428// 1484//
f 1484// 2428// 2429//
f 1484// 2429// 2425//
f 2425// 2429// 2430//
f 2425// 2430// 2426//
f 1481// 2431// 1479//
f 1479// 2431// 2371//
f 2371// 2431// 2372//
f 2372// 2431// 2432//
f 2372// 2432// 2373//
f 1487// 2415// 2416//
f 2416// 2415// 2433//
f 2416// 2433// 2434//
f 2434// 2433// 2435//
f 2434// 2435// 2436//
f 2437// 2435// 2423//
f 2423// 2435// 2433//
f 2423// 2433// 2424//
f 2424// 2433// 2415//
f 2424// 2415// 2425//
f 2425// 2415// 1485//
f 2425// 1485// 1484//
f 2438// 2439// 2436//
f 2373// 2432// 2374//
f 2374// 2432// 2440//
f 2374// 2440// 2375//
f 2375// 2440// 2441//
f 2375// 2441// 2376//
f 2376// 2441// 2442//
f 2376// 2442// 2377//
f 2443// 2439// 2444//
f 2444// 2439// 2438//
f 2444// 2438// 2445//
f 2399// 2397// 2423//
f 2423// 2397// 2396//
f 2423// 2396// 2437//
f 2437// 2396// 2394//
f 2437// 2394// 2392//
f 2436// 2435// 2438//
f 2438// 2435// 2437//
f 2438// 2437// 2445//
f 2445// 2437// 2392//
f 2445// 2392// 2390//
f 2377// 2442// 2378//
f 2378// 2442// 2446//
f 2378// 2446// 2379//
f 2390// 2388// 2445//
f 2445// 2388// 2414//
f 2445// 2414// 2444//
f 2444// 2414// 2447//
f 2444// 2447// 2443//
f 2443// 2447// 2448//
f 2386// 2384// 2414//
f 2414// 2384// 2413//
f 2414// 2413// 2447//
f 2447// 2413// 2449//
f 2447// 2449// 2448//
f 2448// 2449// 2450//
f 2379// 2446// 2380//
f 2380// 2446// 2451//
f 2380// 2451// 2381//
f 2381// 2451// 1890//
f 2381// 1890// 1583//
f 2452// 1900// 1893//
f 1481// 2422// 2431//
f 2431// 2422// 2453//
f 2431// 2453// 2432//
f 2432// 2453// 2454//
f 2432// 2454// 2440//
f 2440// 2454// 2455//
f 2440// 2455// 2441//
f 2441// 2455// 2456//
f 2441// 2456// 2442//
f 2442// 2456// 2457//
f 2442// 2457// 2446//
f 2446// 2457// 2452//
f 2446// 2452// 2451//
f 2451// 2452// 1893//
f 2451// 1893// 1890//
f 1482// 2421// 2422//
f 2422// 2421// 2458//
f 2422// 2458// 2453//
f 2453// 2458// 2459//
f 2453// 2459// 2454//
f 2454// 2459// 2460//
f 2454// 2460// 2455//
f 2455// 2460// 2461//
f 2455// 2461// 2456//
f 2456// 2461// 2462//
f 2456// 2462// 2457//
f 2457// 2462// 2463//
f 2457// 2463// 2452//
f 2452// 2463// 1898//
f 2452// 1898// 1900//
f 2464// 1921// 1896//
f 1483// 2420// 2421//
f 2421// 2420// 2465//
f 2421// 2465// 2458//
f 2458// 2465// 2466//
f 2458// 2466// 2459//
f 2459// 2466// 2467//
f 2459// 2467// 2460//
f 2460// 2467// 2468//
f 2460// 2468// 2461//
f 2461// 2468// 2469//
f 2461// 2469// 2462//
f 2462// 2469// 2464//
f 2462// 2464// 2463//
f 2463// 2464// 1896//
f 2463// 1896// 1898//
f 1477// 2419// 2420//
f 2420// 2419// 2470//
f 2420// 2470// 2465//
f 2465// 2470// 2471//
f 2465// 2471// 2466//
f 2466// 2471// 2472//
f 2466// 2472// 2467//
f 2467// 2472// 2473//
f 2467// 2473// 2468//
f 2468// 2473// 2474//
f 2468// 2474// 2469//
f 2469// 2474// 2475//
f 2469// 2475// 2464//
f 2464// 2475// 1919//
f 2464// 1919// 1921//
f 2476// 1915// 1917//
f 1476// 2418// 2419//
f 2419// 2418// 2477//
f 2419// 2477// 2470//
f 2470// 2477// 2478//
f 2470// 2478// 2471//
f 2471// 2478// 2479//
f 2471// 2479// 2472//
f 2472// 2479// 2480//
f 2472// 2480// 2473//
f 2473// 2480// 2481//
f 2473// 2481// 2474//
f 2474// 2481// 2476//
f 2474// 2476// 2475//
f 2475// 2476// 1917//
f 2475// 1917// 1919//
f 1491// 2417// 2418//
f 2418// 2417// 2482//
f 2418// 2482// 2477//
f 2477// 2482// 2483//
f 2477// 2483// 2478//
f 2478// 2483// 2484//
f 2478// 2484// 2479//
f 2479// 2484// 2485//
f 2479// 2485// 2480//
f 2480// 2485// 2486//
f 2480// 2486// 2481//
f 2481// 2486// 2487//
f 2481// 2487// 2476//
f 2476// 2487// 1913//
f 2476// 1913// 1915//
f 1489// 2416// 2417//
f 2417// 2416// 2434//
f 2417// 2434// 2482//
f 2482// 2434// 2436//
f 2482// 2436// 2483//
f 2483// 2436// 2439//
f 2483// 2439// 2484//
f 2484// 2439// 2443//
f 2484// 2443// 2485//
f 2485// 2443// 2448//
f 2485// 2448// 2486//
f 2486// 2448// 2450//
f 2486// 2450// 2487//
f 2487// 2450// 1911//
f 2487// 1911// 1913//
f 1586// 1903// 2413//
f 2413// 1903// 1905//
f 2413// 1905// 2449//
f 2449// 1905// 1907//
f 2449// 1907// 2450//
f 2450// 1907// 1909//
f 2450// 1909// 1911//
f 2412// 2411// 2488//
f 2488// 2411// 2489//
f 2488// 2489// 2490//
f 2398// 2399// 2491//
f 2491// 2399// 2492//
f 2411// 2410// 2489//
f 2489// 2410// 2409//
f 2489// 2409// 2493//
f 2398// 2491// 2395//
f 2395// 2491// 2494//
f 2395// 2494// 2393//
f 2409// 2408// 2493//
f 2493// 2408// 2407//
f 2493// 2407// 2495//
f 2404// 2496// 2405//
f 2405// 2496// 2495//
f 2405// 2495// 2406//
f 2406// 2495// 2407//
f 2496// 2497// 2495//
f 2495// 2497// 2498//
f 2495// 2498// 2493//
f 2493// 2498// 2494//
f 2493// 2494// 2489//
f 2489// 2494// 2491//
f 2489// 2491// 2490//
f 2490// 2491// 2492//
f 2382// 2385// 2497//
f 2497// 2385// 2387//
f 2497// 2387// 2498//
f 2498// 2387// 2389//
f 2498// 2389// 2494//
f 2494// 2389// 2391//
f 2494// 2391// 2393//
f 1584// 2382// 1855//
f 1855// 2382// 2497//
f 1855// 2497// 1853//
f 1853// 2497// 2496//
f 1853// 2496// 1590//
f 1590// 2496// 2404//
f 2488// 2490// 2499//
f 2492// 2399// 2427//
f 2430// 2500// 2426//
f 2426// 2500// 2499//
f 2426// 2499// 2427//
f 2427// 2499// 2490//
f 2427// 2490// 2492//
f 2430// 2429// 2500//
f 2500// 2429// 2428//
f 2500// 2428// 2501//
f 2501// 2428// 1496//
f 2412// 2488// 2400//
f 2400// 2488// 2499//
f 2400// 2499// 2401//
f 2401// 2499// 2500//
f 2401// 2500// 2402//
f 2402// 2500// 2501//
f 2402// 2501// 2403//
f 2403// 2501// 1496//
f 1753// 1752// 2502//
f 2502// 1752// 2503//
f 2502// 2503// 2504//
f 2504// 2503// 2505//
f 2504// 2505// 2506//
f 2506// 2505// 2507//
f 2506// 2507// 2508//
f 2508// 2507// 2509//
f 2508// 2509// 2510//
f 2510// 2509// 2511//
f 2510// 2511// 2512//
f 2512// 2511// 2513//
f 2512// 2513// 2514//
f 2514// 2513// 2515//
f 2514// 2515// 2516//
f 2516// 2515// 2517//
f 2516// 2517// 2518//
f 2518// 2517// 2519//
f 2518// 2519// 1604//
f 1604// 2519// 1606//
f 2516// 2518// 2520//
f 2512// 2514// 2521//
f 2522// 2523// 2524//
f 2525// 2526// 2527//
f 2528// 2529// 2530//
f 2531// 1438// 1744//
f 2532// 2533// 2534//
f 2534// 2533// 2531//
f 2528// 2530// 2535//
f 1801// 1800// 2536//
f 2536// 1800// 2537//
f 2536// 2537// 2538//
f 2531// 1744// 2534//
f 2534// 1744// 1743//
f 2534// 1743// 2539//
f 2539// 1743// 1742//
f 2539// 1742// 2540//
f 2540// 1742// 1741//
f 2540// 1741// 2541//
f 2529// 2532// 2530//
f 2530// 2532// 2534//
f 2530// 2534// 2542//
f 2542// 2534// 2539//
f 2542// 2539// 2543//
f 2543// 2539// 2540//
f 2543// 2540// 2544//
f 2544// 2540// 2541//
f 2544// 2541// 2545//
f 1801// 2536// 1787//
f 1787// 2536// 2546//
f 1787// 2546// 1788//
f 1788// 2546// 2547//
f 1788// 2547// 1789//
f 1789// 2547// 2548//
f 1789// 2548// 1790//
f 1790// 2548// 2549//
f 1790// 2549// 1783//
f 2550// 2535// 2551//
f 2551// 2535// 2530//
f 2551// 2530// 2552//
f 2552// 2530// 2542//
f 2552// 2542// 2553//
f 2553// 2542// 2543//
f 2553// 2543// 2554//
f 2554// 2543// 2544//
f 2554// 2544// 2555//
f 2555// 2544// 2545//
f 2555// 2545// 2556//
f 2526// 2550// 2527//
f 2527// 2550// 2551//
f 2527// 2551// 2557//
f 2557// 2551// 2552//
f 2557// 2552// 2558//
f 2558// 2552// 2553//
f 2558// 2553// 2559//
f 2559// 2553// 2554//
f 2559// 2554// 2560//
f 2560// 2554// 2555//
f 2560// 2555// 2561//
f 2561// 2555// 2556//
f 2561// 2556// 2562//
f 2538// 2525// 2536//
f 2536// 2525// 2527//
f 2536// 2527// 2546//
f 2546// 2527// 2557//
f 2546// 2557// 2547//
f 2547// 2557// 2558//
f 2547// 2558// 2548//
f 2548// 2558// 2559//
f 2548// 2559// 2549//
f 2549// 2559// 2560//
f 2549// 2560// 2563//
f 2563// 2560// 2561//
f 2563// 2561// 2564//
f 2564// 2561// 2562//
f 2564// 2562// 2520//
f 1753// 2523// 1736//
f 1736// 2523// 2522//
f 1736// 2522// 1737//
f 1753// 2502// 2523//
f 2523// 2502// 2504//
f 2523// 2504// 2524//
f 2524// 2504// 2506//
f 2524// 2506// 2508//
f 1739// 1737// 2565//
f 2565// 1737// 2522//
f 2565// 2522// 2566//
f 2566// 2522// 2524//
f 2566// 2524// 2567//
f 2567// 2524// 2508//
f 2567// 2508// 2510//
f 1740// 1739// 2568//
f 2568// 1739// 2565//
f 2568// 2565// 2569//
f 2569// 2565// 2566//
f 2569// 2566// 2570//
f 2570// 2566// 2567//
f 2570// 2567// 2521//
f 2521// 2567// 2510//
f 2521// 2510// 2512//
f 1741// 1740// 2541//
f 2541// 1740// 2568//
f 2541// 2568// 2545//
f 2545// 2568// 2569//
f 2545// 2569// 2556//
f 2556// 2569// 2570//
f 2556// 2570// 2562//
f 2562// 2570// 2521//
f 2562// 2521// 2520//
f 2520// 2521// 2514//
f 2520// 2514// 2516//
f 1783// 2549// 1784//
f 1784// 2549// 2563//
f 1784// 2563// 1785//
f 1785// 2563// 2564//
f 1785// 2564// 1786//
f 1786// 2564// 2520//
f 1786// 2520// 1782//
f 1782// 2520// 2518//
f 1782// 2518// 1604//
f 2505// 2503// 2571//
f 2509// 2507// 2572//
f 2573// 2574// 2575//
f 1824// 1833// 2576//
f 2577// 2578// 2579//
f 2580// 2581// 2582//
f 2583// 2584// 2585//
f 2586// 2587// 2588//
f 2589// 1820// 1822//
f 2590// 2591// 2592//
f 2592// 2591// 2589//
f 2577// 2579// 1421//
f 2589// 1822// 2592//
f 2592// 1822// 1832//
f 2592// 1832// 2593//
f 1832// 1831// 2593//
f 2593// 1831// 1829//
f 2593// 1829// 2594//
f 2594// 1829// 1827//
f 2594// 1827// 2595//
f 2595// 1827// 1825//
f 2595// 1825// 2596//
f 2587// 2590// 2588//
f 2588// 2590// 2592//
f 2588// 2592// 2597//
f 2597// 2592// 2593//
f 2597// 2593// 2598//
f 2598// 2593// 2594//
f 2598// 2594// 2599//
f 2599// 2594// 2595//
f 2599// 2595// 2600//
f 2600// 2595// 2596//
f 2600// 2596// 2601//
f 2584// 2586// 2585//
f 2585// 2586// 2588//
f 2585// 2588// 2602//
f 2602// 2588// 2597//
f 2602// 2597// 2603//
f 2603// 2597// 2598//
f 2603// 2598// 2604//
f 2604// 2598// 2599//
f 2604// 2599// 2605//
f 2605// 2599// 2600//
f 2605// 2600// 2606//
f 2606// 2600// 2601//
f 2606// 2601// 2607//
f 2581// 2583// 2582//
f 2582// 2583// 2585//
f 2582// 2585// 2608//
f 2608// 2585// 2602//
f 2608// 2602// 2609//
f 2609// 2602// 2603//
f 2609// 2603// 2610//
f 2610// 2603// 2604//
f 2610// 2604// 2611//
f 2611// 2604// 2605//
f 2611// 2605// 2612//
f 2612// 2605// 2606//
f 2612// 2606// 2613//
f 2613// 2606// 2607//
f 2613// 2607// 2572//
f 1606// 2574// 1836//
f 1836// 2574// 2573//
f 1836// 2573// 1835//
f 1606// 2519// 2574//
f 2574// 2519// 2517//
f 2574// 2517// 2575//
f 2575// 2517// 2515//
f 2575// 2515// 2513//
f 1833// 1835// 2576//
f 2576// 1835// 2573//
f 2576// 2573// 2614//
f 2614// 2573// 2575//
f 2614// 2575// 2615//
f 2615// 2575// 2513//
f 2615// 2513// 2511//
f 1825// 1824// 2596//
f 2596// 1824// 2576//
f 2596// 2576// 2601//
f 2601// 2576// 2614//
f 2601// 2614// 2607//
f 2607// 2614// 2615//
f 2607// 2615// 2572//
f 2572// 2615// 2511//
f 2572// 2511// 2509//
f 2507// 2505// 2572//
f 2572// 2505// 2571//
f 2572// 2571// 2613//
f 2613// 2571// 2616//
f 2613// 2616// 2612//
f 2612// 2616// 2617//
f 2612// 2617// 2611//
f 2611// 2617// 2618//
f 2611// 2618// 2610//
f 2610// 2618// 2619//
f 2610// 2619// 2609//
f 2609// 2619// 2620//
f 2609// 2620// 2608//
f 2608// 2620// 2621//
f 2608// 2621// 2582//
f 2582// 2621// 2579//
f 2582// 2579// 2580//
f 2580// 2579// 2578//
f 1421// 2579// 1735//
f 1735// 2579// 2621//
f 1735// 2621// 1745//
f 1745// 2621// 2620//
f 1745// 2620// 1746//
f 1746// 2620// 2619//
f 1746// 2619// 1747//
f 1747// 2619// 2618//
f 1747// 2618// 1748//
f 1748// 2618// 2617//
f 1748// 2617// 1749//
f 1749// 2617// 2616//
f 1749// 2616// 1750//
f 1750// 2616// 2571//
f 1750// 2571// 1751//
f 1751// 2571// 2503//
f 1751// 2503// 1752//
f 2622// 2623// 2624//
f 2622// 2624// 2625//
f 2625// 2624// 2626//
f 2625// 2626// 2627//
f 2627// 2626// 2628//
f 2627// 2628// 2629//
f 1608// 1607// 2630//
f 2630// 1607// 2631//
f 2630// 2631// 2632//
f 2632// 2631// 2633//
f 2632// 2633// 2634//
f 2634// 2633// 2635//
f 2634// 2635// 2636//
f 2636// 2635// 2637//
f 2636// 2637// 2638//
f 2638// 2637// 2629//
f 2638// 2629// 2639//
f 2639// 2629// 2628//
f 2640// 2537// 1800//
f 1440// 1439// 2641//
f 1441// 1440// 2642//
f 1444// 1441// 2643//
f 1446// 1444// 2644//
f 1447// 1446// 2645//
f 2646// 1450// 1447//
f 2646// 1447// 2647//
f 2647// 1447// 2648//
f 2647// 2648// 2649//
f 2649// 2648// 2650//
f 2650// 2648// 2651//
f 2650// 2651// 2652//
f 2652// 2651// 2623//
f 2623// 2651// 2653//
f 2623// 2653// 2624//
f 2529// 2654// 2532//
f 2532// 2654// 2655//
f 2532// 2655// 2533//
f 2533// 2655// 2641//
f 2533// 2641// 2531//
f 2531// 2641// 1439//
f 2531// 1439// 1438//
f 2624// 2653// 2626//
f 2626// 2653// 2656//
f 2626// 2656// 2628//
f 2628// 2656// 2639//
f 2639// 2656// 2657//
f 2639// 2657// 2638//
f 2638// 2657// 2636//
f 2636// 2657// 2658//
f 2636// 2658// 2634//
f 1441// 2642// 2643//
f 2643// 2642// 2659//
f 2643// 2659// 2660//
f 2660// 2659// 2661//
f 2660// 2661// 2662//
f 2662// 2661// 2663//
f 2662// 2663// 2664//
f 2664// 2663// 2665//
f 2664// 2665// 2666//
f 2666// 2665// 2667//
f 2666// 2667// 2668//
f 2668// 2667// 2669//
f 2668// 2669// 2670//
f 1440// 2641// 2642//
f 2642// 2641// 2655//
f 2642// 2655// 2659//
f 2659// 2655// 2654//
f 2659// 2654// 2661//
f 2661// 2654// 2671//
f 2661// 2671// 2663//
f 2663// 2671// 2672//
f 2663// 2672// 2665//
f 2665// 2672// 2673//
f 2665// 2673// 2667//
f 2667// 2673// 2640//
f 2667// 2640// 2669//
f 2529// 2528// 2654//
f 2654// 2528// 2535//
f 2654// 2535// 2671//
f 2671// 2535// 2550//
f 2671// 2550// 2672//
f 2672// 2550// 2526//
f 2672// 2526// 2673//
f 2673// 2526// 2525//
f 2673// 2525// 2640//
f 2640// 2525// 2538//
f 2640// 2538// 2537//
f 2634// 2658// 2632//
f 2632// 2658// 2674//
f 2632// 2674// 2630//
f 2630// 2674// 1791//
f 2630// 1791// 1608//
f 2675// 1793// 1792//
f 1447// 2645// 2648//
f 2648// 2645// 2676//
f 2648// 2676// 2651//
f 2651// 2676// 2677//
f 2651// 2677// 2653//
f 2653// 2677// 2678//
f 2653// 2678// 2656//
f 2656// 2678// 2679//
f 2656// 2679// 2657//
f 2657// 2679// 2680//
f 2657// 2680// 2658//
f 2658// 2680// 2675//
f 2658// 2675// 2674//
f 2674// 2675// 1792//
f 2674// 1792// 1791//
f 1446// 2644// 2645//
f 2645// 2644// 2681//
f 2645// 2681// 2676//
f 2676// 2681// 2682//
f 2676// 2682// 2677//
f 2677// 2682// 2683//
f 2677// 2683// 2678//
f 2678// 2683// 2684//
f 2678// 2684// 2679//
f 2679// 2684// 2685//
f 2679// 2685// 2680//
f 2680// 2685// 2686//
f 2680// 2686// 2675//
f 2675// 2686// 1794//
f 2675// 1794// 1793//
f 1444// 2643// 2644//
f 2644// 2643// 2660//
f 2644// 2660// 2681//
f 2681// 2660// 2662//
f 2681// 2662// 2682//
f 2682// 2662// 2664//
f 2682// 2664// 2683//
f 2683// 2664// 2666//
f 2683// 2666// 2684//
f 2684// 2666// 2668//
f 2684// 2668// 2685//
f 2685// 2668// 2670//
f 2685// 2670// 2686//
f 2686// 2670// 1795//
f 2686// 1795// 1794//
f 1800// 1799// 2640//
f 2640// 1799// 1798//
f 2640// 1798// 2669//
f 2669// 1798// 1797//
f 2669// 1797// 2670//
f 2670// 1797// 1796//
f 2670// 1796// 1795//
f 2687// 2688// 1601//
f 2688// 2687// 2689//
f 2690// 2691// 2692//
f 1430// 1432// 2693//
f 1428// 1430// 2694//
f 1425// 1428// 2695//
f 1423// 1425// 2696//
f 2697// 2698// 2699//
f 2700// 2701// 2698//
f 2698// 2701// 2702//
f 2698// 2702// 2699//
f 1420// 2703// 1434//
f 1434// 2703// 2704//
f 1434// 2704// 2700//
f 2700// 2704// 2705//
f 2700// 2705// 2701//
f 1423// 2706// 1421//
f 1421// 2706// 2577//
f 1430// 2693// 2694//
f 2694// 2693// 2707//
f 2694// 2707// 2708//
f 2708// 2707// 2709//
f 2708// 2709// 2710//
f 2711// 2709// 2697//
f 2697// 2709// 2707//
f 2697// 2707// 2698//
f 2698// 2707// 2693//
f 2698// 2693// 2700//
f 2700// 2693// 1432//
f 2700// 1432// 1434//
f 2712// 2713// 2710//
f 2587// 2586// 2714//
f 2714// 2586// 2584//
f 2714// 2584// 2715//
f 2715// 2584// 2583//
f 2715// 2583// 2716//
f 2716// 2583// 2581//
f 2716// 2581// 2717//
f 2717// 2581// 2580//
f 2717// 2580// 2706//
f 2706// 2580// 2578//
f 2706// 2578// 2577//
f 2718// 2713// 2719//
f 2719// 2713// 2712//
f 2719// 2712// 2720//
f 2699// 2721// 2697//
f 2697// 2721// 2722//
f 2697// 2722// 2711//
f 2711// 2722// 2723//
f 2711// 2723// 2724//
f 2710// 2709// 2712//
f 2712// 2709// 2711//
f 2712// 2711// 2720//
f 2720// 2711// 2724//
f 2720// 2724// 2725//
f 2725// 2690// 2720//
f 2720// 2690// 2692//
f 2720// 2692// 2719//
f 2719// 2692// 2726//
f 2719// 2726// 2718//
f 2718// 2726// 2727//
f 2691// 2689// 2692//
f 2692// 2689// 2687//
f 2692// 2687// 2726//
f 2726// 2687// 2728//
f 2726// 2728// 2727//
f 2727// 2728// 2729//
f 2587// 2714// 2590//
f 2590// 2714// 2730//
f 2590// 2730// 2591//
f 2591// 2730// 2731//
f 2591// 2731// 2589//
f 2589// 2731// 1818//
f 2589// 1818// 1820//
f 2732// 1814// 1816//
f 1423// 2696// 2706//
f 2706// 2696// 2733//
f 2706// 2733// 2717//
f 2717// 2733// 2734//
f 2717// 2734// 2716//
f 2716// 2734// 2735//
f 2716// 2735// 2715//
f 2715// 2735// 2736//
f 2715// 2736// 2714//
f 2714// 2736// 2737//
f 2714// 2737// 2730//
f 2730// 2737// 2732//
f 2730// 2732// 2731//
f 2731// 2732// 1816//
f 2731// 1816// 1818//
f 1425// 2695// 2696//
f 2696// 2695// 2738//
f 2696// 2738// 2733//
f 2733// 2738// 2739//
f 2733// 2739// 2734//
f 2734// 2739// 2740//
f 2734// 2740// 2735//
f 2735// 2740// 2741//
f 2735// 2741// 2736//
f 2736// 2741// 2742//
f 2736// 2742// 2737//
f 2737// 2742// 2743//
f 2737// 2743// 2732//
f 2732// 2743// 1812//
f 2732// 1812// 1814//
f 1428// 2694// 2695//
f 2695// 2694// 2708//
f 2695// 2708// 2738//
f 2738// 2708// 2710//
f 2738// 2710// 2739//
f 2739// 2710// 2713//
f 2739// 2713// 2740//
f 2740// 2713// 2718//
f 2740// 2718// 2741//
f 2741// 2718// 2727//
f 2741// 2727// 2742//
f 2742// 2727// 2729//
f 2742// 2729// 2743//
f 2743// 2729// 1810//
f 2743// 1810// 1812//
f 1601// 1802// 2687//
f 2687// 1802// 1804//
f 2687// 1804// 2728//
f 2728// 1804// 1806//
f 2728// 1806// 2729//
f 2729// 1806// 1808//
f 2729// 1808// 1810//
f 2744// 1603// 1601//
f 1601// 2688// 2744//
f 2744// 2688// 2689//
f 2744// 2689// 2745//
f 2745// 2689// 2691//
f 2745// 2691// 2746//
f 2746// 2691// 2690//
f 2746// 2690// 2747//
f 2747// 2690// 2725//
f 2747// 2725// 2748//
f 2748// 2725// 2724//
f 2748// 2724// 2749//
f 2749// 2724// 2723//
f 2749// 2723// 2750//
f 2723// 2722// 2750//
f 2750// 2722// 2721//
f 2750// 2721// 2751//
f 2751// 2721// 2699//
f 2625// 2627// 2752//
f 2753// 2754// 2755//
f 2756// 2753// 2752//
f 2631// 1607// 1781//
f 1610// 2757// 1780//
f 1780// 2757// 2758//
f 1780// 2758// 1781//
f 2631// 1781// 2759//
f 2759// 1781// 2758//
f 2759// 2758// 2760//
f 2629// 2637// 2760//
f 2760// 2637// 2635//
f 2760// 2635// 2759//
f 2759// 2635// 2633//
f 2759// 2633// 2631//
f 2761// 2762// 2756//
f 2756// 2762// 2763//
f 2756// 2763// 2753//
f 2627// 2629// 2752//
f 2752// 2629// 2760//
f 2752// 2760// 2756//
f 2756// 2760// 2758//
f 2756// 2758// 2761//
f 2761// 2758// 2757//
f 2753// 2755// 2752//
f 2752// 2755// 2622//
f 2752// 2622// 2625//
f 2763// 2764// 2753//
f 2753// 2764// 2765//
f 2753// 2765// 2754//
f 2754// 2765// 2766//
f 2754// 2766// 2767//
f 2623// 2622// 2768//
f 2768// 2622// 2755//
f 2768// 2755// 2769//
f 2769// 2755// 2754//
f 2769// 2754// 2770//
f 2770// 2754// 2767//
f 2770// 2767// 2771//
f 1450// 2772// 2773//
f 2773// 2772// 2774//
f 2770// 2771// 2775//
f 2776// 2769// 2770//
f 2770// 2775// 2776//
f 2776// 2775// 2777//
f 2776// 2777// 2774//
f 2774// 2777// 2778//
f 2774// 2778// 2773//
f 2623// 2768// 2652//
f 2652// 2768// 2769//
f 2652// 2769// 2650//
f 2650// 2769// 2776//
f 2650// 2776// 2649//
f 2649// 2776// 2774//
f 2649// 2774// 2647//
f 2647// 2774// 2772//
f 2647// 2772// 2646//
f 2646// 2772// 1450//
f 2779// 2780// 2781//
f 2781// 2780// 2782//
f 2705// 2783// 2701//
f 2701// 2783// 2781//
f 2701// 2781// 2702//
f 2702// 2781// 2782//
f 2702// 2782// 2699//
f 2705// 2704// 2783//
f 2783// 2704// 2703//
f 2783// 2703// 2784//
f 2784// 2703// 1420//
f 2785// 2779// 2786//
f 2786// 2779// 2781//
f 2786// 2781// 2787//
f 2787// 2781// 2783//
f 2787// 2783// 2788//
f 2788// 2783// 2784//
f 2788// 2784// 2789//
f 2789// 2784// 1420//
f 2790// 2791// 2792//
f 2793// 2794// 2795//
f 2796// 2797// 2792//
f 2798// 2799// 2800//
f 2746// 2747// 2801//
f 2745// 2802// 2744//
f 2744// 2802// 1838//
f 2744// 1838// 1603//
f 2803// 2804// 2805//
f 2805// 2804// 1597//
f 2805// 1597// 1840//
f 2799// 2803// 2800//
f 2800// 2803// 2805//
f 2800// 2805// 2802//
f 2802// 2805// 1840//
f 2802// 1840// 1838//
f 2794// 2798// 2795//
f 2795// 2798// 2800//
f 2795// 2800// 2801//
f 2801// 2800// 2802//
f 2801// 2802// 2746//
f 2746// 2802// 2745//
f 2791// 2793// 2792//
f 2792// 2793// 2795//
f 2792// 2795// 2796//
f 2796// 2795// 2801//
f 2796// 2801// 2748//
f 2748// 2801// 2747//
f 2748// 2749// 2796//
f 2796// 2749// 2750//
f 2796// 2750// 2797//
f 2797// 2750// 2751//
f 2797// 2751// 2699//
f 2785// 2790// 2779//
f 2779// 2790// 2792//
f 2779// 2792// 2780//
f 2780// 2792// 2797//
f 2780// 2797// 2782//
f 2782// 2797// 2699//
f 1450// 2773// 1448//
f 1448// 2773// 2778//
f 1448// 2778// 2777//
f 1610// 1609// 2757//
f 2757// 1609// 2806//
f 2757// 2806// 2761//
f 2761// 2806// 2807//
f 2761// 2807// 2762//
f 2762// 2807// 2808//
f 2762// 2808// 2763//
f 2808// 2809// 2763//
f 2763// 2809// 2810//
f 2763// 2810// 2764//
f 2764// 2810// 2811//
f 1456// 1448// 2812//
f 2812// 1448// 2777//
f 2812// 2777// 2813//
f 2813// 2777// 2775//
f 2813// 2775// 2814//
f 2814// 2775// 2771//
f 2814// 2771// 2815//
f 2815// 2771// 2767//
f 2815// 2767// 2816//
f 2816// 2767// 2766//
f 2816// 2766// 2811//
f 2811// 2766// 2765//
f 2811// 2765// 2764//
f 2789// 1420// 1419//
f 1417// 2787// 1419//
f 1419// 2787// 2788//
f 1419// 2788// 2789//
f 1417// 2817// 2787//
f 2787// 2817// 2818//
f 2787// 2818// 2786//
f 2786// 2818// 2819//
f 1599// 1597// 2820//
f 2820// 1597// 2804//
f 2820// 2804// 2821//
f 2821// 2804// 2803//
f 2821// 2803// 2822//
f 2822// 2803// 2799//
f 2822// 2799// 2823//
f 2823// 2799// 2798//
f 2823// 2798// 2824//
f 2824// 2798// 2794//
f 2824// 2794// 2825//
f 2825// 2794// 2793//
f 2825// 2793// 2826//
f 2826// 2793// 2791//
f 2826// 2791// 2827//
f 2827// 2791// 2790//
f 2827// 2790// 2819//
f 2819// 2790// 2785//
f 2819// 2785// 2786//
f 2828// 2806// 1609//
f 2806// 2828// 2807//
f 1457// 1456// 2812//
f 1459// 1457// 2829//
f 1462// 1459// 2830//
f 1464// 1462// 2831//
f 1464// 2832// 1465//
f 1465// 2832// 2833//
f 2833// 2832// 2834//
f 2834// 2832// 2835//
f 2834// 2835// 2836//
f 1457// 2812// 2829//
f 2829// 2812// 2813//
f 2829// 2813// 2837//
f 2813// 2814// 2837//
f 2837// 2814// 2815//
f 2837// 2815// 2838//
f 2836// 2835// 2839//
f 2839// 2835// 2840//
f 2839// 2840// 2841//
f 2841// 2840// 2842//
f 2841// 2842// 2843//
f 2843// 2842// 2844//
f 2843// 2844// 2845//
f 2845// 2844// 2846//
f 2846// 2844// 2847//
f 2846// 2847// 2848//
f 1462// 2830// 2831//
f 2831// 2830// 2849//
f 2831// 2849// 2850//
f 2850// 2849// 2851//
f 2850// 2851// 2852//
f 2852// 2851// 2853//
f 2852// 2853// 2854//
f 2854// 2853// 2855//
f 2854// 2855// 2856//
f 2856// 2855// 2857//
f 2856// 2857// 2858//
f 1459// 2829// 2830//
f 2830// 2829// 2837//
f 2830// 2837// 2849//
f 2849// 2837// 2838//
f 2849// 2838// 2851//
f 2851// 2838// 2859//
f 2851// 2859// 2853//
f 2853// 2859// 2860//
f 2853// 2860// 2855//
f 2855// 2860// 2861//
f 2855// 2861// 2857//
f 2808// 2861// 2809//
f 2809// 2861// 2860//
f 2809// 2860// 2810//
f 2810// 2860// 2859//
f 2810// 2859// 2811//
f 2811// 2859// 2838//
f 2811// 2838// 2816//
f 2816// 2838// 2815//
f 2808// 2807// 2861//
f 2861// 2807// 2828//
f 2861// 2828// 2857//
f 2857// 2828// 2862//
f 2857// 2862// 2858//
f 2858// 2862// 2863//
f 2848// 2847// 2864//
f 2864// 2847// 2865//
f 2864// 2865// 2866//
f 2866// 2865// 1778//
f 2866// 1778// 1614//
f 1464// 2831// 2832//
f 2832// 2831// 2850//
f 2832// 2850// 2835//
f 2835// 2850// 2852//
f 2835// 2852// 2840//
f 2840// 2852// 2854//
f 2840// 2854// 2842//
f 2842// 2854// 2856//
f 2842// 2856// 2844//
f 2844// 2856// 2858//
f 2844// 2858// 2847//
f 2847// 2858// 2863//
f 2847// 2863// 2865//
f 2865// 2863// 1776//
f 2865// 1776// 1778//
f 1609// 1768// 2828//
f 2828// 1768// 1770//
f 2828// 1770// 2862//
f 2862// 1770// 1772//
f 2862// 1772// 2863//
f 2863// 1772// 1774//
f 2863// 1774// 1776//
f 2867// 2868// 1593//
f 2868// 2867// 2869//
f 1409// 1408// 2870//
f 1411// 1409// 2871//
f 1414// 1411// 2872//
f 1416// 1414// 2873//
f 1416// 2874// 1417//
f 1417// 2874// 2817//
f 2817// 2874// 2818//
f 2818// 2874// 2875//
f 2818// 2875// 2819//
f 1409// 2870// 2871//
f 2871// 2870// 2876//
f 2871// 2876// 2877//
f 2876// 2878// 2877//
f 2877// 2878// 2879//
f 2877// 2879// 2880//
f 2819// 2875// 2827//
f 2827// 2875// 2881//
f 2827// 2881// 2826//
f 2826// 2881// 2882//
f 2826// 2882// 2825//
f 2825// 2882// 2883//
f 2825// 2883// 2824//
f 2824// 2883// 2823//
f 2823// 2883// 2884//
f 2823// 2884// 2822//
f 1414// 2872// 2873//
f 2873// 2872// 2885//
f 2873// 2885// 2886//
f 2886// 2885// 2887//
f 2886// 2887// 2888//
f 2888// 2887// 2889//
f 2888// 2889// 2890//
f 2890// 2889// 2891//
f 2890// 2891// 2892//
f 2892// 2891// 2893//
f 2892// 2893// 2894//
f 1411// 2871// 2872//
f 2872// 2871// 2877//
f 2872// 2877// 2885//
f 2885// 2877// 2880//
f 2885// 2880// 2887//
f 2887// 2880// 2895//
f 2887// 2895// 2889//
f 2889// 2895// 2896//
f 2889// 2896// 2891//
f 2891// 2896// 2897//
f 2891// 2897// 2893//
f 2898// 2897// 2899//
f 2899// 2897// 2896//
f 2899// 2896// 2900//
f 2900// 2896// 2895//
f 2900// 2895// 2901//
f 2901// 2895// 2880//
f 2901// 2880// 2902//
f 2902// 2880// 2879//
f 2898// 2869// 2897//
f 2897// 2869// 2867//
f 2897// 2867// 2893//
f 2893// 2867// 2903//
f 2893// 2903// 2894//
f 2894// 2903// 2904//
f 2822// 2884// 2821//
f 2821// 2884// 2905//
f 2821// 2905// 2820//
f 2820// 2905// 1851//
f 2820// 1851// 1599//
f 1416// 2873// 2874//
f 2874// 2873// 2886//
f 2874// 2886// 2875//
f 2875// 2886// 2888//
f 2875// 2888// 2881//
f 2881// 2888// 2890//
f 2881// 2890// 2882//
f 2882// 2890// 2892//
f 2882// 2892// 2883//
f 2883// 2892// 2894//
f 2883// 2894// 2884//
f 2884// 2894// 2904//
f 2884// 2904// 2905//
f 2905// 2904// 1849//
f 2905// 1849// 1851//
f 1593// 1841// 2867//
f 2867// 1841// 1843//
f 2867// 1843// 2903//
f 2903// 1843// 1845//
f 2903// 1845// 2904//
f 2904// 1845// 1847//
f 2904// 1847// 1849//
f 1466// 1465// 2906//
f 2906// 1465// 2833//
f 2906// 2833// 2907//
f 2907// 2833// 2834//
f 2907// 2834// 2908//
f 2908// 2834// 2836//
f 2908// 2836// 2909//
f 2909// 2836// 2839//
f 2909// 2839// 2910//
f 2910// 2839// 2841//
f 2910// 2841// 2911//
f 2911// 2841// 2843//
f 2911// 2843// 2912//
f 2912// 2843// 2845//
f 2912// 2845// 2913//
f 2913// 2845// 2846//
f 2913// 2846// 2914//
f 2914// 2846// 2848//
f 2914// 2848// 2915//
f 2915// 2848// 2864//
f 2915// 2864// 2916//
f 2916// 2864// 2866//
f 2916// 2866// 1612//
f 1612// 2866// 1614//
f 1595// 1593// 2917//
f 2917// 1593// 2868//
f 2917// 2868// 2918//
f 2918// 2868// 2869//
f 2918// 2869// 2919//
f 2919// 2869// 2898//
f 2919// 2898// 2920//
f 2920// 2898// 2899//
f 2920// 2899// 2921//
f 2921// 2899// 2900//
f 2921// 2900// 2922//
f 2922// 2900// 2901//
f 2922// 2901// 2923//
f 2923// 2901// 2902//
f 2923// 2902// 2924//
f 2924// 2902// 2879//
f 2924// 2879// 2925//
f 2925// 2879// 2878//
f 2925// 2878// 2926//
f 2926// 2878// 2876//
f 2926// 2876// 2927//
f 2927// 2876// 2870//
f 2927// 2870// 1399//
f 1399// 2870// 1408//
f 2928// 2916// 1612//
f 2916// 2928// 2915//
f 1467// 1466// 2906//
f 1469// 1467// 2929//
f 1472// 1469// 2930//
f 1474// 1472// 2931//
f 1474// 2932// 1475//
f 1475// 2932// 2933//
f 2933// 2932// 2934//
f 2934// 2932// 2935//
f 2934// 2935// 2936//
f 1467// 2906// 2929//
f 2929// 2906// 2907//
f 2929// 2907// 2937//
f 2907// 2908// 2937//
f 2937// 2908// 2909//
f 2937// 2909// 2938//
f 2936// 2935// 2939//
f 2939// 2935// 2940//
f 2939// 2940// 2941//
f 2941// 2940// 2942//
f 2941// 2942// 2943//
f 2943// 2942// 2944//
f 2943// 2944// 2945//
f 2945// 2944// 2946//
f 2946// 2944// 2947//
f 2946// 2947// 2948//
f 1472// 2930// 2931//
f 2931// 2930// 2949//
f 2931// 2949// 2950//
f 2950// 2949// 2951//
f 2950// 2951// 2952//
f 2952// 2951// 2953//
f 2952// 2953// 2954//
f 2954// 2953// 2955//
f 2954// 2955// 2956//
f 2956// 2955// 2957//
f 2956// 2957// 2958//
f 1469// 2929// 2930//
f 2930// 2929// 2937//
f 2930// 2937// 2949//
f 2949// 2937// 2938//
f 2949// 2938// 2951//
f 2951// 2938// 2959//
f 2951// 2959// 2953//
f 2953// 2959// 2960//
f 2953// 2960// 2955//
f 2955// 2960// 2961//
f 2955// 2961// 2957//
f 2914// 2961// 2913//
f 2913// 2961// 2960//
f 2913// 2960// 2912//
f 2912// 2960// 2959//
f 2912// 2959// 2911//
f 2911// 2959// 2938//
f 2911// 2938// 2910//
f 2910// 2938// 2909//
f 2914// 2915// 2961//
f 2961// 2915// 2928//
f 2961// 2928// 2957//
f 2957// 2928// 2962//
f 2957// 2962// 2958//
f 2958// 2962// 2963//
f 2948// 2947// 2964//
f 2964// 2947// 2965//
f 2964// 2965// 2966//
f 2966// 2965// 1766//
f 2966// 1766// 1578//
f 1474// 2931// 2932//
f 2932// 2931// 2950//
f 2932// 2950// 2935//
f 2935// 2950// 2952//
f 2935// 2952// 2940//
f 2940// 2952// 2954//
f 2940// 2954// 2942//
f 2942// 2954// 2956//
f 2942// 2956// 2944//
f 2944// 2956// 2958//
f 2944// 2958// 2947//
f 2947// 2958// 2963//
f 2947// 2963// 2965//
f 2965// 2963// 1764//
f 2965// 1764// 1766//
f 1612// 1756// 2928//
f 2928// 1756// 1758//
f 2928// 1758// 2962//
f 2962// 1758// 1760//
f 2962// 1760// 2963//
f 2963// 1760// 1762//
f 2963// 1762// 1764//
f 2967// 2968// 1589//
f 2968// 2967// 2969//
f 1403// 1404// 2970//
f 1401// 1403// 2971//
f 1405// 1401// 2972//
f 1398// 1405// 2973//
f 1398// 2974// 1399//
f 1399// 2974// 2927//
f 2927// 2974// 2926//
f 2926// 2974// 2975//
f 2926// 2975// 2925//
f 1403// 2970// 2971//
f 2971// 2970// 2976//
f 2971// 2976// 2977//
f 2976// 2978// 2977//
f 2977// 2978// 2979//
f 2977// 2979// 2980//
f 2925// 2975// 2924//
f 2924// 2975// 2981//
f 2924// 2981// 2923//
f 2923// 2981// 2982//
f 2923// 2982// 2922//
f 2922// 2982// 2983//
f 2922// 2983// 2921//
f 2921// 2983// 2920//
f 2920// 2983// 2984//
f 2920// 2984// 2919//
f 1405// 2972// 2973//
f 2973// 2972// 2985//
f 2973// 2985// 2986//
f 2986// 2985// 2987//
f 2986// 2987// 2988//
f 2988// 2987// 2989//
f 2988// 2989// 2990//
f 2990// 2989// 2991//
f 2990// 2991// 2992//
f 2992// 2991// 2993//
f 2992// 2993// 2994//
f 1401// 2971// 2972//
f 2972// 2971// 2977//
f 2972// 2977// 2985//
f 2985// 2977// 2980//
f 2985// 2980// 2987//
f 2987// 2980// 2995//
f 2987// 2995// 2989//
f 2989// 2995// 2996//
f 2989// 2996// 2991//
f 2991// 2996// 2997//
f 2991// 2997// 2993//
f 2998// 2997// 2999//
f 2999// 2997// 2996//
f 2999// 2996// 3000//
f 3000// 2996// 2995//
f 3000// 2995// 3001//
f 3001// 2995// 2980//
f 3001// 2980// 3002//
f 3002// 2980// 2979//
f 2998// 2969// 2997//
f 2997// 2969// 2967//
f 2997// 2967// 2993//
f 2993// 2967// 3003//
f 2993// 3003// 2994//
f 2994// 3003// 3004//
f 2919// 2984// 2918//
f 2918// 2984// 3005//
f 2918// 3005// 2917//
f 2917// 3005// 1878//
f 2917// 1878// 1595//
f 1398// 2973// 2974//
f 2974// 2973// 2986//
f 2974// 2986// 2975//
f 2975// 2986// 2988//
f 2975// 2988// 2981//
f 2981// 2988// 2990//
f 2981// 2990// 2982//
f 2982// 2990// 2992//
f 2982// 2992// 2983//
f 2983// 2992// 2994//
f 2983// 2994// 2984//
f 2984// 2994// 3004//
f 2984// 3004// 3005//
f 3005// 3004// 1880//
f 3005// 1880// 1878//
f 1589// 1888// 2967//
f 2967// 1888// 1886//
f 2967// 1886// 3003//
f 3003// 1886// 1884//
f 3003// 1884// 3004//
f 3004// 1884// 1882//
f 3004// 1882// 1880//
f 3006// 3007// 3008//
f 3009// 3010// 3011//
f 3012// 3013// 3008//
f 3014// 3015// 3016//
f 3017// 3018// 3019//
f 3020// 3021// 3022//
f 3022// 3021// 1754//
f 3022// 1754// 1580//
f 3023// 3024// 3025//
f 3025// 3024// 1577//
f 3025// 1577// 1755//
f 3015// 3023// 3016//
f 3016// 3023// 3025//
f 3016// 3025// 3021//
f 3021// 3025// 1755//
f 3021// 1755// 1754//
f 3010// 3014// 3011//
f 3011// 3014// 3016//
f 3011// 3016// 3019//
f 3019// 3016// 3021//
f 3019// 3021// 3017//
f 3017// 3021// 3020//
f 3007// 3009// 3008//
f 3008// 3009// 3011//
f 3008// 3011// 3012//
f 3012// 3011// 3019//
f 3012// 3019// 3026//
f 3026// 3019// 3018//
f 3026// 3027// 3012//
f 3012// 3027// 3028//
f 3012// 3028// 3013//
f 3013// 3028// 3029//
f 3013// 3029// 3030//
f 3031// 3006// 3032//
f 3032// 3006// 3008//
f 3032// 3008// 3033//
f 3033// 3008// 3013//
f 3033// 3013// 3034//
f 3034// 3013// 3030//
f 1616// 1475// 2933//
f 2936// 3035// 2934//
f 2934// 3035// 3036//
f 2934// 3036// 2933//
f 2933// 3036// 3037//
f 2933// 3037// 1616//
f 1616// 3037// 3038//
f 1616// 3038// 1617//
f 1578// 1577// 2966//
f 2966// 1577// 3024//
f 2966// 3024// 2964//
f 2964// 3024// 3023//
f 2964// 3023// 2948//
f 2948// 3023// 3015//
f 2948// 3015// 2946//
f 2946// 3015// 3014//
f 2946// 3014// 2945//
f 2945// 3014// 3010//
f 2945// 3010// 2943//
f 2943// 3010// 3009//
f 2943// 3009// 2941//
f 2941// 3009// 3007//
f 2941// 3007// 2939//
f 2939// 3007// 3006//
f 2939// 3006// 2936//
f 2936// 3006// 3031//
f 2936// 3031// 3035//
f 2976// 2970// 3039//
f 2970// 1404// 3039//
f 3039// 1404// 1393//
f 3039// 1393// 3040//
f 3040// 1393// 1395//
f 1591// 1589// 3041//
f 3041// 1589// 2968//
f 3041// 2968// 3042//
f 3042// 2968// 2969//
f 3042// 2969// 3043//
f 3043// 2969// 2998//
f 3043// 2998// 3044//
f 2998// 2999// 3044//
f 3044// 2999// 3000//
f 3044// 3000// 3045//
f 3045// 3000// 3001//
f 3039// 3046// 2976//
f 2976// 3046// 3047//
f 2976// 3047// 2978//
f 2978// 3047// 3048//
f 2978// 3048// 2979//
f 2979// 3048// 3049//
f 2979// 3049// 3002//
f 3002// 3049// 3050//
f 3002// 3050// 3001//
f 3001// 3050// 3051//
f 3001// 3051// 3045//
f 3052// 3053// 3054//
f 3055// 3056// 3057//
f 3058// 3055// 3054//
f 3059// 1585// 1856//
f 1591// 3041// 1854//
f 1854// 3041// 3060//
f 1854// 3060// 1856//
f 3059// 1856// 3061//
f 3061// 1856// 3060//
f 3061// 3060// 3062//
f 3063// 3064// 3062//
f 3062// 3064// 3065//
f 3062// 3065// 3061//
f 3061// 3065// 3066//
f 3061// 3066// 3059//
f 3042// 3043// 3058//
f 3058// 3043// 3044//
f 3058// 3044// 3055//
f 3053// 3063// 3054//
f 3054// 3063// 3062//
f 3054// 3062// 3058//
f 3058// 3062// 3060//
f 3058// 3060// 3042//
f 3042// 3060// 3041//
f 3055// 3057// 3054//
f 3054// 3057// 3067//
f 3054// 3067// 3052//
f 3044// 3045// 3055//
f 3055// 3045// 3051//
f 3055// 3051// 3056//
f 3056// 3051// 3050//
f 3056// 3050// 3049//
f 3068// 3067// 3069//
f 3069// 3067// 3057//
f 3069// 3057// 3070//
f 3070// 3057// 3056//
f 3070// 3056// 3071//
f 3071// 3056// 3049//
f 3071// 3049// 3048//
f 3022// 1580// 1579//
f 1579// 3072// 3022//
f 3022// 3072// 3073//
f 3022// 3073// 3020//
f 3020// 3073// 3074//
f 3020// 3074// 3017//
f 3017// 3074// 3075//
f 3017// 3075// 3018//
f 3018// 3075// 3076//
f 3018// 3076// 3026//
f 3026// 3076// 3077//
f 3026// 3077// 3027//
f 3027// 3077// 3078//
f 3027// 3078// 3028//
f 3078// 3079// 3028//
f 3028// 3079// 3080//
f 3028// 3080// 3029//
f 3029// 3080// 3030//
f 3032// 3033// 3081//
f 3034// 3030// 3082//
f 3083// 3084// 3085//
f 3085// 3084// 3081//
f 3085// 3081// 3082//
f 3082// 3081// 3033//
f 3082// 3033// 3034//
f 3083// 3086// 3084//
f 3084// 3086// 3087//
f 3084// 3087// 3088//
f 3088// 3087// 1617//
f 3031// 3032// 3035//
f 3035// 3032// 3081//
f 3035// 3081// 3036//
f 3036// 3081// 3084//
f 3036// 3084// 3037//
f 3037// 3084// 3088//
f 3037// 3088// 3038//
f 3038// 3088// 1617//
f 1395// 3089// 3040//
f 3040// 3089// 3090//
f 3071// 3048// 3047//
f 3091// 3070// 3071//
f 3071// 3047// 3091//
f 3091// 3047// 3046//
f 3091// 3046// 3090//
f 3090// 3046// 3039//
f 3090// 3039// 3040//
f 3068// 3069// 3092//
f 3092// 3069// 3070//
f 3092// 3070// 3093//
f 3093// 3070// 3091//
f 3093// 3091// 3094//
f 3094// 3091// 3090//
f 3094// 3090// 3095//
f 3095// 3090// 3089//
f 3095// 3089// 3096//
f 3096// 3089// 1395//
f 3067// 3068// 3097//
f 3067// 3097// 3052//
f 3052// 3097// 3098//
f 3052// 3098// 3053//
f 3053// 3098// 3099//
f 3053// 3099// 3063//
f 1587// 1585// 3100//
f 3100// 1585// 3059//
f 3100// 3059// 3101//
f 3101// 3059// 3066//
f 3101// 3066// 3102//
f 3102// 3066// 3065//
f 3102// 3065// 3103//
f 3103// 3065// 3064//
f 3103// 3064// 3104//
f 3104// 3064// 3063//
f 3104// 3063// 3105//
f 3105// 3063// 3099//
f 3106// 3072// 1579//
f 3072// 3106// 3073//
f 3075// 3074// 3107//
f 1627// 1629// 3108//
f 1625// 1627// 3109//
f 1622// 1625// 3110//
f 1620// 1622// 3111//
f 3112// 3113// 3030//
f 3114// 3085// 3113//
f 3113// 3085// 3082//
f 3113// 3082// 3030//
f 1617// 3087// 1631//
f 1631// 3087// 3086//
f 1631// 3086// 3114//
f 3114// 3086// 3083//
f 3114// 3083// 3085//
f 1620// 3115// 1618//
f 1618// 3115// 3116//
f 1627// 3108// 3109//
f 3109// 3108// 3117//
f 3109// 3117// 3118//
f 3118// 3117// 3119//
f 3118// 3119// 3120//
f 3121// 3119// 3112//
f 3112// 3119// 3117//
f 3112// 3117// 3113//
f 3113// 3117// 3108//
f 3113// 3108// 3114//
f 3114// 3108// 1629//
f 3114// 1629// 1631//
f 3122// 3123// 3120//
f 3124// 3125// 3126//
f 3126// 3125// 3127//
f 3126// 3127// 3128//
f 3128// 3127// 3129//
f 3128// 3129// 3130//
f 3130// 3129// 3131//
f 3130// 3131// 3132//
f 3132// 3131// 3133//
f 3132// 3133// 3115//
f 3115// 3133// 3134//
f 3115// 3134// 3116//
f 3135// 3123// 3136//
f 3136// 3123// 3122//
f 3136// 3122// 3137//
f 3030// 3080// 3112//
f 3112// 3080// 3079//
f 3112// 3079// 3121//
f 3121// 3079// 3078//
f 3121// 3078// 3077//
f 3120// 3119// 3122//
f 3122// 3119// 3121//
f 3122// 3121// 3137//
f 3137// 3121// 3077//
f 3137// 3077// 3076//
f 3076// 3075// 3137//
f 3137// 3075// 3107//
f 3137// 3107// 3136//
f 3136// 3107// 3138//
f 3136// 3138// 3135//
f 3135// 3138// 3139//
f 3074// 3073// 3107//
f 3107// 3073// 3106//
f 3107// 3106// 3138//
f 3138// 3106// 3140//
f 3138// 3140// 3139//
f 3139// 3140// 3141//
f 3124// 3126// 3142//
f 3142// 3126// 3143//
f 3142// 3143// 3144//
f 3144// 3143// 3145//
f 3144// 3145// 3146//
f 3146// 3145// 1865//
f 3146// 1865// 1866//
f 3147// 1863// 1864//
f 1620// 3111// 3115//
f 3115// 3111// 3148//
f 3115// 3148// 3132//
f 3132// 3148// 3149//
f 3132// 3149// 3130//
f 3130// 3149// 3150//
f 3130// 3150// 3128//
f 3128// 3150// 3151//
f 3128// 3151// 3126//
f 3126// 3151// 3152//
f 3126// 3152// 3143//
f 3143// 3152// 3147//
f 3143// 3147// 3145//
f 3145// 3147// 1864//
f 3145// 1864// 1865//
f 1622// 3110// 3111//
f 3111// 3110// 3153//
f 3111// 3153// 3148//
f 3148// 3153// 3154//
f 3148// 3154// 3149//
f 3149// 3154// 3155//
f 3149// 3155// 3150//
f 3150// 3155// 3156//
f 3150// 3156// 3151//
f 3151// 3156// 3157//
f 3151// 3157// 3152//
f 3152// 3157// 3158//
f 3152// 3158// 3147//
f 3147// 3158// 1862//
f 3147// 1862// 1863//
f 1625// 3109// 3110//
f 3110// 3109// 3118//
f 3110// 3118// 3153//
f 3153// 3118// 3120//
f 3153// 3120// 3154//
f 3154// 3120// 3123//
f 3154// 3123// 3155//
f 3155// 3123// 3135//
f 3155// 3135// 3156//
f 3156// 3135// 3139//
f 3156// 3139// 3157//
f 3157// 3139// 3141//
f 3157// 3141// 3158//
f 3158// 3141// 1861//
f 3158// 1861// 1862//
f 1579// 1857// 3106//
f 3106// 1857// 1858//
f 3106// 1858// 3140//
f 3140// 1858// 1859//
f 3140// 1859// 3141//
f 3141// 1859// 1860//
f 3141// 1860// 1861//
f 3159// 3160// 1922//
f 1384// 1380// 3161//
f 1387// 1384// 3162//
f 1389// 1387// 3163//
f 1391// 1389// 3164//
f 1392// 1391// 3165//
f 3096// 1395// 1392//
f 3096// 1392// 3095//
f 3095// 1392// 3166//
f 3095// 3166// 3094//
f 3094// 3166// 3093//
f 3093// 3166// 3167//
f 3093// 3167// 3092//
f 3092// 3167// 3068//
f 3068// 3167// 3168//
f 3068// 3168// 3097//
f 3169// 3170// 3171//
f 3171// 3170// 3172//
f 3171// 3172// 3173//
f 3173// 3172// 3161//
f 3173// 3161// 3174//
f 3174// 3161// 1380//
f 3174// 1380// 1379//
f 3097// 3168// 3098//
f 3098// 3168// 3175//
f 3098// 3175// 3099//
f 3099// 3175// 3105//
f 3105// 3175// 3176//
f 3105// 3176// 3104//
f 3104// 3176// 3103//
f 3103// 3176// 3177//
f 3103// 3177// 3102//
f 1387// 3162// 3163//
f 3163// 3162// 3178//
f 3163// 3178// 3179//
f 3179// 3178// 3180//
f 3179// 3180// 3181//
f 3181// 3180// 3182//
f 3181// 3182// 3183//
f 3183// 3182// 3184//
f 3183// 3184// 3185//
f 3185// 3184// 3186//
f 3185// 3186// 3187//
f 3187// 3186// 3188//
f 3187// 3188// 3189//
f 1384// 3161// 3162//
f 3162// 3161// 3172//
f 3162// 3172// 3178//
f 3178// 3172// 3170//
f 3178// 3170// 3180//
f 3180// 3170// 3190//
f 3180// 3190// 3182//
f 3182// 3190// 3191//
f 3182// 3191// 3184//
f 3184// 3191// 3192//
f 3184// 3192// 3186//
f 3186// 3192// 3159//
f 3186// 3159// 3188//
f 3169// 3193// 3170//
f 3170// 3193// 3194//
f 3170// 3194// 3190//
f 3190// 3194// 3195//
f 3190// 3195// 3191//
f 3191// 3195// 3196//
f 3191// 3196// 3192//
f 3192// 3196// 3197//
f 3192// 3197// 3159//
f 3159// 3197// 3198//
f 3159// 3198// 3160//
f 3102// 3177// 3101//
f 3101// 3177// 3199//
f 3101// 3199// 3100//
f 3100// 3199// 1904//
f 3100// 1904// 1587//
f 3200// 1908// 1906//
f 1392// 3165// 3166//
f 3166// 3165// 3201//
f 3166// 3201// 3167//
f 3167// 3201// 3202//
f 3167// 3202// 3168//
f 3168// 3202// 3203//
f 3168// 3203// 3175//
f 3175// 3203// 3204//
f 3175// 3204// 3176//
f 3176// 3204// 3205//
f 3176// 3205// 3177//
f 3177// 3205// 3200//
f 3177// 3200// 3199//
f 3199// 3200// 1906//
f 3199// 1906// 1904//
f 1391// 3164// 3165//
f 3165// 3164// 3206//
f 3165// 3206// 3201//
f 3201// 3206// 3207//
f 3201// 3207// 3202//
f 3202// 3207// 3208//
f 3202// 3208// 3203//
f 3203// 3208// 3209//
f 3203// 3209// 3204//
f 3204// 3209// 3210//
f 3204// 3210// 3205//
f 3205// 3210// 3211//
f 3205// 3211// 3200//
f 3200// 3211// 1910//
f 3200// 1910// 1908//
f 1389// 3163// 3164//
f 3164// 3163// 3179//
f 3164// 3179// 3206//
f 3206// 3179// 3181//
f 3206// 3181// 3207//
f 3207// 3181// 3183//
f 3207// 3183// 3208//
f 3208// 3183// 3185//
f 3208// 3185// 3209//
f 3209// 3185// 3187//
f 3209// 3187// 3210//
f 3210// 3187// 3189//
f 3210// 3189// 3211//
f 3211// 3189// 1912//
f 3211// 1912// 1910//
f 1922// 1920// 3159//
f 3159// 1920// 1918//
f 3159// 1918// 3188//
f 3188// 1918// 1916//
f 3188// 1916// 3189//
f 3189// 1916// 1914//
f 3189// 1914// 1912//
f 3212// 3213// 3214//
f 3215// 3216// 3217//
f 3218// 3219// 3220//
f 1868// 1874// 3221//
f 3116// 3134// 3222//
f 3133// 3131// 3223//
f 3129// 3127// 3224//
f 3125// 3124// 3225//
f 3146// 1866// 1867//
f 3142// 3144// 3226//
f 3226// 3144// 3146//
f 3116// 3222// 1618//
f 3146// 1867// 3226//
f 3226// 1867// 1873//
f 3226// 1873// 3227//
f 1873// 1872// 3227//
f 3227// 1872// 1871//
f 3227// 1871// 3228//
f 3228// 1871// 1870//
f 3228// 1870// 3229//
f 3229// 1870// 1869//
f 3229// 1869// 3230//
f 3124// 3142// 3225//
f 3225// 3142// 3226//
f 3225// 3226// 3231//
f 3231// 3226// 3227//
f 3231// 3227// 3232//
f 3232// 3227// 3228//
f 3232// 3228// 3233//
f 3233// 3228// 3229//
f 3233// 3229// 3234//
f 3234// 3229// 3230//
f 3234// 3230// 3235//
f 3127// 3125// 3224//
f 3224// 3125// 3225//
f 3224// 3225// 3236//
f 3236// 3225// 3231//
f 3236// 3231// 3237//
f 3237// 3231// 3232//
f 3237// 3232// 3238//
f 3238// 3232// 3233//
f 3238// 3233// 3239//
f 3239// 3233// 3234//
f 3239// 3234// 3240//
f 3240// 3234// 3235//
f 3240// 3235// 3241//
f 3131// 3129// 3223//
f 3223// 3129// 3224//
f 3223// 3224// 3242//
f 3242// 3224// 3236//
f 3242// 3236// 3243//
f 3243// 3236// 3237//
f 3243// 3237// 3244//
f 3244// 3237// 3238//
f 3244// 3238// 3245//
f 3245// 3238// 3239//
f 3245// 3239// 3246//
f 3246// 3239// 3240//
f 3246// 3240// 3247//
f 3247// 3240// 3241//
f 3247// 3241// 3217//
f 1581// 3219// 1876//
f 1876// 3219// 3218//
f 1876// 3218// 1875//
f 1581// 3248// 3219//
f 3219// 3248// 3249//
f 3219// 3249// 3220//
f 3220// 3249// 3250//
f 3220// 3250// 3251//
f 1874// 1875// 3221//
f 3221// 1875// 3218//
f 3221// 3218// 3252//
f 3252// 3218// 3220//
f 3252// 3220// 3253//
f 3253// 3220// 3251//
f 3253// 3251// 3254//
f 1869// 1868// 3230//
f 3230// 1868// 3221//
f 3230// 3221// 3235//
f 3235// 3221// 3252//
f 3235// 3252// 3241//
f 3241// 3252// 3253//
f 3241// 3253// 3217//
f 3217// 3253// 3254//
f 3217// 3254// 3215//
f 3216// 3212// 3217//
f 3217// 3212// 3214//
f 3217// 3214// 3247//
f 3247// 3214// 3255//
f 3247// 3255// 3246//
f 3246// 3255// 3256//
f 3246// 3256// 3245//
f 3245// 3256// 3257//
f 3245// 3257// 3244//
f 3244// 3257// 3258//
f 3244// 3258// 3243//
f 3243// 3258// 3259//
f 3243// 3259// 3242//
f 3242// 3259// 3260//
f 3242// 3260// 3223//
f 3223// 3260// 3222//
f 3223// 3222// 3133//
f 3133// 3222// 3134//
f 1618// 3222// 1709//
f 1709// 3222// 3260//
f 1709// 3260// 1719//
f 1719// 3260// 3259//
f 1719// 3259// 1720//
f 1720// 3259// 3258//
f 1720// 3258// 1721//
f 1721// 3258// 3257//
f 1721// 3257// 1722//
f 1722// 3257// 3256//
f 1722// 3256// 1723//
f 1723// 3256// 3255//
f 1723// 3255// 1724//
f 1724// 3255// 3214//
f 1724// 3214// 1725//
f 1725// 3214// 3213//
f 1725// 3213// 1726//
f 3261// 3262// 3263//
f 3264// 3265// 3266//
f 3267// 3268// 3269//
f 3197// 3196// 3270//
f 3193// 3169// 3271//
f 3174// 1379// 1718//
f 3171// 3173// 3272//
f 3272// 3173// 3174//
f 3193// 3271// 3194//
f 1923// 1922// 3273//
f 3273// 1922// 3160//
f 3273// 3160// 3198//
f 3174// 1718// 3272//
f 3272// 1718// 1717//
f 3272// 1717// 3274//
f 3274// 1717// 1716//
f 3274// 1716// 3275//
f 3275// 1716// 1715//
f 3275// 1715// 3276//
f 3169// 3171// 3271//
f 3271// 3171// 3272//
f 3271// 3272// 3277//
f 3277// 3272// 3274//
f 3277// 3274// 3278//
f 3278// 3274// 3275//
f 3278// 3275// 3279//
f 3279// 3275// 3276//
f 3279// 3276// 3280//
f 1923// 3273// 1897//
f 1897// 3273// 3281//
f 1897// 3281// 1899//
f 1899// 3281// 3282//
f 1899// 3282// 1901//
f 1901// 3282// 3283//
f 1901// 3283// 1902//
f 1902// 3283// 3284//
f 1902// 3284// 1891//
f 3195// 3194// 3285//
f 3285// 3194// 3271//
f 3285// 3271// 3286//
f 3286// 3271// 3277//
f 3286// 3277// 3287//
f 3287// 3277// 3278//
f 3287// 3278// 3288//
f 3288// 3278// 3279//
f 3288// 3279// 3289//
f 3289// 3279// 3280//
f 3289// 3280// 3290//
f 3196// 3195// 3270//
f 3270// 3195// 3285//
f 3270// 3285// 3291//
f 3291// 3285// 3286//
f 3291// 3286// 3292//
f 3292// 3286// 3287//
f 3292// 3287// 3293//
f 3293// 3287// 3288//
f 3293// 3288// 3294//
f 3294// 3288// 3289//
f 3294// 3289// 3295//
f 3295// 3289// 3290//
f 3295// 3290// 3296//
f 3198// 3197// 3273//
f 3273// 3197// 3270//
f 3273// 3270// 3281//
f 3281// 3270// 3291//
f 3281// 3291// 3282//
f 3282// 3291// 3292//
f 3282// 3292// 3283//
f 3283// 3292// 3293//
f 3283// 3293// 3284//
f 3284// 3293// 3294//
f 3284// 3294// 3297//
f 3297// 3294// 3295//
f 3297// 3295// 3298//
f 3298// 3295// 3296//
f 3298// 3296// 3263//
f 1727// 3268// 1710//
f 1710// 3268// 3267//
f 1710// 3267// 1711//
f 1727// 3299// 3268//
f 3268// 3299// 3300//
f 3268// 3300// 3269//
f 3269// 3300// 3301//
f 3269// 3301// 3302//
f 1713// 1711// 3303//
f 3303// 1711// 3267//
f 3303// 3267// 3304//
f 3304// 3267// 3269//
f 3304// 3269// 3305//
f 3305// 3269// 3302//
f 3305// 3302// 3306//
f 1714// 1713// 3307//
f 3307// 1713// 3303//
f 3307// 3303// 3308//
f 3308// 3303// 3304//
f 3308// 3304// 3309//
f 3309// 3304// 3305//
f 3309// 3305// 3266//
f 3266// 3305// 3306//
f 3266// 3306// 3264//
f 1715// 1714// 3276//
f 3276// 1714// 3307//
f 3276// 3307// 3280//
f 3280// 3307// 3308//
f 3280// 3308// 3290//
f 3290// 3308// 3309//
f 3290// 3309// 3296//
f 3296// 3309// 3266//
f 3296// 3266// 3263//
f 3263// 3266// 3265//
f 3263// 3265// 3261//
f 1891// 3284// 1892//
f 1892// 3284// 3297//
f 1892// 3297// 1894//
f 1894// 3297// 3298//
f 1894// 3298// 1895//
f 1895// 3298// 3263//
f 1895// 3263// 1889//
f 1889// 3263// 3262//
f 1889// 3262// 1582//
f 1727// 1726// 3299//
f 3299// 1726// 3213//
f 3299// 3213// 3300//
f 3300// 3213// 3212//
f 3300// 3212// 3301//
f 3301// 3212// 3216//
f 3301// 3216// 3302//
f 3302// 3216// 3215//
f 3302// 3215// 3306//
f 3306// 3215// 3254//
f 3306// 3254// 3264//
f 3264// 3254// 3251//
f 3264// 3251// 3265//
f 3265// 3251// 3250//
f 3265// 3250// 3261//
f 3261// 3250// 3249//
f 3261// 3249// 3262//
f 3262// 3249// 3248//
f 3262// 3248// 1582//
f 1582// 3248// 1581//
usemtl 1
f 2040// 1562// 1289//
f 1289// 1562// 1025//
f 1289// 1025// 1290//
f 1290// 1025// 1292//
f 1292// 1025// 1024//
f 1292// 1024// 1268//
f 1001// 1000// 1272//
f 1272// 1000// 1276//
f 875// 613// 891//
f 891// 613// 612//
f 891// 612// 880//
f 580// 582// 894//
f 894// 582// 878//
f 3310// 1976// 3311//
f 3311// 1976// 1369//
f 3311// 1369// 1368//
f 3312// 1568// 1970//
f 1973// 3313// 1974//
f 1974// 3313// 3314//
f 1974// 3314// 1975//
f 1975// 3314// 3315//
f 1975// 3315// 1968//
f 1968// 3315// 3316//
f 1968// 3316// 1969//
f 1969// 3316// 3317//
f 1969// 3317// 1970//
f 1970// 3317// 3318//
f 1970// 3318// 3312//
f 3319// 3320// 1971//
f 1971// 3320// 3321//
f 1971// 3321// 1972//
f 1972// 3321// 3322//
f 1972// 3322// 1973//
f 1973// 3322// 3323//
f 1973// 3323// 3313//
f 1971// 1979// 3319//
f 3319// 1979// 1978//
f 3319// 1978// 3324//
f 3324// 1978// 1977//
f 3324// 1977// 3325//
f 3325// 1977// 1976//
f 3325// 1976// 3310//
f 3326// 1567// 3327//
f 3327// 1567// 1568//
f 3327// 1568// 3312//
f 1565// 1567// 2014//
f 2014// 1567// 3326//
f 2036// 1570// 3328//
f 3328// 1570// 1569//
f 3328// 1569// 3329//
f 3329// 1569// 3330//
f 3330// 1569// 1986//
f 3330// 1986// 3331//
f 1984// 3332// 3333//
f 1984// 3333// 1985//
f 1985// 3333// 3331//
f 1985// 3331// 1986//
f 1987// 3334// 1988//
f 1988// 3334// 3335//
f 3332// 1984// 3335//
f 3335// 1984// 1989//
f 3335// 1989// 1988//
f 3336// 3337// 1994//
f 1994// 3337// 3338//
f 1994// 3338// 1995//
f 1995// 3338// 3339//
f 1995// 3339// 1991//
f 1991// 3339// 3340//
f 1991// 3340// 1990//
f 1990// 3340// 3341//
f 1990// 3341// 1987//
f 1987// 3341// 3342//
f 1987// 3342// 3334//
f 1992// 1572// 3343//
f 1994// 1993// 3336//
f 3336// 1993// 1992//
f 3336// 1992// 3344//
f 3344// 1992// 3343//
f 1573// 3345// 1572//
f 1572// 3345// 3346//
f 1572// 3346// 3343//
f 1573// 1574// 3345//
f 3345// 1574// 2037//
usemtl 3
f 2046// 3347// 3348//
f 2046// 3348// 2045//
f 3349// 2043// 2044//
f 3348// 3350// 2045//
f 2045// 3350// 3351//
f 2045// 3351// 2044//
f 2044// 3351// 3352//
f 2044// 3352// 3349//
f 3349// 3353// 2043//
f 2043// 3353// 3354//
f 2043// 3354// 2042//
f 3355// 2038// 3356//
f 3356// 2038// 2041//
f 3354// 3357// 2042//
f 2042// 3357// 3358//
f 2042// 3358// 2041//
f 2041// 3358// 3359//
f 2041// 3359// 3356//
f 2038// 3355// 2037//
f 2037// 3355// 3360//
f 2037// 3360// 3345//
f 3345// 3360// 3346//
f 3346// 3360// 3343//
f 3343// 3360// 3361//
f 3343// 3361// 3344//
f 3344// 3361// 3336//
f 3362// 3338// 3361//
f 3361// 3338// 3337//
f 3361// 3337// 3336//
f 3341// 3340// 3362//
f 3362// 3340// 3339//
f 3362// 3339// 3338//
f 3341// 3362// 3342//
f 3342// 3362// 3363//
f 3342// 3363// 3334//
f 3334// 3363// 3364//
f 3334// 3364// 3335//
f 3365// 3328// 3366//
f 3366// 3328// 3329//
f 3366// 3329// 3364//
f 3364// 3329// 3330//
f 3364// 3330// 3331//
f 3331// 3333// 3364//
f 3364// 3333// 3332//
f 3364// 3332// 3335//
f 3328// 3365// 2036//
f 2036// 3365// 3367//
f 2036// 3367// 2030//
f 2030// 3367// 3368//
f 2030// 3368// 2029//
f 2029// 3368// 3369//
f 2029// 3369// 2028//
f 2028// 3369// 3370//
f 2028// 3370// 2025//
f 3371// 2026// 3370//
f 3370// 2026// 2025//
f 3372// 2053// 1378//
f 2026// 3371// 1376//
f 1376// 3371// 3373//
f 1376// 3373// 3374//
f 3375// 3376// 1378//
f 1378// 3376// 3377//
f 1378// 3377// 3372//
f 3374// 3378// 1376//
f 1376// 3378// 3379//
f 1376// 3379// 3380//
f 3381// 3382// 1378//
f 1378// 3382// 3383//
f 1378// 3383// 3375//
f 3380// 3384// 1376//
f 1376// 3384// 3385//
f 1376// 3385// 1378//
f 1378// 3385// 3386//
f 1378// 3386// 3381//
f 3387// 2052// 3372//
f 3372// 2052// 2053//
f 2052// 3387// 3388//
f 2052// 3388// 2061//
f 2061// 3388// 3389//
f 2061// 3389// 2060//
f 2060// 3389// 3390//
f 2060// 3390// 2059//
f 2059// 3390// 1374//
f 1374// 3390// 884//
f 1374// 884// 881//
f 895// 893// 3391//
f 895// 3391// 2058//
f 3392// 2056// 2057//
f 3391// 3393// 2058//
f 2058// 3393// 3394//
f 2058// 3394// 2057//
f 2057// 3394// 3395//
f 2057// 3395// 3392//
f 3392// 3396// 2056//
f 2056// 3396// 3397//
f 2056// 3397// 2055//
f 3398// 2050// 3399//
f 3399// 2050// 2054//
f 3397// 3400// 2055//
f 2055// 3400// 3401//
f 2055// 3401// 2054//
f 2054// 3401// 3402//
f 2054// 3402// 3399//
f 3347// 2046// 3398//
f 3398// 2046// 2050//
f 3403// 3386// 3404//
f 3404// 3386// 3405//
f 952// 957// 3406//
f 3406// 957// 3407//
f 3407// 957// 3404//
f 3404// 957// 963//
f 3404// 963// 3408//
f 3385// 3409// 3386//
f 3386// 3409// 3410//
f 3410// 3411// 3386//
f 3386// 3411// 3412//
f 3386// 3412// 3405//
f 3408// 3413// 3404//
f 3404// 3413// 3414//
f 3404// 3414// 3403//
f 3415// 974// 3416//
f 3416// 974// 3417//
f 3418// 3417// 3419//
f 3419// 3417// 974//
f 3419// 974// 3420//
f 3420// 974// 947//
f 3420// 947// 3406//
f 3406// 947// 948//
f 3406// 948// 952//
f 3421// 3422// 3423//
f 3423// 3422// 3424//
f 3423// 3424// 3425//
f 3418// 3426// 3417//
f 3417// 3426// 3427//
f 3417// 3427// 3428//
f 3428// 3429// 3417//
f 3417// 3429// 3430//
f 3417// 3430// 3431//
f 3415// 3416// 3424//
f 3424// 3416// 3432//
f 3424// 3432// 3425//
f 2017// 3433// 3434//
f 2017// 3434// 2016//
f 2016// 3434// 3435//
f 2016// 3435// 2015//
f 2015// 3435// 3436//
f 2015// 3436// 2012//
f 2012// 3436// 1372//
f 1372// 3436// 3437//
f 1372// 3437// 1370//
f 3320// 3319// 3438//
f 3438// 3319// 3324//
f 3438// 3324// 3325//
f 1370// 3437// 1368//
f 1368// 3437// 3439//
f 1368// 3439// 3311//
f 3311// 3439// 3438//
f 3311// 3438// 3310//
f 3310// 3438// 3325//
f 3320// 3438// 3321//
f 3321// 3438// 3440//
f 3321// 3440// 3322//
f 3322// 3440// 3323//
f 3323// 3440// 3441//
f 3323// 3441// 3313//
f 3317// 3316// 3442//
f 3442// 3316// 3315//
f 3442// 3315// 3441//
f 3441// 3315// 3314//
f 3441// 3314// 3313//
f 3443// 3327// 3312//
f 3443// 3312// 3442//
f 3442// 3312// 3318//
f 3442// 3318// 3317//
f 3444// 2013// 2014//
f 3444// 2014// 3443//
f 3443// 2014// 3326//
f 3443// 3326// 3327//
f 2013// 3444// 3445//
f 2013// 3445// 2023//
f 3446// 2021// 2022//
f 3445// 3447// 2023//
f 2023// 3447// 3448//
f 2023// 3448// 2022//
f 2022// 3448// 3449//
f 2022// 3449// 3446//
f 3446// 3450// 2021//
f 2021// 3450// 3451//
f 2021// 3451// 2020//
f 3452// 2018// 3453//
f 3453// 2018// 2019//
f 3451// 3454// 2020//
f 2020// 3454// 3455//
f 2020// 3455// 2019//
f 2019// 3455// 3456//
f 2019// 3456// 3453//
f 3457// 2027// 3452//
f 3452// 2027// 2018//
f 2027// 3457// 3458//
f 2027// 3458// 2035//
f 3459// 2033// 2034//
f 3458// 3460// 2035//
f 2035// 3460// 3461//
f 2035// 3461// 2034//
f 2034// 3461// 3462//
f 2034// 3462// 3459//
f 3459// 3463// 2033//
f 2033// 3463// 3464//
f 2033// 3464// 2032//
f 1275// 1274// 3465//
f 3465// 1274// 2031//
f 3464// 3466// 2032//
f 2032// 3466// 3467//
f 2032// 3467// 2031//
f 2031// 3467// 3468//
f 2031// 3468// 3465//
f 1289// 1295// 2040//
f 2040// 1295// 3469//
f 2040// 3469// 2039//
f 2039// 3469// 3470//
f 2039// 3470// 2049//
f 2049// 3470// 3471//
f 2049// 3471// 2048//
f 2048// 3471// 3472//
f 2048// 3472// 2047//
f 3473// 2051// 3472//
f 3472// 2051// 2047//
f 3474// 2024// 1375//
f 2051// 3473// 1377//
f 1377// 3473// 3475//
f 1377// 3475// 3476//
f 3477// 3478// 1375//
f 1375// 3478// 3479//
f 1375// 3479// 3474//
f 3476// 3480// 1377//
f 1377// 3480// 3481//
f 1377// 3481// 3482//
f 3483// 3484// 1375//
f 1375// 3484// 3485//
f 1375// 3485// 3477//
f 3482// 3486// 1377//
f 1377// 3486// 3487//
f 1377// 3487// 1375//
f 1375// 3487// 3488//
f 1375// 3488// 3483//
f 3433// 2017// 3474//
f 3474// 2017// 2024//
f 3489// 3488// 3487//
f 1362// 1357// 3490//
f 3490// 1357// 1353//
f 3490// 1353// 3491//
f 3492// 3493// 1318//
f 3487// 3494// 3495//
f 3491// 1353// 3493//
f 3493// 1353// 1349//
f 3493// 1349// 1318//
f 3495// 3496// 3487//
f 3487// 3496// 3497//
f 3487// 3497// 3489//
f 3494// 3487// 3490//
f 3490// 3487// 3498//
f 3490// 3498// 3499//
f 3499// 3500// 3490//
f 3490// 3500// 3501//
f 3490// 3501// 1362//
f 3502// 1318// 1317//
f 3492// 1318// 3503//
f 3503// 1318// 3502//
f 3503// 3502// 3504//
f 3505// 3506// 3507//
f 3507// 3506// 3508//
f 3507// 3508// 3509//
f 1317// 3510// 3502//
f 3502// 3510// 3506//
f 3502// 3506// 3511//
f 3511// 3506// 3505//
f 3504// 3512// 3513//
f 3513// 3514// 3504//
f 3504// 3514// 3515//
f 3504// 3515// 3516//
f 3516// 3517// 3504//
f 3504// 3517// 3518//
f 3504// 3518// 3503//
f 3386// 3403// 3519//
f 3386// 3519// 3381//
f 3381// 3519// 3520//
f 3381// 3520// 3382//
f 3382// 3520// 3521//
f 3382// 3521// 3383//
f 3383// 3521// 3522//
f 3383// 3522// 3375//
f 3375// 3522// 3523//
f 3375// 3523// 3376//
f 3376// 3523// 3524//
f 3376// 3524// 3377//
f 3377// 3524// 3387//
f 3377// 3387// 3372//
f 3403// 3414// 3519//
f 3519// 3414// 3525//
f 3519// 3525// 3520//
f 3520// 3525// 3526//
f 3520// 3526// 3521//
f 3521// 3526// 3527//
f 3521// 3527// 3522//
f 3522// 3527// 3528//
f 3522// 3528// 3523//
f 3523// 3528// 3529//
f 3523// 3529// 3524//
f 3524// 3529// 3530//
f 3524// 3530// 3387//
f 3387// 3530// 3388//
f 3414// 3413// 3525//
f 3525// 3413// 3531//
f 3525// 3531// 3526//
f 3526// 3531// 3532//
f 3526// 3532// 3527//
f 3527// 3532// 3533//
f 3527// 3533// 3528//
f 3528// 3533// 3534//
f 3528// 3534// 3529//
f 3529// 3534// 3535//
f 3529// 3535// 3530//
f 3530// 3535// 3536//
f 3530// 3536// 3388//
f 3388// 3536// 3389//
f 3413// 3408// 3531//
f 3531// 3408// 3537//
f 3531// 3537// 3532//
f 3532// 3537// 3538//
f 3532// 3538// 3533//
f 3533// 3538// 3539//
f 3533// 3539// 3534//
f 3534// 3539// 3540//
f 3534// 3540// 3535//
f 3535// 3540// 3541//
f 3535// 3541// 3536//
f 3536// 3541// 3542//
f 3536// 3542// 3389//
f 3389// 3542// 3390//
f 884// 3390// 3542//
f 884// 3542// 907//
f 907// 3542// 3541//
f 907// 3541// 958//
f 958// 3541// 3540//
f 958// 3540// 959//
f 959// 3540// 3539//
f 959// 3539// 960//
f 960// 3539// 3538//
f 960// 3538// 961//
f 961// 3538// 3537//
f 961// 3537// 962//
f 962// 3537// 3408//
f 962// 3408// 963//
f 3402// 3401// 3543//
f 3395// 3394// 3544//
f 3415// 3424// 3545//
f 3545// 3424// 3546//
f 3545// 3546// 3547//
f 3547// 3546// 3548//
f 3547// 3548// 3549//
f 3549// 3548// 3550//
f 3549// 3550// 3551//
f 3551// 3550// 3552//
f 3551// 3552// 3553//
f 3553// 3552// 3554//
f 3553// 3554// 3555//
f 3555// 3554// 3544//
f 3423// 3425// 3556//
f 3556// 3425// 3557//
f 3556// 3557// 3558//
f 3558// 3557// 3559//
f 3558// 3559// 3560//
f 3560// 3559// 3561//
f 3560// 3561// 3562//
f 3562// 3561// 3563//
f 3562// 3563// 3564//
f 3564// 3563// 3565//
f 3564// 3565// 3566//
f 3566// 3565// 3543//
f 974// 3415// 973//
f 973// 3415// 3545//
f 973// 3545// 972//
f 972// 3545// 3547//
f 972// 3547// 971//
f 971// 3547// 3549//
f 971// 3549// 970//
f 970// 3549// 3551//
f 970// 3551// 967//
f 967// 3551// 3553//
f 967// 3553// 965//
f 965// 3553// 3555//
f 965// 3555// 893//
f 893// 3555// 3391//
f 3544// 3394// 3555//
f 3555// 3394// 3393//
f 3555// 3393// 3391//
f 3392// 3395// 3567//
f 3567// 3395// 3544//
f 3567// 3544// 3568//
f 3568// 3544// 3554//
f 3568// 3554// 3569//
f 3569// 3554// 3552//
f 3569// 3552// 3570//
f 3570// 3552// 3550//
f 3570// 3550// 3571//
f 3571// 3550// 3548//
f 3571// 3548// 3572//
f 3572// 3548// 3546//
f 3572// 3546// 3422//
f 3422// 3546// 3424//
f 3422// 3421// 3572//
f 3572// 3421// 3573//
f 3572// 3573// 3571//
f 3571// 3573// 3574//
f 3571// 3574// 3570//
f 3570// 3574// 3575//
f 3570// 3575// 3569//
f 3569// 3575// 3576//
f 3569// 3576// 3568//
f 3568// 3576// 3577//
f 3568// 3577// 3567//
f 3567// 3577// 3578//
f 3567// 3578// 3392//
f 3392// 3578// 3396//
f 3421// 3423// 3573//
f 3573// 3423// 3556//
f 3573// 3556// 3574//
f 3574// 3556// 3558//
f 3574// 3558// 3575//
f 3575// 3558// 3560//
f 3575// 3560// 3576//
f 3576// 3560// 3562//
f 3576// 3562// 3577//
f 3577// 3562// 3564//
f 3577// 3564// 3578//
f 3578// 3564// 3566//
f 3578// 3566// 3396//
f 3396// 3566// 3397//
f 3543// 3401// 3566//
f 3566// 3401// 3400//
f 3566// 3400// 3397//
f 3399// 3402// 3579//
f 3579// 3402// 3543//
f 3579// 3543// 3580//
f 3580// 3543// 3565//
f 3580// 3565// 3581//
f 3581// 3565// 3563//
f 3581// 3563// 3582//
f 3582// 3563// 3561//
f 3582// 3561// 3583//
f 3583// 3561// 3559//
f 3583// 3559// 3584//
f 3584// 3559// 3557//
f 3584// 3557// 3432//
f 3432// 3557// 3425//
f 3432// 3416// 3584//
f 3584// 3416// 3585//
f 3584// 3585// 3583//
f 3583// 3585// 3586//
f 3583// 3586// 3582//
f 3582// 3586// 3587//
f 3582// 3587// 3581//
f 3581// 3587// 3588//
f 3581// 3588// 3580//
f 3580// 3588// 3589//
f 3580// 3589// 3579//
f 3579// 3589// 3590//
f 3579// 3590// 3399//
f 3399// 3590// 3398//
f 3347// 3398// 3590//
f 3347// 3590// 3591//
f 3591// 3590// 3589//
f 3591// 3589// 3592//
f 3592// 3589// 3588//
f 3592// 3588// 3593//
f 3593// 3588// 3587//
f 3593// 3587// 3594//
f 3594// 3587// 3586//
f 3594// 3586// 3595//
f 3595// 3586// 3585//
f 3595// 3585// 3596//
f 3596// 3585// 3416//
f 3596// 3416// 3417//
f 3359// 3358// 3597//
f 3352// 3351// 3598//
f 3431// 3430// 3599//
f 3599// 3430// 3600//
f 3599// 3600// 3601//
f 3601// 3600// 3602//
f 3601// 3602// 3603//
f 3603// 3602// 3604//
f 3603// 3604// 3605//
f 3605// 3604// 3606//
f 3605// 3606// 3607//
f 3607// 3606// 3608//
f 3607// 3608// 3609//
f 3609// 3608// 3598//
f 3427// 3426// 3610//
f 3610// 3426// 3611//
f 3610// 3611// 3612//
f 3612// 3611// 3613//
f 3612// 3613// 3614//
f 3614// 3613// 3615//
f 3614// 3615// 3616//
f 3616// 3615// 3617//
f 3616// 3617// 3618//
f 3618// 3617// 3619//
f 3618// 3619// 3620//
f 3620// 3619// 3597//
f 3417// 3431// 3596//
f 3596// 3431// 3599//
f 3596// 3599// 3595//
f 3595// 3599// 3601//
f 3595// 3601// 3594//
f 3594// 3601// 3603//
f 3594// 3603// 3593//
f 3593// 3603// 3605//
f 3593// 3605// 3592//
f 3592// 3605// 3607//
f 3592// 3607// 3591//
f 3591// 3607// 3609//
f 3591// 3609// 3347//
f 3347// 3609// 3348//
f 3598// 3351// 3609//
f 3609// 3351// 3350//
f 3609// 3350// 3348//
f 3349// 3352// 3621//
f 3621// 3352// 3598//
f 3621// 3598// 3622//
f 3622// 3598// 3608//
f 3622// 3608// 3623//
f 3623// 3608// 3606//
f 3623// 3606// 3624//
f 3624// 3606// 3604//
f 3624// 3604// 3625//
f 3625// 3604// 3602//
f 3625// 3602// 3626//
f 3626// 3602// 3600//
f 3626// 3600// 3429//
f 3429// 3600// 3430//
f 3429// 3428// 3626//
f 3626// 3428// 3627//
f 3626// 3627// 3625//
f 3625// 3627// 3628//
f 3625// 3628// 3624//
f 3624// 3628// 3629//
f 3624// 3629// 3623//
f 3623// 3629// 3630//
f 3623// 3630// 3622//
f 3622// 3630// 3631//
f 3622// 3631// 3621//
f 3621// 3631// 3632//
f 3621// 3632// 3349//
f 3349// 3632// 3353//
f 3428// 3427// 3627//
f 3627// 3427// 3610//
f 3627// 3610// 3628//
f 3628// 3610// 3612//
f 3628// 3612// 3629//
f 3629// 3612// 3614//
f 3629// 3614// 3630//
f 3630// 3614// 3616//
f 3630// 3616// 3631//
f 3631// 3616// 3618//
f 3631// 3618// 3632//
f 3632// 3618// 3620//
f 3632// 3620// 3353//
f 3353// 3620// 3354//
f 3597// 3358// 3620//
f 3620// 3358// 3357//
f 3620// 3357// 3354//
f 3356// 3359// 3633//
f 3633// 3359// 3597//
f 3633// 3597// 3634//
f 3634// 3597// 3619//
f 3634// 3619// 3635//
f 3635// 3619// 3617//
f 3635// 3617// 3636//
f 3636// 3617// 3615//
f 3636// 3615// 3637//
f 3637// 3615// 3613//
f 3637// 3613// 3638//
f 3638// 3613// 3611//
f 3638// 3611// 3418//
f 3418// 3611// 3426//
f 3418// 3419// 3638//
f 3638// 3419// 3639//
f 3638// 3639// 3637//
f 3637// 3639// 3640//
f 3637// 3640// 3636//
f 3636// 3640// 3641//
f 3636// 3641// 3635//
f 3635// 3641// 3642//
f 3635// 3642// 3634//
f 3634// 3642// 3643//
f 3634// 3643// 3633//
f 3633// 3643// 3644//
f 3633// 3644// 3356//
f 3356// 3644// 3355//
f 3360// 3355// 3644//
f 3360// 3644// 3645//
f 3645// 3644// 3643//
f 3645// 3643// 3646//
f 3646// 3643// 3642//
f 3646// 3642// 3647//
f 3647// 3642// 3641//
f 3647// 3641// 3648//
f 3648// 3641// 3640//
f 3648// 3640// 3649//
f 3649// 3640// 3639//
f 3649// 3639// 3650//
f 3650// 3639// 3419//
f 3650// 3419// 3420//
f 3362// 3361// 3651//
f 3364// 3363// 3652//
f 3365// 3366// 3653//
f 3653// 3366// 3654//
f 3653// 3654// 3655//
f 3655// 3654// 3656//
f 3655// 3656// 3657//
f 3657// 3656// 3658//
f 3657// 3658// 3659//
f 3659// 3658// 3660//
f 3659// 3660// 3661//
f 3661// 3660// 3662//
f 3661// 3662// 3663//
f 3663// 3662// 3664//
f 3663// 3664// 3405//
f 3405// 3664// 3404//
f 3366// 3364// 3654//
f 3654// 3364// 3652//
f 3654// 3652// 3656//
f 3656// 3652// 3665//
f 3656// 3665// 3658//
f 3658// 3665// 3666//
f 3658// 3666// 3660//
f 3660// 3666// 3667//
f 3660// 3667// 3662//
f 3662// 3667// 3668//
f 3662// 3668// 3664//
f 3664// 3668// 3669//
f 3664// 3669// 3404//
f 3404// 3669// 3407//
f 3363// 3362// 3652//
f 3652// 3362// 3651//
f 3652// 3651// 3665//
f 3665// 3651// 3670//
f 3665// 3670// 3666//
f 3666// 3670// 3671//
f 3666// 3671// 3667//
f 3667// 3671// 3672//
f 3667// 3672// 3668//
f 3668// 3672// 3673//
f 3668// 3673// 3669//
f 3669// 3673// 3674//
f 3669// 3674// 3407//
f 3407// 3674// 3406//
f 3361// 3360// 3651//
f 3651// 3360// 3645//
f 3651// 3645// 3670//
f 3670// 3645// 3646//
f 3670// 3646// 3671//
f 3671// 3646// 3647//
f 3671// 3647// 3672//
f 3672// 3647// 3648//
f 3672// 3648// 3673//
f 3673// 3648// 3649//
f 3673// 3649// 3674//
f 3674// 3649// 3650//
f 3674// 3650// 3406//
f 3406// 3650// 3420//
f 3367// 3365// 3653//
f 3367// 3653// 3675//
f 3675// 3653// 3655//
f 3675// 3655// 3676//
f 3676// 3655// 3657//
f 3676// 3657// 3677//
f 3677// 3657// 3659//
f 3677// 3659// 3678//
f 3678// 3659// 3661//
f 3678// 3661// 3679//
f 3679// 3661// 3663//
f 3679// 3663// 3680//
f 3680// 3663// 3405//
f 3680// 3405// 3412//
f 3412// 3411// 3680//
f 3680// 3411// 3681//
f 3680// 3681// 3679//
f 3679// 3681// 3682//
f 3679// 3682// 3678//
f 3678// 3682// 3683//
f 3678// 3683// 3677//
f 3677// 3683// 3684//
f 3677// 3684// 3676//
f 3676// 3684// 3685//
f 3676// 3685// 3675//
f 3675// 3685// 3686//
f 3675// 3686// 3367//
f 3367// 3686// 3368//
f 3411// 3410// 3681//
f 3681// 3410// 3687//
f 3681// 3687// 3682//
f 3682// 3687// 3688//
f 3682// 3688// 3683//
f 3683// 3688// 3689//
f 3683// 3689// 3684//
f 3684// 3689// 3690//
f 3684// 3690// 3685//
f 3685// 3690// 3691//
f 3685// 3691// 3686//
f 3686// 3691// 3692//
f 3686// 3692// 3368//
f 3368// 3692// 3369//
f 3410// 3409// 3687//
f 3687// 3409// 3693//
f 3687// 3693// 3688//
f 3688// 3693// 3694//
f 3688// 3694// 3689//
f 3689// 3694// 3695//
f 3689// 3695// 3690//
f 3690// 3695// 3696//
f 3690// 3696// 3691//
f 3691// 3696// 3697//
f 3691// 3697// 3692//
f 3692// 3697// 3698//
f 3692// 3698// 3369//
f 3369// 3698// 3370//
f 3371// 3370// 3698//
f 3371// 3698// 3373//
f 3373// 3698// 3697//
f 3373// 3697// 3374//
f 3374// 3697// 3696//
f 3374// 3696// 3378//
f 3378// 3696// 3695//
f 3378// 3695// 3379//
f 3379// 3695// 3694//
f 3379// 3694// 3380//
f 3380// 3694// 3693//
f 3380// 3693// 3384//
f 3384// 3693// 3409//
f 3384// 3409// 3385//
f 3488// 3489// 3699//
f 3488// 3699// 3483//
f 3483// 3699// 3700//
f 3483// 3700// 3484//
f 3484// 3700// 3701//
f 3484// 3701// 3485//
f 3485// 3701// 3702//
f 3485// 3702// 3477//
f 3477// 3702// 3703//
f 3477// 3703// 3478//
f 3478// 3703// 3704//
f 3478// 3704// 3479//
f 3479// 3704// 3433//
f 3479// 3433// 3474//
f 3436// 3435// 3705//
f 3705// 3435// 3706//
f 3705// 3706// 3707//
f 3707// 3706// 3708//
f 3707// 3708// 3709//
f 3709// 3708// 3710//
f 3709// 3710// 3711//
f 3711// 3710// 3712//
f 3711// 3712// 3713//
f 3713// 3712// 3714//
f 3713// 3714// 3715//
f 3715// 3714// 3716//
f 3715// 3716// 3495//
f 3495// 3716// 3496//
f 3435// 3434// 3706//
f 3706// 3434// 3717//
f 3706// 3717// 3708//
f 3708// 3717// 3718//
f 3708// 3718// 3710//
f 3710// 3718// 3719//
f 3710// 3719// 3712//
f 3712// 3719// 3720//
f 3712// 3720// 3714//
f 3714// 3720// 3721//
f 3714// 3721// 3716//
f 3716// 3721// 3722//
f 3716// 3722// 3496//
f 3496// 3722// 3497//
f 3434// 3433// 3717//
f 3717// 3433// 3704//
f 3717// 3704// 3718//
f 3718// 3704// 3703//
f 3718// 3703// 3719//
f 3719// 3703// 3702//
f 3719// 3702// 3720//
f 3720// 3702// 3701//
f 3720// 3701// 3721//
f 3721// 3701// 3700//
f 3721// 3700// 3722//
f 3722// 3700// 3699//
f 3722// 3699// 3497//
f 3497// 3699// 3489//
f 3495// 3494// 3723//
f 3495// 3723// 3715//
f 3715// 3723// 3724//
f 3715// 3724// 3713//
f 3713// 3724// 3725//
f 3713// 3725// 3711//
f 3711// 3725// 3726//
f 3711// 3726// 3709//
f 3709// 3726// 3727//
f 3709// 3727// 3707//
f 3707// 3727// 3728//
f 3707// 3728// 3705//
f 3705// 3728// 3437//
f 3705// 3437// 3436//
f 3441// 3440// 3729//
f 3438// 3439// 3730//
f 3494// 3490// 3723//
f 3723// 3490// 3731//
f 3723// 3731// 3724//
f 3724// 3731// 3732//
f 3724// 3732// 3725//
f 3725// 3732// 3733//
f 3725// 3733// 3726//
f 3726// 3733// 3734//
f 3726// 3734// 3727//
f 3727// 3734// 3735//
f 3727// 3735// 3728//
f 3728// 3735// 3730//
f 3728// 3730// 3437//
f 3437// 3730// 3439//
f 3440// 3438// 3729//
f 3729// 3438// 3730//
f 3729// 3730// 3736//
f 3736// 3730// 3735//
f 3736// 3735// 3737//
f 3737// 3735// 3734//
f 3737// 3734// 3738//
f 3738// 3734// 3733//
f 3738// 3733// 3739//
f 3739// 3733// 3732//
f 3739// 3732// 3740//
f 3740// 3732// 3731//
f 3740// 3731// 3491//
f 3491// 3731// 3490//
f 3442// 3441// 3741//
f 3741// 3441// 3729//
f 3741// 3729// 3742//
f 3742// 3729// 3736//
f 3742// 3736// 3743//
f 3743// 3736// 3737//
f 3743// 3737// 3744//
f 3744// 3737// 3738//
f 3744// 3738// 3745//
f 3745// 3738// 3739//
f 3745// 3739// 3746//
f 3746// 3739// 3740//
f 3746// 3740// 3493//
f 3493// 3740// 3491//
f 3493// 3492// 3746//
f 3746// 3492// 3747//
f 3746// 3747// 3745//
f 3745// 3747// 3748//
f 3745// 3748// 3744//
f 3744// 3748// 3749//
f 3744// 3749// 3743//
f 3743// 3749// 3750//
f 3743// 3750// 3742//
f 3742// 3750// 3751//
f 3742// 3751// 3741//
f 3741// 3751// 3752//
f 3741// 3752// 3442//
f 3442// 3752// 3443//
f 3492// 3503// 3753//
f 3492// 3753// 3747//
f 3747// 3753// 3754//
f 3747// 3754// 3748//
f 3748// 3754// 3755//
f 3748// 3755// 3749//
f 3749// 3755// 3756//
f 3749// 3756// 3750//
f 3750// 3756// 3757//
f 3750// 3757// 3751//
f 3751// 3757// 3758//
f 3751// 3758// 3752//
f 3752// 3758// 3444//
f 3752// 3444// 3443//
f 3504// 3759// 3760//
f 3759// 3761// 3762//
f 3761// 3763// 3764//
f 3763// 3765// 3766//
f 3765// 3767// 3768//
f 3767// 3769// 3770//
f 3454// 3771// 3455//
f 3455// 3771// 3772//
f 3455// 3772// 3456//
f 3456// 3772// 3770//
f 3456// 3770// 3453//
f 3453// 3770// 3769//
f 3453// 3769// 3452//
f 3454// 3451// 3771//
f 3771// 3451// 3450//
f 3771// 3450// 3773//
f 3773// 3450// 3446//
f 3773// 3446// 3774//
f 3774// 3446// 3449//
f 3774// 3449// 3775//
f 3775// 3449// 3448//
f 3775// 3448// 3776//
f 3776// 3448// 3447//
f 3447// 3445// 3776//
f 3776// 3445// 3444//
f 3776// 3444// 3758//
f 3767// 3770// 3768//
f 3768// 3770// 3772//
f 3768// 3772// 3777//
f 3777// 3772// 3771//
f 3777// 3771// 3778//
f 3778// 3771// 3773//
f 3778// 3773// 3779//
f 3779// 3773// 3774//
f 3779// 3774// 3780//
f 3780// 3774// 3775//
f 3780// 3775// 3781//
f 3781// 3775// 3776//
f 3781// 3776// 3782//
f 3782// 3776// 3758//
f 3782// 3758// 3757//
f 3765// 3768// 3766//
f 3766// 3768// 3777//
f 3766// 3777// 3783//
f 3783// 3777// 3778//
f 3783// 3778// 3784//
f 3784// 3778// 3779//
f 3784// 3779// 3785//
f 3785// 3779// 3780//
f 3785// 3780// 3786//
f 3786// 3780// 3781//
f 3786// 3781// 3787//
f 3787// 3781// 3782//
f 3787// 3782// 3788//
f 3788// 3782// 3757//
f 3788// 3757// 3756//
f 3763// 3766// 3764//
f 3764// 3766// 3783//
f 3764// 3783// 3789//
f 3789// 3783// 3784//
f 3789// 3784// 3790//
f 3790// 3784// 3785//
f 3790// 3785// 3791//
f 3791// 3785// 3786//
f 3791// 3786// 3792//
f 3792// 3786// 3787//
f 3792// 3787// 3793//
f 3793// 3787// 3788//
f 3793// 3788// 3794//
f 3794// 3788// 3756//
f 3794// 3756// 3755//
f 3761// 3764// 3762//
f 3762// 3764// 3789//
f 3762// 3789// 3795//
f 3795// 3789// 3790//
f 3795// 3790// 3796//
f 3796// 3790// 3791//
f 3796// 3791// 3797//
f 3797// 3791// 3792//
f 3797// 3792// 3798//
f 3798// 3792// 3793//
f 3798// 3793// 3799//
f 3799// 3793// 3794//
f 3799// 3794// 3800//
f 3800// 3794// 3755//
f 3800// 3755// 3754//
f 3759// 3762// 3760//
f 3760// 3762// 3795//
f 3760// 3795// 3801//
f 3801// 3795// 3796//
f 3801// 3796// 3802//
f 3802// 3796// 3797//
f 3802// 3797// 3803//
f 3803// 3797// 3798//
f 3803// 3798// 3804//
f 3804// 3798// 3799//
f 3804// 3799// 3805//
f 3805// 3799// 3800//
f 3805// 3800// 3806//
f 3806// 3800// 3754//
f 3806// 3754// 3753//
f 3504// 3760// 3512//
f 3512// 3760// 3801//
f 3512// 3801// 3513//
f 3513// 3801// 3802//
f 3513// 3802// 3514//
f 3514// 3802// 3803//
f 3514// 3803// 3515//
f 3515// 3803// 3804//
f 3515// 3804// 3516//
f 3516// 3804// 3805//
f 3516// 3805// 3517//
f 3517// 3805// 3806//
f 3517// 3806// 3518//
f 3518// 3806// 3753//
f 3518// 3753// 3503//
f 3504// 3502// 3807//
f 3504// 3807// 3759//
f 3759// 3807// 3808//
f 3759// 3808// 3761//
f 3761// 3808// 3809//
f 3761// 3809// 3763//
f 3763// 3809// 3810//
f 3763// 3810// 3765//
f 3765// 3810// 3811//
f 3765// 3811// 3767//
f 3767// 3811// 3812//
f 3767// 3812// 3769//
f 3769// 3812// 3457//
f 3769// 3457// 3452//
f 1317// 1315// 3813//
f 1315// 1313// 3814//
f 1313// 1311// 3815//
f 1311// 1309// 3816//
f 1309// 1307// 3817//
f 1307// 1301// 3818//
f 3466// 3819// 3467//
f 3467// 3819// 3820//
f 3467// 3820// 3468//
f 3468// 3820// 3818//
f 3468// 3818// 3465//
f 3465// 3818// 1301//
f 3465// 1301// 1275//
f 3466// 3464// 3819//
f 3819// 3464// 3463//
f 3819// 3463// 3821//
f 3821// 3463// 3459//
f 3821// 3459// 3822//
f 3822// 3459// 3462//
f 3822// 3462// 3823//
f 3823// 3462// 3461//
f 3823// 3461// 3824//
f 3824// 3461// 3460//
f 3460// 3458// 3824//
f 3824// 3458// 3457//
f 3824// 3457// 3812//
f 1307// 3818// 3817//
f 3817// 3818// 3820//
f 3817// 3820// 3825//
f 3825// 3820// 3819//
f 3825// 3819// 3826//
f 3826// 3819// 3821//
f 3826// 3821// 3827//
f 3827// 3821// 3822//
f 3827// 3822// 3828//
f 3828// 3822// 3823//
f 3828// 3823// 3829//
f 3829// 3823// 3824//
f 3829// 3824// 3830//
f 3830// 3824// 3812//
f 3830// 3812// 3811//
f 1309// 3817// 3816//
f 3816// 3817// 3825//
f 3816// 3825// 3831//
f 3831// 3825// 3826//
f 3831// 3826// 3832//
f 3832// 3826// 3827//
f 3832// 3827// 3833//
f 3833// 3827// 3828//
f 3833// 3828// 3834//
f 3834// 3828// 3829//
f 3834// 3829// 3835//
f 3835// 3829// 3830//
f 3835// 3830// 3836//
f 3836// 3830// 3811//
f 3836// 3811// 3810//
f 1311// 3816// 3815//
f 3815// 3816// 3831//
f 3815// 3831// 3837//
f 3837// 3831// 3832//
f 3837// 3832// 3838//
f 3838// 3832// 3833//
f 3838// 3833// 3839//
f 3839// 3833// 3834//
f 3839// 3834// 3840//
f 3840// 3834// 3835//
f 3840// 3835// 3841//
f 3841// 3835// 3836//
f 3841// 3836// 3842//
f 3842// 3836// 3810//
f 3842// 3810// 3809//
f 1313// 3815// 3814//
f 3814// 3815// 3837//
f 3814// 3837// 3843//
f 3843// 3837// 3838//
f 3843// 3838// 3844//
f 3844// 3838// 3839//
f 3844// 3839// 3845//
f 3845// 3839// 3840//
f 3845// 3840// 3846//
f 3846// 3840// 3841//
f 3846// 3841// 3847//
f 3847// 3841// 3842//
f 3847// 3842// 3848//
f 3848// 3842// 3809//
f 3848// 3809// 3808//
f 1315// 3814// 3813//
f 3813// 3814// 3843//
f 3813// 3843// 3849//
f 3849// 3843// 3844//
f 3849// 3844// 3850//
f 3850// 3844// 3845//
f 3850// 3845// 3851//
f 3851// 3845// 3846//
f 3851// 3846// 3852//
f 3852// 3846// 3847//
f 3852// 3847// 3853//
f 3853// 3847// 3848//
f 3853// 3848// 3854//
f 3854// 3848// 3808//
f 3854// 3808// 3807//
f 1317// 3813// 3510//
f 3510// 3813// 3849//
f 3510// 3849// 3506//
f 3506// 3849// 3850//
f 3506// 3850// 3508//
f 3508// 3850// 3851//
f 3508// 3851// 3509//
f 3509// 3851// 3852//
f 3509// 3852// 3507//
f 3507// 3852// 3853//
f 3507// 3853// 3505//
f 3505// 3853// 3854//
f 3505// 3854// 3511//
f 3511// 3854// 3807//
f 3511// 3807// 3502//
f 1362// 3501// 3855//
f 1362// 3855// 1363//
f 1363// 3855// 3856//
f 1363// 3856// 1364//
f 1364// 3856// 3857//
f 1364// 3857// 1365//
f 1365// 3857// 3858//
f 1365// 3858// 1366//
f 1366// 3858// 3859//
f 1366// 3859// 1367//
f 1367// 3859// 3860//
f 1367// 3860// 1348//
f 1348// 3860// 3469//
f 1348// 3469// 1295//
f 3472// 3471// 3861//
f 3861// 3471// 3862//
f 3861// 3862// 3863//
f 3863// 3862// 3864//
f 3863// 3864// 3865//
f 3865// 3864// 3866//
f 3865// 3866// 3867//
f 3867// 3866// 3868//
f 3867// 3868// 3869//
f 3869// 3868// 3870//
f 3869// 3870// 3871//
f 3871// 3870// 3872//
f 3871// 3872// 3498//
f 3498// 3872// 3499//
f 3471// 3470// 3862//
f 3862// 3470// 3873//
f 3862// 3873// 3864//
f 3864// 3873// 3874//
f 3864// 3874// 3866//
f 3866// 3874// 3875//
f 3866// 3875// 3868//
f 3868// 3875// 3876//
f 3868// 3876// 3870//
f 3870// 3876// 3877//
f 3870// 3877// 3872//
f 3872// 3877// 3878//
f 3872// 3878// 3499//
f 3499// 3878// 3500//
f 3470// 3469// 3873//
f 3873// 3469// 3860//
f 3873// 3860// 3874//
f 3874// 3860// 3859//
f 3874// 3859// 3875//
f 3875// 3859// 3858//
f 3875// 3858// 3876//
f 3876// 3858// 3857//
f 3876// 3857// 3877//
f 3877// 3857// 3856//
f 3877// 3856// 3878//
f 3878// 3856// 3855//
f 3878// 3855// 3500//
f 3500// 3855// 3501//
f 3473// 3472// 3861//
f 3473// 3861// 3475//
f 3475// 3861// 3863//
f 3475// 3863// 3476//
f 3476// 3863// 3865//
f 3476// 3865// 3480//
f 3480// 3865// 3867//
f 3480// 3867// 3481//
f 3481// 3867// 3869//
f 3481// 3869// 3482//
f 3482// 3869// 3871//
f 3482// 3871// 3486//
f 3486// 3871// 3498//
f 3486// 3498// 3487//
usemtl 4
f 1018// 1017// 3879//
f 3879// 1017// 3880//
f 3879// 3880// 3881//
f 3881// 3880// 3882//
f 3881// 3882// 3883//
f 3883// 3882// 3884//
f 3883// 3884// 3885//
f 3885// 3884// 3886//
f 3885// 3886// 3887//
f 3887// 3886// 3888//
f 3887// 3888// 3889//
f 3889// 3888// 3890//
f 3889// 3890// 3891//
f 3891// 3890// 3892//
f 3891// 3892// 3893//
f 3893// 3892// 3894//
f 3893// 3894// 3895//
f 3895// 3894// 3896//
f 3895// 3896// 3897//
f 3897// 3896// 3898//
f 3897// 3898// 3899//
f 3899// 3898// 3900//
f 3899// 3900// 3901//
f 3901// 3900// 3902//
f 3901// 3902// 3903//
f 3903// 3902// 3904//
f 3903// 3904// 3905//
f 3904// 3906// 3905//
f 3905// 3906// 3907//
f 3905// 3907// 3908//
f 3908// 3907// 3909//
f 3908// 3909// 3910//
f 3910// 3909// 3911//
f 3910// 3911// 3912//
f 3912// 3911// 3913//
f 3912// 3913// 3914//
f 3914// 3913// 3915//
f 3915// 3913// 3916//
f 3915// 3916// 3917//
f 3916// 3918// 3917//
f 3917// 3918// 3919//
f 3917// 3919// 3920//
f 3920// 3919// 3921//
f 3920// 3921// 3922//
f 3922// 3921// 3923//
f 3922// 3923// 3924//
f 3924// 3923// 3925//
f 3924// 3925// 3926//
f 3926// 3925// 3927//
f 3926// 3927// 3928//
f 3928// 3927// 3929//
f 3928// 3929// 3930//
f 3930// 3929// 3931//
f 3930// 3931// 3932//
f 3932// 3931// 3933//
f 3932// 3933// 3934//
f 3934// 3933// 3935//
f 3934// 3935// 3936//
f 3936// 3935// 3937//
f 3936// 3937// 3938//
f 3938// 3937// 3939//
f 3938// 3939// 3940//
f 3940// 3939// 3941//
f 3940// 3941// 3942//
f 3942// 3941// 3943//
f 3942// 3943// 3944//
f 3944// 3943// 3945//
f 3944// 3945// 3946//
f 3946// 3945// 3947//
f 3946// 3947// 3948//
f 3948// 3947// 3949//
f 3948// 3949// 3950//
f 3950// 3949// 3951//
f 3950// 3951// 3952//
f 3952// 3951// 3953//
f 3952// 3953// 3954//
f 3954// 3953// 3955//
f 3954// 3955// 3956//
f 3956// 3955// 3957//
f 3956// 3957// 3958//
f 3958// 3957// 3959//
f 3958// 3959// 3960//
f 3960// 3959// 1031//
f 3960// 1031// 1030//
f 1083// 1082// 3961//
f 1099// 1098// 3962//
f 1122// 1121// 3963//
f 3963// 1121// 3964//
f 3964// 1121// 1120//
f 3964// 1120// 1055//
f 1128// 1125// 3965//
f 3965// 1125// 1124//
f 3965// 1124// 3966//
f 3966// 1124// 1127//
f 3966// 1127// 3963//
f 3963// 1127// 1123//
f 3963// 1123// 1122//
f 1128// 3965// 1129//
f 1129// 3965// 3967//
f 1129// 3967// 1130//
f 1130// 3967// 1165//
f 1165// 3967// 3968//
f 1165// 3968// 1167//
f 1167// 3968// 1168//
f 1168// 3968// 3969//
f 1168// 3969// 1164//
f 1164// 3969// 3970//
f 1164// 3970// 1162//
f 1162// 3970// 1161//
f 1161// 3970// 3971//
f 1161// 3971// 1160//
f 1160// 3971// 1154//
f 1154// 3971// 3972//
f 1154// 3972// 1155//
f 1155// 3972// 1157//
f 1157// 3972// 3973//
f 1157// 3973// 1149//
f 1144// 1153// 3974//
f 3974// 1153// 1152//
f 3974// 1152// 3973//
f 3973// 1152// 1150//
f 3973// 1150// 1149//
f 1144// 3974// 1145//
f 1145// 3974// 3975//
f 1145// 3975// 1146//
f 1146// 3975// 1147//
f 1147// 3975// 3976//
f 1147// 3976// 1148//
f 3977// 1140// 3976//
f 3976// 1140// 1139//
f 3976// 1139// 1148//
f 3978// 1142// 3977//
f 3977// 1142// 1141//
f 3977// 1141// 1140//
f 1053// 1050// 3979//
f 3979// 1050// 1049//
f 3979// 1049// 3978//
f 3978// 1049// 1143//
f 3978// 1143// 1142//
f 1053// 3979// 1093//
f 1093// 3979// 3980//
f 1093// 3980// 1094//
f 3962// 1098// 3981//
f 1098// 1097// 3981//
f 3981// 1097// 1096//
f 3981// 1096// 3980//
f 3980// 1096// 1095//
f 3980// 1095// 1094//
f 3961// 1082// 3962//
f 3962// 1082// 1100//
f 3962// 1100// 1099//
f 3982// 1086// 3961//
f 3961// 1086// 1085//
f 3961// 1085// 1083//
f 3983// 1091// 3984//
f 3984// 1091// 1080//
f 1080// 1079// 3984//
f 3984// 1079// 1088//
f 3984// 1088// 3982//
f 3982// 1088// 1087//
f 3982// 1087// 1086//
f 1055// 1054// 3964//
f 3964// 1054// 1089//
f 3964// 1089// 3983//
f 3983// 1089// 1090//
f 3983// 1090// 1091//
f 1020// 1006// 3985//
f 3986// 1134// 3987//
f 3987// 1134// 992//
f 3988// 1135// 1132//
f 3988// 1132// 3986//
f 3986// 1132// 1131//
f 3986// 1131// 1134//
f 1135// 3988// 1136//
f 1136// 3988// 3989//
f 1136// 3989// 1137//
f 1250// 1249// 3990//
f 3990// 1249// 1070//
f 1070// 1059// 3990//
f 3990// 1059// 1058//
f 3990// 1058// 3989//
f 3989// 1058// 1138//
f 3989// 1138// 1137//
f 1250// 3990// 1251//
f 1251// 3990// 3991//
f 1251// 3991// 1252//
f 1253// 3992// 1254//
f 1254// 3992// 3993//
f 1254// 3993// 998//
f 998// 3993// 996//
f 3994// 3956// 3958//
f 1026// 3994// 1027//
f 1027// 3994// 3958//
f 1027// 3958// 1028//
f 1028// 3958// 3960//
f 1028// 3960// 1029//
f 1029// 3960// 1030//
f 1015// 1016// 3879//
f 3879// 1016// 1019//
f 3879// 1019// 1018//
f 1020// 3985// 1023//
f 1023// 3985// 3995//
f 1023// 3995// 1022//
f 3956// 3994// 3954//
f 3954// 3994// 3996//
f 3954// 3996// 3952//
f 3952// 3996// 3950//
f 3950// 3996// 3997//
f 3950// 3997// 3948//
f 3948// 3997// 3946//
f 3946// 3997// 3998//
f 3946// 3998// 3944//
f 3944// 3998// 3942//
f 3942// 3998// 3999//
f 3942// 3999// 3940//
f 3940// 3999// 3938//
f 3938// 3999// 4000//
f 3938// 4000// 3936//
f 3936// 4000// 3934//
f 3934// 4000// 4001//
f 3934// 4001// 3932//
f 3932// 4001// 3930//
f 3930// 4001// 4002//
f 3930// 4002// 3928//
f 3928// 4002// 3926//
f 3926// 4002// 4003//
f 3926// 4003// 3924//
f 3924// 4003// 3922//
f 3922// 4003// 4004//
f 3922// 4004// 3920//
f 3920// 4004// 3917//
f 3917// 4004// 4005//
f 3917// 4005// 3915//
f 3915// 4005// 3914//
f 3914// 4005// 4006//
f 3914// 4006// 3912//
f 3912// 4006// 3910//
f 3910// 4006// 4007//
f 3910// 4007// 3908//
f 3908// 4007// 3905//
f 3905// 4007// 4008//
f 3905// 4008// 3903//
f 3903// 4008// 3901//
f 3901// 4008// 4009//
f 3901// 4009// 3899//
f 3899// 4009// 3897//
f 3897// 4009// 4010//
f 3897// 4010// 3895//
f 3895// 4010// 3893//
f 3893// 4010// 4011//
f 3893// 4011// 3891//
f 3891// 4011// 3889//
f 3889// 4011// 4012//
f 3889// 4012// 3887//
f 3887// 4012// 3885//
f 3885// 4012// 3995//
f 3885// 3995// 3883//
f 1026// 996// 3994//
f 3994// 996// 3993//
f 3994// 3993// 3996//
f 3996// 3993// 4013//
f 3996// 4013// 3997//
f 3997// 4013// 4014//
f 3997// 4014// 3998//
f 3998// 4014// 4015//
f 3998// 4015// 3999//
f 3999// 4015// 4016//
f 3999// 4016// 4000//
f 4000// 4016// 4017//
f 4000// 4017// 4001//
f 4001// 4017// 4018//
f 4001// 4018// 4002//
f 4002// 4018// 4019//
f 4002// 4019// 4003//
f 4003// 4019// 4020//
f 4003// 4020// 4004//
f 4004// 4020// 4021//
f 4004// 4021// 4005//
f 4005// 4021// 4022//
f 4005// 4022// 4006//
f 4006// 4022// 4023//
f 4006// 4023// 4007//
f 4007// 4023// 4024//
f 4007// 4024// 4008//
f 4008// 4024// 4025//
f 4008// 4025// 4009//
f 4009// 4025// 4026//
f 4009// 4026// 4010//
f 4010// 4026// 4027//
f 4010// 4027// 4011//
f 4011// 4027// 4028//
f 4011// 4028// 4012//
f 4012// 4028// 4029//
f 4012// 4029// 3995//
f 3995// 4029// 4030//
f 3995// 4030// 1022//
f 1022// 4030// 991//
f 1253// 1252// 3992//
f 3992// 1252// 3991//
f 3992// 3991// 3993//
f 3993// 3991// 4031//
f 3993// 4031// 4013//
f 4013// 4031// 4032//
f 4013// 4032// 4014//
f 4014// 4032// 4033//
f 4014// 4033// 4015//
f 4015// 4033// 4034//
f 4015// 4034// 4016//
f 4016// 4034// 4035//
f 4016// 4035// 4017//
f 4017// 4035// 4036//
f 4017// 4036// 4018//
f 4018// 4036// 4037//
f 4018// 4037// 4019//
f 4019// 4037// 4038//
f 4019// 4038// 4020//
f 4020// 4038// 4039//
f 4020// 4039// 4021//
f 4021// 4039// 4040//
f 4021// 4040// 4022//
f 4022// 4040// 4041//
f 4022// 4041// 4023//
f 4023// 4041// 4042//
f 4023// 4042// 4024//
f 4024// 4042// 4043//
f 4024// 4043// 4025//
f 4025// 4043// 4044//
f 4025// 4044// 4026//
f 4026// 4044// 4045//
f 4026// 4045// 4027//
f 4027// 4045// 4046//
f 4027// 4046// 4028//
f 4028// 4046// 4047//
f 4028// 4047// 4029//
f 4029// 4047// 4048//
f 4029// 4048// 4030//
f 4030// 4048// 3987//
f 4030// 3987// 991//
f 991// 3987// 992//
f 3883// 3995// 3881//
f 3881// 3995// 3985//
f 3881// 3985// 3879//
f 3879// 3985// 1006//
f 3879// 1006// 1015//
f 3988// 4049// 3989//
f 3989// 4049// 4050//
f 3989// 4050// 3990//
f 3990// 4050// 4051//
f 3990// 4051// 3991//
f 3991// 4051// 4052//
f 3991// 4052// 4031//
f 4031// 4052// 4053//
f 4031// 4053// 4032//
f 4032// 4053// 4054//
f 4032// 4054// 4033//
f 4033// 4054// 4055//
f 4033// 4055// 4034//
f 4034// 4055// 4056//
f 4034// 4056// 4035//
f 4035// 4056// 4057//
f 4035// 4057// 4036//
f 4036// 4057// 4058//
f 4036// 4058// 4037//
f 4037// 4058// 4059//
f 4037// 4059// 4038//
f 4038// 4059// 4060//
f 4038// 4060// 4039//
f 4039// 4060// 4061//
f 4039// 4061// 4040//
f 4040// 4061// 4062//
f 4040// 4062// 4041//
f 4041// 4062// 4063//
f 4041// 4063// 4042//
f 4042// 4063// 4064//
f 4042// 4064// 4043//
f 4043// 4064// 4065//
f 4043// 4065// 4044//
f 4044// 4065// 4066//
f 4044// 4066// 4045//
f 4045// 4066// 4067//
f 4045// 4067// 4046//
f 4046// 4067// 4068//
f 4046// 4068// 4047//
f 4047// 4068// 4069//
f 4047// 4069// 4048//
f 4048// 4069// 4070//
f 4048// 4070// 3987//
f 3987// 4070// 4071//
f 3987// 4071// 3986//
f 3986// 4071// 4072//
f 3986// 4072// 3988//
f 3988// 4072// 4049//
f 4049// 4073// 4050//
f 4050// 4073// 4074//
f 4050// 4074// 4051//
f 4051// 4074// 4075//
f 4051// 4075// 4052//
f 4052// 4075// 4076//
f 4052// 4076// 4053//
f 4053// 4076// 4077//
f 4053// 4077// 4054//
f 4054// 4077// 4078//
f 4054// 4078// 4055//
f 4055// 4078// 4079//
f 4055// 4079// 4056//
f 4056// 4079// 4080//
f 4056// 4080// 4057//
f 4057// 4080// 4081//
f 4057// 4081// 4058//
f 4058// 4081// 4082//
f 4058// 4082// 4059//
f 4059// 4082// 4083//
f 4059// 4083// 4060//
f 4060// 4083// 4084//
f 4060// 4084// 4061//
f 4061// 4084// 4085//
f 4061// 4085// 4062//
f 4062// 4085// 4086//
f 4062// 4086// 4063//
f 4063// 4086// 4087//
f 4063// 4087// 4064//
f 4064// 4087// 4088//
f 4064// 4088// 4065//
f 4065// 4088// 4089//
f 4065// 4089// 4066//
f 4066// 4089// 4090//
f 4066// 4090// 4067//
f 4067// 4090// 4091//
f 4067// 4091// 4068//
f 4068// 4091// 4092//
f 4068// 4092// 4069//
f 4069// 4092// 4093//
f 4069// 4093// 4070//
f 4070// 4093// 4094//
f 4070// 4094// 4071//
f 4071// 4094// 4095//
f 4071// 4095// 4072//
f 4072// 4095// 4096//
f 4072// 4096// 4049//
f 4049// 4096// 4073//
f 4073// 4097// 4074//
f 4074// 4097// 4098//
f 4074// 4098// 4075//
f 4075// 4098// 4099//
f 4075// 4099// 4076//
f 4076// 4099// 4100//
f 4076// 4100// 4077//
f 4077// 4100// 4101//
f 4077// 4101// 4078//
f 4078// 4101// 4102//
f 4078// 4102// 4079//
f 4079// 4102// 4103//
f 4079// 4103// 4080//
f 4080// 4103// 4104//
f 4080// 4104// 4081//
f 4081// 4104// 4105//
f 4081// 4105// 4082//
f 4082// 4105// 4106//
f 4082// 4106// 4083//
f 4083// 4106// 4107//
f 4083// 4107// 4084//
f 4084// 4107// 4108//
f 4084// 4108// 4085//
f 4085// 4108// 4109//
f 4085// 4109// 4086//
f 4086// 4109// 4110//
f 4086// 4110// 4087//
f 4087// 4110// 4111//
f 4087// 4111// 4088//
f 4088// 4111// 4112//
f 4088// 4112// 4089//
f 4089// 4112// 4113//
f 4089// 4113// 4090//
f 4090// 4113// 4114//
f 4090// 4114// 4091//
f 4091// 4114// 4115//
f 4091// 4115// 4092//
f 4092// 4115// 4116//
f 4092// 4116// 4093//
f 4093// 4116// 4117//
f 4093// 4117// 4094//
f 4094// 4117// 4118//
f 4094// 4118// 4095//
f 4095// 4118// 4119//
f 4095// 4119// 4096//
f 4096// 4119// 4120//
f 4096// 4120// 4073//
f 4073// 4120// 4097//
f 4097// 3966// 4098//
f 4098// 3966// 3963//
f 4098// 3963// 4099//
f 4099// 3963// 3964//
f 4099// 3964// 4100//
f 4100// 3964// 3983//
f 4100// 3983// 4101//
f 4101// 3983// 3984//
f 4101// 3984// 4102//
f 4102// 3984// 3982//
f 4102// 3982// 4103//
f 4103// 3982// 3961//
f 4103// 3961// 4104//
f 4104// 3961// 3962//
f 4104// 3962// 4105//
f 4105// 3962// 3981//
f 4105// 3981// 4106//
f 4106// 3981// 3980//
f 4106// 3980// 4107//
f 4107// 3980// 3979//
f 4107// 3979// 4108//
f 4108// 3979// 3978//
f 4108// 3978// 4109//
f 4109// 3978// 3977//
f 4109// 3977// 4110//
f 4110// 3977// 3976//
f 4110// 3976// 4111//
f 4111// 3976// 3975//
f 4111// 3975// 4112//
f 4112// 3975// 3974//
f 4112// 3974// 4113//
f 4113// 3974// 3973//
f 4113// 3973// 4114//
f 4114// 3973// 3972//
f 4114// 3972// 4115//
f 4115// 3972// 3971//
f 4115// 3971// 4116//
f 4116// 3971// 3970//
f 4116// 3970// 4117//
f 4117// 3970// 3969//
f 4117// 3969// 4118//
f 4118// 3969// 3968//
f 4118// 3968// 4119//
f 4119// 3968// 3967//
f 4119// 3967// 4120//
f 4120// 3967// 3965//
f 4120// 3965// 4097//
f 4097// 3965// 3966//
f 4121// 4122// 4123//
f 1008// 4121// 1007//
f 1004// 1271// 4124//
f 1282// 1288// 4124//
f 1279// 1278// 4125//
f 1034// 4126// 1035//
f 1034// 1033// 3959//
f 3959// 1033// 1032//
f 3959// 1032// 1031//
f 1035// 4126// 1036//
f 1036// 4126// 4127//
f 1036// 4127// 1037//
f 4128// 1038// 4129//
f 4129// 1038// 1039//
f 4129// 1039// 1040//
f 1270// 1269// 1293//
f 1293// 1269// 4130//
f 1293// 4130// 1291//
f 1291// 4130// 4131//
f 1291// 4131// 1297//
f 1296// 4132// 1294//
f 1294// 4132// 4133//
f 1294// 4133// 1298//
f 1298// 4133// 1299//
f 1299// 4133// 1300//
f 1300// 4133// 4134//
f 1300// 4134// 1319//
f 1319// 4134// 1320//
f 1320// 4134// 4135//
f 1320// 4135// 1346//
f 1342// 1347// 4136//
f 4137// 1345// 4136//
f 4136// 1345// 1344//
f 4136// 1344// 1342//
f 1332// 1330// 4138//
f 1330// 1341// 4138//
f 4138// 1341// 1340//
f 4138// 1340// 4137//
f 4137// 1340// 1339//
f 4137// 1339// 1345//
f 1324// 1338// 4139//
f 4139// 1338// 1337//
f 1337// 1335// 4139//
f 4139// 1335// 1334//
f 4139// 1334// 4138//
f 4138// 1334// 1333//
f 4138// 1333// 1332//
f 1328// 4140// 1323//
f 1323// 4140// 4141//
f 1328// 1327// 4140//
f 4140// 1327// 1326//
f 4140// 1326// 4139//
f 4139// 1326// 1325//
f 4139// 1325// 1324//
f 4142// 1303// 4141//
f 4141// 1303// 1302//
f 1302// 1306// 4141//
f 4141// 1306// 1322//
f 4141// 1322// 1323//
f 4125// 1278// 4143//
f 1278// 1277// 4143//
f 4143// 1277// 1304//
f 4143// 1304// 4142//
f 4142// 1304// 1305//
f 4142// 1305// 1303//
f 1285// 1284// 4144//
f 4144// 1284// 1283//
f 4144// 1283// 4125//
f 4125// 1283// 1280//
f 4125// 1280// 1279//
f 4145// 4146// 1286//
f 4124// 1288// 4146//
f 4146// 1288// 1287//
f 4146// 1287// 1286//
f 1271// 1273// 4124//
f 4124// 1273// 1281//
f 4124// 1281// 1282//
f 4121// 1008// 4122//
f 4122// 1008// 1021//
f 4122// 1021// 4147//
f 4147// 1021// 1002//
f 4147// 1002// 1003//
f 1014// 1013// 4148//
f 4148// 1013// 1005//
f 4148// 1005// 4149//
f 1017// 1011// 3880//
f 3880// 1011// 1010//
f 1034// 3959// 4126//
f 4126// 3959// 3957//
f 4126// 3957// 4127//
f 3957// 3955// 4127//
f 4127// 3955// 3953//
f 4127// 3953// 4150//
f 3953// 3951// 4150//
f 4150// 3951// 3949//
f 4150// 3949// 4151//
f 3949// 3947// 4151//
f 4151// 3947// 3945//
f 4151// 3945// 4152//
f 3945// 3943// 4152//
f 4152// 3943// 3941//
f 4152// 3941// 4153//
f 3941// 3939// 4153//
f 4153// 3939// 3937//
f 4153// 3937// 4154//
f 3937// 3935// 4154//
f 4154// 3935// 3933//
f 4154// 3933// 4155//
f 3933// 3931// 4155//
f 4155// 3931// 3929//
f 4155// 3929// 4156//
f 3929// 3927// 4156//
f 4156// 3927// 3925//
f 4156// 3925// 4157//
f 3925// 3923// 4157//
f 4157// 3923// 3921//
f 4157// 3921// 4158//
f 3921// 3919// 4158//
f 4158// 3919// 3918//
f 4158// 3918// 4159//
f 3918// 3916// 4159//
f 4159// 3916// 3913//
f 4159// 3913// 4160//
f 3913// 3911// 4160//
f 4160// 3911// 3909//
f 4160// 3909// 4161//
f 3909// 3907// 4161//
f 4161// 3907// 3906//
f 4161// 3906// 4162//
f 1347// 1346// 4136//
f 4136// 1346// 4135//
f 4136// 4135// 4137//
f 4137// 4135// 4163//
f 4137// 4163// 4138//
f 4138// 4163// 4164//
f 4138// 4164// 4139//
f 4139// 4164// 4165//
f 4139// 4165// 4140//
f 4140// 4165// 4166//
f 4140// 4166// 4141//
f 4141// 4166// 4167//
f 4141// 4167// 4142//
f 4142// 4167// 4168//
f 4142// 4168// 4143//
f 4143// 4168// 4169//
f 4143// 4169// 4125//
f 4125// 4169// 4170//
f 4125// 4170// 4144//
f 4144// 4170// 4145//
f 4144// 4145// 1285//
f 1285// 4145// 1286//
f 3906// 3904// 4162//
f 4162// 3904// 3902//
f 4162// 3902// 4171//
f 3902// 3900// 4171//
f 4171// 3900// 3898//
f 4171// 3898// 4172//
f 1296// 1297// 4132//
f 4132// 1297// 4131//
f 4132// 4131// 4133//
f 4133// 4131// 4173//
f 4133// 4173// 4134//
f 4134// 4173// 4174//
f 4134// 4174// 4135//
f 4135// 4174// 4175//
f 4135// 4175// 4163//
f 4163// 4175// 4176//
f 4163// 4176// 4164//
f 4164// 4176// 4177//
f 4164// 4177// 4165//
f 4165// 4177// 4178//
f 4165// 4178// 4166//
f 4166// 4178// 4179//
f 4166// 4179// 4167//
f 4167// 4179// 4180//
f 4167// 4180// 4168//
f 4168// 4180// 4181//
f 4168// 4181// 4169//
f 4169// 4181// 4182//
f 4169// 4182// 4170//
f 4170// 4182// 4183//
f 4170// 4183// 4145//
f 4145// 4183// 4184//
f 4145// 4184// 4146//
f 4146// 4184// 4185//
f 4146// 4185// 4124//
f 4124// 4185// 4186//
f 4124// 4186// 1004//
f 1004// 4186// 1003//
f 1269// 1038// 4130//
f 4130// 1038// 4128//
f 4130// 4128// 4131//
f 4131// 4128// 4187//
f 4131// 4187// 4173//
f 4173// 4187// 4188//
f 4173// 4188// 4174//
f 4174// 4188// 4189//
f 4174// 4189// 4175//
f 4175// 4189// 4190//
f 4175// 4190// 4176//
f 4176// 4190// 4191//
f 4176// 4191// 4177//
f 4177// 4191// 4192//
f 4177// 4192// 4178//
f 4178// 4192// 4193//
f 4178// 4193// 4179//
f 4179// 4193// 4194//
f 4179// 4194// 4180//
f 4180// 4194// 4195//
f 4180// 4195// 4181//
f 4181// 4195// 4196//
f 4181// 4196// 4182//
f 4182// 4196// 4197//
f 4182// 4197// 4183//
f 4183// 4197// 4198//
f 4183// 4198// 4184//
f 4184// 4198// 4199//
f 4184// 4199// 4185//
f 4185// 4199// 4200//
f 4185// 4200// 4186//
f 4186// 4200// 4201//
f 1040// 1037// 4129//
f 4129// 1037// 4127//
f 4129// 4127// 4128//
f 4128// 4127// 4150//
f 4128// 4150// 4187//
f 4187// 4150// 4151//
f 4187// 4151// 4188//
f 4188// 4151// 4152//
f 4188// 4152// 4189//
f 4189// 4152// 4153//
f 4189// 4153// 4190//
f 4190// 4153// 4154//
f 4190// 4154// 4191//
f 4191// 4154// 4155//
f 4191// 4155// 4192//
f 4192// 4155// 4156//
f 4192// 4156// 4193//
f 4193// 4156// 4157//
f 4193// 4157// 4194//
f 4194// 4157// 4158//
f 4194// 4158// 4195//
f 4195// 4158// 4159//
f 4195// 4159// 4196//
f 4196// 4159// 4160//
f 4196// 4160// 4197//
f 4197// 4160// 4161//
f 4197// 4161// 4198//
f 4198// 4161// 4162//
f 4198// 4162// 4199//
f 4199// 4162// 4171//
f 4199// 4171// 4200//
f 4200// 4171// 4172//
f 4200// 4172// 4201//
f 4201// 4172// 4202//
f 3898// 3896// 4172//
f 4172// 3896// 3894//
f 4172// 3894// 4202//
f 4202// 3894// 3892//
f 4202// 3892// 3890//
f 1003// 4186// 4147//
f 4147// 4186// 4201//
f 4147// 4201// 4122//
f 4122// 4201// 4202//
f 4122// 4202// 4123//
f 4123// 4202// 3890//
f 4123// 3890// 3888//
f 3888// 3886// 4123//
f 4123// 3886// 4149//
f 4123// 4149// 4121//
f 4121// 4149// 1005//
f 4121// 1005// 1007//
f 1010// 1014// 3880//
f 3880// 1014// 4148//
f 3880// 4148// 3882//
f 3882// 4148// 4149//
f 3882// 4149// 3884//
f 3884// 4149// 3886//
f 642// 641// 4203//
f 4203// 641// 4204//
f 4203// 4204// 4205//
f 4205// 4204// 4206//
f 4205// 4206// 4207//
f 4207// 4206// 4208//
f 4207// 4208// 4209//
f 4209// 4208// 4210//
f 4209// 4210// 4211//
f 4211// 4210// 4212//
f 4211// 4212// 4213//
f 4213// 4212// 4214//
f 4213// 4214// 4215//
f 4215// 4214// 4216//
f 4215// 4216// 4217//
f 4217// 4216// 4218//
f 4217// 4218// 4219//
f 4219// 4218// 4220//
f 4219// 4220// 4221//
f 4221// 4220// 4222//
f 4221// 4222// 4223//
f 4223// 4222// 4224//
f 4223// 4224// 4225//
f 4225// 4224// 4226//
f 4225// 4226// 4227//
f 4227// 4226// 4228//
f 4227// 4228// 4229//
f 4229// 4228// 4230//
f 4229// 4230// 4231//
f 4231// 4230// 4232//
f 4231// 4232// 4233//
f 4233// 4232// 4234//
f 4233// 4234// 4235//
f 4235// 4234// 4236//
f 4235// 4236// 4237//
f 4237// 4236// 4238//
f 4237// 4238// 4239//
f 4239// 4238// 4240//
f 4239// 4240// 4241//
f 4241// 4240// 4242//
f 4241// 4242// 4243//
f 4243// 4242// 4244//
f 4243// 4244// 4245//
f 4245// 4244// 4246//
f 4245// 4246// 4247//
f 4247// 4246// 4248//
f 4247// 4248// 4249//
f 4249// 4248// 4250//
f 4249// 4250// 4251//
f 4251// 4250// 4252//
f 4251// 4252// 4253//
f 4253// 4252// 4254//
f 4253// 4254// 4255//
f 4255// 4254// 4256//
f 4255// 4256// 4257//
f 4257// 4256// 4258//
f 4257// 4258// 4259//
f 4259// 4258// 4260//
f 4259// 4260// 4261//
f 4261// 4260// 4262//
f 4261// 4262// 4263//
f 4263// 4262// 4264//
f 4263// 4264// 4265//
f 4265// 4264// 4266//
f 4265// 4266// 4267//
f 4267// 4266// 4268//
f 4267// 4268// 4269//
f 4269// 4268// 4270//
f 4269// 4270// 4271//
f 4271// 4270// 4272//
f 4271// 4272// 4273//
f 4273// 4272// 4274//
f 4273// 4274// 4275//
f 4275// 4274// 4276//
f 4275// 4276// 4277//
f 4277// 4276// 4278//
f 4277// 4278// 4279//
f 4279// 4278// 4280//
f 4279// 4280// 4281//
f 4281// 4280// 4282//
f 4281// 4282// 4283//
f 4283// 4282// 4284//
f 4283// 4284// 622//
f 622// 4284// 623//
f 766// 4285// 4286//
f 4287// 4288// 734//
f 4289// 794// 4288//
f 4288// 794// 793//
f 4288// 793// 734//
f 787// 789// 4290//
f 4290// 789// 796//
f 4290// 796// 4289//
f 4289// 796// 795//
f 4289// 795// 794//
f 787// 4290// 784//
f 784// 4290// 4291//
f 784// 4291// 785//
f 785// 4291// 790//
f 790// 4291// 4292//
f 790// 4292// 791//
f 775// 782// 4293//
f 4293// 782// 783//
f 4293// 783// 4292//
f 4292// 783// 792//
f 4292// 792// 791//
f 4294// 779// 4293//
f 4293// 779// 776//
f 4293// 776// 775//
f 4285// 766// 4295//
f 766// 768// 4295//
f 4295// 768// 770//
f 4295// 770// 4294//
f 4294// 770// 780//
f 4294// 780// 779//
f 771// 773// 4286//
f 4286// 773// 774//
f 4286// 774// 766//
f 756// 755// 4296//
f 4296// 755// 771//
f 4296// 771// 4297//
f 4297// 771// 4286//
f 760// 759// 4298//
f 4298// 759// 758//
f 4298// 758// 4296//
f 4296// 758// 757//
f 4296// 757// 756//
f 760// 4298// 761//
f 761// 4298// 4299//
f 761// 4299// 762//
f 762// 4299// 4300//
f 762// 4300// 763//
f 4301// 700// 712//
f 712// 732// 4301//
f 4301// 732// 765//
f 4301// 765// 4300//
f 4300// 765// 764//
f 4300// 764// 763//
f 700// 4301// 701//
f 701// 4301// 4302//
f 701// 4302// 703//
f 4303// 705// 4302//
f 4302// 705// 704//
f 4302// 704// 703//
f 4304// 707// 4303//
f 4303// 707// 706//
f 4303// 706// 705//
f 4305// 688// 4306//
f 4306// 688// 692//
f 692// 691// 4306//
f 4306// 691// 709//
f 4306// 709// 4304//
f 4304// 709// 708//
f 4304// 708// 707//
f 696// 695// 4307//
f 4307// 695// 694//
f 4307// 694// 4305//
f 4305// 694// 689//
f 4305// 689// 688//
f 696// 4307// 697//
f 697// 4307// 4308//
f 697// 4308// 698//
f 734// 733// 4287//
f 4287// 733// 719//
f 4287// 719// 4308//
f 4308// 719// 699//
f 4308// 699// 698//
f 634// 631// 4309//
f 633// 628// 4310//
f 627// 4282// 611//
f 611// 4282// 4311//
f 611// 4311// 590//
f 627// 626// 4282//
f 4282// 626// 625//
f 4282// 625// 4284//
f 4284// 625// 624//
f 4284// 624// 623//
f 676// 675// 4312//
f 4312// 675// 674//
f 4312// 674// 4313//
f 4313// 674// 673//
f 4313// 673// 588//
f 4314// 4315// 680//
f 723// 678// 4315//
f 4315// 678// 677//
f 4315// 677// 680//
f 4316// 4317// 750//
f 750// 749// 4316//
f 4316// 749// 748//
f 4316// 748// 4315//
f 4315// 748// 724//
f 4315// 724// 723//
f 4318// 753// 4317//
f 4317// 753// 751//
f 4317// 751// 750//
f 609// 608// 4319//
f 4319// 608// 610//
f 4319// 610// 4318//
f 4318// 610// 747//
f 4318// 747// 753//
f 641// 637// 4204//
f 4204// 637// 635//
f 635// 634// 4204//
f 4204// 634// 4309//
f 4204// 4309// 4206//
f 4206// 4309// 4320//
f 4321// 4210// 4320//
f 4320// 4210// 4208//
f 4320// 4208// 4206//
f 4322// 4214// 4321//
f 4321// 4214// 4212//
f 4321// 4212// 4210//
f 4323// 4218// 4322//
f 4322// 4218// 4216//
f 4322// 4216// 4214//
f 4324// 4222// 4323//
f 4323// 4222// 4220//
f 4323// 4220// 4218//
f 4325// 4226// 4324//
f 4324// 4226// 4224//
f 4324// 4224// 4222//
f 4326// 4230// 4325//
f 4325// 4230// 4228//
f 4325// 4228// 4226//
f 4327// 4234// 4326//
f 4326// 4234// 4232//
f 4326// 4232// 4230//
f 4328// 4238// 4327//
f 4327// 4238// 4236//
f 4327// 4236// 4234//
f 4329// 4242// 4328//
f 4328// 4242// 4240//
f 4328// 4240// 4238//
f 4330// 4246// 4329//
f 4329// 4246// 4244//
f 4329// 4244// 4242//
f 4331// 4250// 4330//
f 4330// 4250// 4248//
f 4330// 4248// 4246//
f 4332// 4254// 4331//
f 4331// 4254// 4252//
f 4331// 4252// 4250//
f 4333// 4258// 4332//
f 4332// 4258// 4256//
f 4332// 4256// 4254//
f 4334// 4262// 4333//
f 4333// 4262// 4260//
f 4333// 4260// 4258//
f 4335// 4266// 4334//
f 4334// 4266// 4264//
f 4334// 4264// 4262//
f 4336// 4270// 4335//
f 4335// 4270// 4268//
f 4335// 4268// 4266//
f 4337// 4274// 4336//
f 4336// 4274// 4272//
f 4336// 4272// 4270//
f 4282// 4280// 4311//
f 4311// 4280// 4278//
f 4311// 4278// 4337//
f 4337// 4278// 4276//
f 4337// 4276// 4274//
f 631// 630// 4309//
f 4309// 630// 633//
f 4309// 633// 4320//
f 4320// 633// 4310//
f 4320// 4310// 4321//
f 4321// 4310// 4338//
f 4321// 4338// 4322//
f 4322// 4338// 4339//
f 4322// 4339// 4323//
f 4323// 4339// 4340//
f 4323// 4340// 4324//
f 4324// 4340// 4341//
f 4324// 4341// 4325//
f 4325// 4341// 4342//
f 4325// 4342// 4326//
f 4326// 4342// 4343//
f 4326// 4343// 4327//
f 4327// 4343// 4344//
f 4327// 4344// 4328//
f 4328// 4344// 4345//
f 4328// 4345// 4329//
f 4329// 4345// 4346//
f 4329// 4346// 4330//
f 4330// 4346// 4347//
f 4330// 4347// 4331//
f 4331// 4347// 4348//
f 4331// 4348// 4332//
f 4332// 4348// 4349//
f 4332// 4349// 4333//
f 4333// 4349// 4350//
f 4333// 4350// 4334//
f 4334// 4350// 4351//
f 4334// 4351// 4335//
f 4335// 4351// 4352//
f 4335// 4352// 4336//
f 4336// 4352// 4353//
f 4336// 4353// 4337//
f 4337// 4353// 4354//
f 4337// 4354// 4311//
f 4311// 4354// 4313//
f 4311// 4313// 590//
f 590// 4313// 588//
f 628// 609// 4310//
f 4310// 609// 4319//
f 4310// 4319// 4338//
f 4338// 4319// 4355//
f 4338// 4355// 4339//
f 4339// 4355// 4356//
f 4339// 4356// 4340//
f 4340// 4356// 4357//
f 4340// 4357// 4341//
f 4341// 4357// 4358//
f 4341// 4358// 4342//
f 4342// 4358// 4359//
f 4342// 4359// 4343//
f 4343// 4359// 4360//
f 4343// 4360// 4344//
f 4344// 4360// 4361//
f 4344// 4361// 4345//
f 4345// 4361// 4362//
f 4345// 4362// 4346//
f 4346// 4362// 4363//
f 4346// 4363// 4347//
f 4347// 4363// 4364//
f 4347// 4364// 4348//
f 4348// 4364// 4365//
f 4348// 4365// 4349//
f 4349// 4365// 4366//
f 4349// 4366// 4350//
f 4350// 4366// 4367//
f 4350// 4367// 4351//
f 4351// 4367// 4368//
f 4351// 4368// 4352//
f 4352// 4368// 4369//
f 4352// 4369// 4353//
f 4353// 4369// 4370//
f 4353// 4370// 4354//
f 4354// 4370// 4371//
f 4354// 4371// 4313//
f 4313// 4371// 4372//
f 4313// 4372// 4312//
f 4312// 4372// 4314//
f 4312// 4314// 676//
f 676// 4314// 680//
f 4317// 4373// 4318//
f 4318// 4373// 4374//
f 4318// 4374// 4319//
f 4319// 4374// 4375//
f 4319// 4375// 4355//
f 4355// 4375// 4376//
f 4355// 4376// 4356//
f 4356// 4376// 4377//
f 4356// 4377// 4357//
f 4357// 4377// 4378//
f 4357// 4378// 4358//
f 4358// 4378// 4379//
f 4358// 4379// 4359//
f 4359// 4379// 4380//
f 4359// 4380// 4360//
f 4360// 4380// 4381//
f 4360// 4381// 4361//
f 4361// 4381// 4382//
f 4361// 4382// 4362//
f 4362// 4382// 4383//
f 4362// 4383// 4363//
f 4363// 4383// 4384//
f 4363// 4384// 4364//
f 4364// 4384// 4385//
f 4364// 4385// 4365//
f 4365// 4385// 4386//
f 4365// 4386// 4366//
f 4366// 4386// 4387//
f 4366// 4387// 4367//
f 4367// 4387// 4388//
f 4367// 4388// 4368//
f 4368// 4388// 4389//
f 4368// 4389// 4369//
f 4369// 4389// 4390//
f 4369// 4390// 4370//
f 4370// 4390// 4391//
f 4370// 4391// 4371//
f 4371// 4391// 4392//
f 4371// 4392// 4372//
f 4372// 4392// 4393//
f 4372// 4393// 4314//
f 4314// 4393// 4394//
f 4314// 4394// 4315//
f 4315// 4394// 4395//
f 4315// 4395// 4316//
f 4316// 4395// 4396//
f 4316// 4396// 4317//
f 4317// 4396// 4373//
f 4373// 4397// 4374//
f 4374// 4397// 4398//
f 4374// 4398// 4375//
f 4375// 4398// 4399//
f 4375// 4399// 4376//
f 4376// 4399// 4400//
f 4376// 4400// 4377//
f 4377// 4400// 4401//
f 4377// 4401// 4378//
f 4378// 4401// 4402//
f 4378// 4402// 4379//
f 4379// 4402// 4403//
f 4379// 4403// 4380//
f 4380// 4403// 4404//
f 4380// 4404// 4381//
f 4381// 4404// 4405//
f 4381// 4405// 4382//
f 4382// 4405// 4406//
f 4382// 4406// 4383//
f 4383// 4406// 4407//
f 4383// 4407// 4384//
f 4384// 4407// 4408//
f 4384// 4408// 4385//
f 4385// 4408// 4409//
f 4385// 4409// 4386//
f 4386// 4409// 4410//
f 4386// 4410// 4387//
f 4387// 4410// 4411//
f 4387// 4411// 4388//
f 4388// 4411// 4412//
f 4388// 4412// 4389//
f 4389// 4412// 4413//
f 4389// 4413// 4390//
f 4390// 4413// 4414//
f 4390// 4414// 4391//
f 4391// 4414// 4415//
f 4391// 4415// 4392//
f 4392// 4415// 4416//
f 4392// 4416// 4393//
f 4393// 4416// 4417//
f 4393// 4417// 4394//
f 4394// 4417// 4418//
f 4394// 4418// 4395//
f 4395// 4418// 4419//
f 4395// 4419// 4396//
f 4396// 4419// 4420//
f 4396// 4420// 4373//
f 4373// 4420// 4397//
f 4397// 4421// 4398//
f 4398// 4421// 4422//
f 4398// 4422// 4399//
f 4399// 4422// 4423//
f 4399// 4423// 4400//
f 4400// 4423// 4424//
f 4400// 4424// 4401//
f 4401// 4424// 4425//
f 4401// 4425// 4402//
f 4402// 4425// 4426//
f 4402// 4426// 4403//
f 4403// 4426// 4427//
f 4403// 4427// 4404//
f 4404// 4427// 4428//
f 4404// 4428// 4405//
f 4405// 4428// 4429//
f 4405// 4429// 4406//
f 4406// 4429// 4430//
f 4406// 4430// 4407//
f 4407// 4430// 4431//
f 4407// 4431// 4408//
f 4408// 4431// 4432//
f 4408// 4432// 4409//
f 4409// 4432// 4433//
f 4409// 4433// 4410//
f 4410// 4433// 4434//
f 4410// 4434// 4411//
f 4411// 4434// 4435//
f 4411// 4435// 4412//
f 4412// 4435// 4436//
f 4412// 4436// 4413//
f 4413// 4436// 4437//
f 4413// 4437// 4414//
f 4414// 4437// 4438//
f 4414// 4438// 4415//
f 4415// 4438// 4439//
f 4415// 4439// 4416//
f 4416// 4439// 4440//
f 4416// 4440// 4417//
f 4417// 4440// 4441//
f 4417// 4441// 4418//
f 4418// 4441// 4442//
f 4418// 4442// 4419//
f 4419// 4442// 4443//
f 4419// 4443// 4420//
f 4420// 4443// 4444//
f 4420// 4444// 4397//
f 4397// 4444// 4421//
f 4421// 4299// 4422//
f 4422// 4299// 4298//
f 4422// 4298// 4423//
f 4423// 4298// 4296//
f 4423// 4296// 4424//
f 4424// 4296// 4297//
f 4424// 4297// 4425//
f 4425// 4297// 4286//
f 4425// 4286// 4426//
f 4426// 4286// 4285//
f 4426// 4285// 4427//
f 4427// 4285// 4295//
f 4427// 4295// 4428//
f 4428// 4295// 4294//
f 4428// 4294// 4429//
f 4429// 4294// 4293//
f 4429// 4293// 4430//
f 4430// 4293// 4292//
f 4430// 4292// 4431//
f 4431// 4292// 4291//
f 4431// 4291// 4432//
f 4432// 4291// 4290//
f 4432// 4290// 4433//
f 4433// 4290// 4289//
f 4433// 4289// 4434//
f 4434// 4289// 4288//
f 4434// 4288// 4435//
f 4435// 4288// 4287//
f 4435// 4287// 4436//
f 4436// 4287// 4308//
f 4436// 4308// 4437//
f 4437// 4308// 4307//
f 4437// 4307// 4438//
f 4438// 4307// 4305//
f 4438// 4305// 4439//
f 4439// 4305// 4306//
f 4439// 4306// 4440//
f 4440// 4306// 4304//
f 4440// 4304// 4441//
f 4441// 4304// 4303//
f 4441// 4303// 4442//
f 4442// 4303// 4302//
f 4442// 4302// 4443//
f 4443// 4302// 4301//
f 4443// 4301// 4444//
f 4444// 4301// 4300//
f 4444// 4300// 4421//
f 4421// 4300// 4299//
f 4445// 4446// 4447//
f 632// 4448// 629//
f 914// 913// 4449//
f 879// 584// 4450//
f 896// 4451// 903//
f 903// 4451// 4452//
f 903// 4452// 904//
f 904// 4452// 905//
f 905// 4452// 897//
f 897// 4452// 4453//
f 897// 4453// 898//
f 899// 4454// 900//
f 900// 4454// 4455//
f 966// 892// 4456//
f 4456// 892// 902//
f 4456// 902// 4455//
f 4455// 902// 901//
f 4455// 901// 900//
f 966// 4456// 964//
f 964// 4456// 4457//
f 964// 4457// 969//
f 969// 4457// 968//
f 968// 4457// 4458//
f 968// 4458// 938//
f 4459// 934// 933//
f 933// 931// 4459//
f 4459// 931// 940//
f 4459// 940// 4458//
f 4458// 940// 939//
f 4458// 939// 938//
f 934// 4459// 927//
f 927// 4459// 4460//
f 927// 4460// 928//
f 937// 936// 4460//
f 4460// 936// 935//
f 4460// 935// 928//
f 937// 4460// 919//
f 919// 4460// 4461//
f 919// 4461// 920//
f 4449// 913// 4461//
f 4461// 913// 926//
f 4461// 926// 925//
f 925// 923// 4461//
f 4461// 923// 922//
f 4461// 922// 920//
f 909// 912// 4462//
f 4462// 912// 911//
f 911// 918// 4462//
f 4462// 918// 917//
f 4462// 917// 4449//
f 4449// 917// 916//
f 4449// 916// 914//
f 4463// 906// 4464//
f 4464// 906// 908//
f 882// 883// 4465//
f 4465// 883// 889//
f 4465// 889// 4466//
f 4466// 889// 888//
f 888// 887// 4466//
f 4466// 887// 886//
f 4466// 886// 4463//
f 4463// 886// 885//
f 4463// 885// 906//
f 876// 890// 874//
f 874// 890// 4467//
f 874// 4467// 614//
f 614// 4467// 4446//
f 614// 4446// 615//
f 615// 4446// 4445//
f 615// 4445// 616//
f 616// 4445// 617//
f 620// 619// 4468//
f 4468// 619// 618//
f 4468// 618// 4469//
f 4283// 622// 621//
f 632// 639// 4203//
f 639// 638// 4203//
f 4203// 638// 643//
f 4203// 643// 642//
f 629// 4448// 644//
f 644// 4448// 4470//
f 644// 4470// 645//
f 646// 4471// 647//
f 647// 4471// 4472//
f 4450// 584// 4473//
f 4473// 584// 585//
f 4473// 585// 586//
f 632// 4203// 4448//
f 4448// 4203// 4205//
f 4448// 4205// 4470//
f 4205// 4207// 4470//
f 4470// 4207// 4209//
f 4470// 4209// 4474//
f 4209// 4211// 4474//
f 4474// 4211// 4213//
f 4474// 4213// 4475//
f 4213// 4215// 4475//
f 4475// 4215// 4217//
f 4475// 4217// 4476//
f 4217// 4219// 4476//
f 4476// 4219// 4221//
f 4476// 4221// 4477//
f 4221// 4223// 4477//
f 4477// 4223// 4225//
f 4477// 4225// 4478//
f 4225// 4227// 4478//
f 4478// 4227// 4229//
f 4478// 4229// 4479//
f 4229// 4231// 4479//
f 4479// 4231// 4233//
f 4479// 4233// 4480//
f 4233// 4235// 4480//
f 4480// 4235// 4237//
f 4480// 4237// 4481//
f 4237// 4239// 4481//
f 4481// 4239// 4241//
f 4481// 4241// 4482//
f 4241// 4243// 4482//
f 4482// 4243// 4245//
f 4482// 4245// 4483//
f 4245// 4247// 4483//
f 4483// 4247// 4249//
f 4483// 4249// 4484//
f 4249// 4251// 4484//
f 4484// 4251// 4253//
f 4484// 4253// 4485//
f 899// 898// 4454//
f 4454// 898// 4453//
f 4454// 4453// 4455//
f 4455// 4453// 4486//
f 4455// 4486// 4456//
f 4456// 4486// 4487//
f 4456// 4487// 4457//
f 4457// 4487// 4488//
f 4457// 4488// 4458//
f 4458// 4488// 4489//
f 4458// 4489// 4459//
f 4459// 4489// 4490//
f 4459// 4490// 4460//
f 4460// 4490// 4491//
f 4460// 4491// 4461//
f 4461// 4491// 4492//
f 4461// 4492// 4449//
f 4449// 4492// 4493//
f 4449// 4493// 4462//
f 4462// 4493// 4464//
f 4462// 4464// 909//
f 909// 4464// 908//
f 4253// 4255// 4485//
f 4485// 4255// 4257//
f 4485// 4257// 4494//
f 4257// 4259// 4494//
f 4494// 4259// 4261//
f 4494// 4261// 4495//
f 4261// 4263// 4495//
f 4495// 4263// 4265//
f 4495// 4265// 4496//
f 890// 882// 4497//
f 4497// 882// 4465//
f 4497// 4465// 4498//
f 4498// 4465// 4466//
f 4498// 4466// 4499//
f 4499// 4466// 4463//
f 4499// 4463// 4500//
f 4500// 4463// 4464//
f 4500// 4464// 4501//
f 4501// 4464// 4493//
f 4501// 4493// 4502//
f 4502// 4493// 4492//
f 4502// 4492// 4503//
f 4503// 4492// 4491//
f 4503// 4491// 4504//
f 4504// 4491// 4490//
f 4504// 4490// 4505//
f 4505// 4490// 4489//
f 4505// 4489// 4506//
f 4506// 4489// 4488//
f 4506// 4488// 4507//
f 4507// 4488// 4487//
f 4507// 4487// 4508//
f 4508// 4487// 4486//
f 4508// 4486// 4509//
f 4509// 4486// 4453//
f 4509// 4453// 4510//
f 4510// 4453// 4452//
f 4510// 4452// 4450//
f 4450// 4452// 4451//
f 4450// 4451// 879//
f 879// 4451// 896//
f 879// 896// 877//
f 586// 647// 4473//
f 4473// 647// 4472//
f 4473// 4472// 4450//
f 4450// 4472// 4511//
f 4450// 4511// 4510//
f 4510// 4511// 4512//
f 4510// 4512// 4509//
f 4509// 4512// 4513//
f 4509// 4513// 4508//
f 4508// 4513// 4514//
f 4508// 4514// 4507//
f 4507// 4514// 4515//
f 4507// 4515// 4506//
f 4506// 4515// 4516//
f 4506// 4516// 4505//
f 4505// 4516// 4517//
f 4505// 4517// 4504//
f 4504// 4517// 4518//
f 4504// 4518// 4503//
f 4503// 4518// 4519//
f 4503// 4519// 4502//
f 4502// 4519// 4520//
f 4502// 4520// 4501//
f 4501// 4520// 4521//
f 4501// 4521// 4500//
f 4500// 4521// 4522//
f 4500// 4522// 4499//
f 4499// 4522// 4523//
f 4499// 4523// 4498//
f 4498// 4523// 4524//
f 4498// 4524// 4497//
f 4497// 4524// 4525//
f 646// 645// 4471//
f 4471// 645// 4470//
f 4471// 4470// 4472//
f 4472// 4470// 4474//
f 4472// 4474// 4511//
f 4511// 4474// 4475//
f 4511// 4475// 4512//
f 4512// 4475// 4476//
f 4512// 4476// 4513//
f 4513// 4476// 4477//
f 4513// 4477// 4514//
f 4514// 4477// 4478//
f 4514// 4478// 4515//
f 4515// 4478// 4479//
f 4515// 4479// 4516//
f 4516// 4479// 4480//
f 4516// 4480// 4517//
f 4517// 4480// 4481//
f 4517// 4481// 4518//
f 4518// 4481// 4482//
f 4518// 4482// 4519//
f 4519// 4482// 4483//
f 4519// 4483// 4520//
f 4520// 4483// 4484//
f 4520// 4484// 4521//
f 4521// 4484// 4485//
f 4521// 4485// 4522//
f 4522// 4485// 4494//
f 4522// 4494// 4523//
f 4523// 4494// 4495//
f 4523// 4495// 4524//
f 4524// 4495// 4496//
f 4524// 4496// 4525//
f 4525// 4496// 4526//
f 4265// 4267// 4496//
f 4496// 4267// 4269//
f 4496// 4269// 4526//
f 4526// 4269// 4271//
f 4526// 4271// 4273//
f 890// 4497// 4467//
f 4467// 4497// 4525//
f 4467// 4525// 4446//
f 4446// 4525// 4526//
f 4446// 4526// 4447//
f 4447// 4526// 4273//
f 4447// 4273// 4275//
f 4275// 4277// 4447//
f 4447// 4277// 4469//
f 4447// 4469// 4445//
f 4445// 4469// 618//
f 4445// 618// 617//
f 621// 620// 4283//
f 4283// 620// 4468//
f 4283// 4468// 4281//
f 4281// 4468// 4469//
f 4281// 4469// 4279//
f 4279// 4469// 4277//
usemtl 5
f 4527// 4528// 368//
f 368// 4528// 370//
f 4529// 4527// 367//
f 367// 4527// 368//
f 4529// 367// 4530//
f 4530// 367// 14//
f 4530// 14// 13//
f 4531// 4530// 373//
f 373// 4530// 13//
f 371// 4532// 374//
f 374// 4532// 4531//
f 374// 4531// 373//
f 4528// 4532// 370//
f 370// 4532// 371//
f 4530// 4531// 4529//
f 4529// 4531// 4532//
f 4529// 4532// 4527//
f 4527// 4532// 4528//
f 427// 4533// 4534//
f 4535// 423// 5//
f 4535// 5// 4536//
f 5// 4// 4536//
f 4536// 4// 429//
f 4536// 429// 4534//
f 4534// 429// 428//
f 4534// 428// 427//
f 4537// 4533// 389//
f 389// 4533// 427//
f 4537// 389// 378//
f 4537// 378// 4538//
f 378// 383// 4538//
f 4538// 383// 384//
f 4538// 384// 4539//
f 4539// 384// 399//
f 4539// 399// 4540//
f 4540// 399// 398//
f 4540// 398// 4541//
f 4541// 398// 397//
f 4541// 397// 4542//
f 4542// 397// 400//
f 4542// 400// 4543//
f 4543// 400// 396//
f 4543// 396// 4544//
f 4544// 396// 395//
f 4544// 395// 4545//
f 4545// 395// 394//
f 4545// 394// 4546//
f 4546// 394// 382//
f 4546// 382// 4547//
f 4547// 382// 381//
f 4547// 381// 4548//
f 4548// 381// 377//
f 4548// 377// 4549//
f 4549// 377// 379//
f 4549// 379// 4550//
f 4550// 379// 380//
f 4550// 380// 4551//
f 4551// 380// 393//
f 4551// 393// 4552//
f 4552// 393// 392//
f 4552// 392// 4553//
f 4553// 392// 388//
f 4553// 388// 4554//
f 4554// 388// 387//
f 4554// 387// 4555//
f 4555// 387// 386//
f 4555// 386// 4556//
f 376// 4557// 4558//
f 4556// 386// 385//
f 4556// 385// 4559//
f 4559// 385// 391//
f 4559// 391// 4558//
f 4558// 391// 390//
f 4558// 390// 376//
f 4560// 4557// 375//
f 375// 4557// 376//
f 12// 4561// 10//
f 10// 4561// 4560//
f 10// 4560// 375//
f 12// 406// 4561//
f 4561// 406// 405//
f 4561// 405// 4562//
f 4562// 405// 404//
f 4562// 404// 4563//
f 4563// 404// 402//
f 4563// 402// 4564//
f 4564// 402// 8//
f 4564// 8// 4565//
f 8// 7// 4565//
f 4565// 7// 409//
f 4565// 409// 4566//
f 4566// 409// 408//
f 4566// 408// 4567//
f 4567// 408// 407//
f 4567// 407// 4568//
f 4568// 407// 413//
f 4568// 413// 4569//
f 413// 412// 4569//
f 4569// 412// 416//
f 4569// 416// 4570//
f 4570// 416// 415//
f 4570// 415// 4571//
f 4571// 415// 414//
f 4571// 414// 4572//
f 4572// 414// 411//
f 4572// 411// 4573//
f 411// 422// 4573//
f 4573// 422// 421//
f 4573// 421// 4574//
f 4574// 421// 420//
f 4574// 420// 4575//
f 423// 4535// 425//
f 425// 4535// 4576//
f 425// 4576// 417//
f 417// 4576// 4577//
f 417// 4577// 418//
f 418// 4577// 4578//
f 418// 4578// 419//
f 419// 4578// 4575//
f 419// 4575// 420//
f 4558// 4557// 4560//
f 4545// 4546// 4572//
f 4549// 4550// 4568//
f 4572// 4546// 4571//
f 4568// 4550// 4567//
f 4558// 4560// 4559//
f 4559// 4560// 4561//
f 4559// 4561// 4556//
f 4556// 4561// 4562//
f 4556// 4562// 4555//
f 4555// 4562// 4563//
f 4555// 4563// 4554//
f 4554// 4563// 4564//
f 4554// 4564// 4553//
f 4564// 4565// 4553//
f 4553// 4565// 4566//
f 4553// 4566// 4552//
f 4552// 4566// 4567//
f 4552// 4567// 4551//
f 4551// 4567// 4550//
f 4572// 4573// 4545//
f 4545// 4573// 4574//
f 4545// 4574// 4544//
f 4544// 4574// 4575//
f 4544// 4575// 4543//
f 4543// 4575// 4578//
f 4543// 4578// 4542//
f 4542// 4578// 4577//
f 4542// 4577// 4541//
f 4541// 4577// 4576//
f 4541// 4576// 4540//
f 4540// 4576// 4535//
f 4540// 4535// 4539//
f 4539// 4535// 4536//
f 4539// 4536// 4538//
f 4538// 4536// 4534//
f 4538// 4534// 4537//
f 4537// 4534// 4533//
f 4546// 4547// 4571//
f 4571// 4547// 4548//
f 4571// 4548// 4570//
f 4570// 4548// 4549//
f 4570// 4549// 4569//
f 4569// 4549// 4568//
f 4579// 4580// 362//
f 362// 4580// 363//
f 355// 4581// 354//
f 354// 4581// 4579//
f 354// 4579// 362//
f 4582// 4581// 353//
f 353// 4581// 355//
f 351// 4583// 352//
f 352// 4583// 4582//
f 352// 4582// 353//
f 4584// 4583// 347//
f 347// 4583// 351//
f 358// 4585// 346//
f 346// 4585// 4584//
f 346// 4584// 347//
f 4586// 4585// 357//
f 357// 4585// 358//
f 348// 4587// 356//
f 356// 4587// 4586//
f 356// 4586// 357//
f 4588// 4587// 345//
f 345// 4587// 348//
f 365// 4589// 344//
f 344// 4589// 4588//
f 344// 4588// 345//
f 4590// 4589// 359//
f 359// 4589// 365//
f 363// 4580// 364//
f 364// 4580// 4590//
f 364// 4590// 359//
f 4580// 4579// 4590//
f 4590// 4579// 4581//
f 4583// 4584// 4582//
f 4582// 4584// 4585//
f 4587// 4588// 4586//
f 4586// 4588// 4589//
f 4586// 4589// 4585//
f 4585// 4589// 4590//
f 4585// 4590// 4582//
f 4582// 4590// 4581//
f 4591// 4592// 4593//
f 4593// 4592// 4594//
f 4593// 4594// 4595//
f 4595// 4594// 4596//
f 4595// 4596// 4597//
f 4597// 4596// 4598//
f 4597// 4598// 4599//
f 4599// 4598// 4600//
f 4599// 4600// 4601//
f 4601// 4600// 4602//
f 4601// 4602// 4603//
f 4603// 4602// 4604//
f 4603// 4604// 4605//
f 4605// 4604// 4606//
f 4605// 4606// 4607//
f 4607// 4606// 4608//
f 4607// 4608// 4609//
f 4609// 4608// 4610//
f 4609// 4610// 4611//
f 4611// 4610// 4612//
f 4611// 4612// 4613//
f 4613// 4612// 4614//
f 4613// 4614// 4615//
f 4615// 4614// 4616//
f 4615// 4616// 4617//
f 4617// 4616// 4618//
f 4617// 4618// 4619//
f 4619// 4618// 4620//
f 4619// 4620// 4621//
f 4621// 4620// 4622//
f 4621// 4622// 4623//
f 4623// 4622// 4624//
f 4623// 4624// 4625//
f 4625// 4624// 4626//
f 4625// 4626// 4591//
f 4591// 4626// 4592//
f 4614// 4612// 500//
f 500// 4612// 499//
f 4614// 500// 501//
f 4614// 501// 4616//
f 4616// 501// 506//
f 4616// 506// 4618//
f 4618// 506// 505//
f 4618// 505// 4620//
f 4620// 505// 498//
f 4620// 498// 4622//
f 4622// 498// 497//
f 4622// 497// 4624//
f 4624// 497// 496//
f 4624// 496// 4626//
f 4626// 496// 495//
f 4626// 495// 4592//
f 4592// 495// 509//
f 4592// 509// 4594//
f 4594// 509// 508//
f 4594// 508// 4596//
f 4596// 508// 507//
f 4596// 507// 4598//
f 4598// 507// 504//
f 4598// 504// 4600//
f 4600// 504// 503//
f 4600// 503// 4602//
f 4602// 503// 502//
f 4602// 502// 4604//
f 4604// 502// 491//
f 4604// 491// 4606//
f 4606// 491// 493//
f 4606// 493// 4608//
f 4610// 4608// 494//
f 494// 4608// 493//
f 4612// 4610// 499//
f 499// 4610// 494//
f 4607// 4609// 4627//
f 4627// 4609// 4628//
f 4609// 4611// 4628//
f 4628// 4611// 4629//
f 4611// 4613// 4629//
f 4629// 4613// 4630//
f 4621// 4631// 4632//
f 4621// 4632// 4619//
f 4619// 4632// 4633//
f 4619// 4633// 4617//
f 4617// 4633// 4634//
f 4617// 4634// 4615//
f 4615// 4634// 4630//
f 4615// 4630// 4613//
f 4593// 4635// 4636//
f 4593// 4636// 4591//
f 4591// 4636// 4637//
f 4591// 4637// 4625//
f 4625// 4637// 4638//
f 4625// 4638// 4623//
f 4623// 4638// 4631//
f 4623// 4631// 4621//
f 4601// 4639// 4640//
f 4601// 4640// 4599//
f 4599// 4640// 4641//
f 4599// 4641// 4597//
f 4597// 4641// 4642//
f 4597// 4642// 4595//
f 4595// 4642// 4635//
f 4595// 4635// 4593//
f 4607// 4627// 4643//
f 4607// 4643// 4605//
f 4605// 4643// 4644//
f 4605// 4644// 4603//
f 4603// 4644// 4639//
f 4603// 4639// 4601//
usemtl 1
f 4628// 4629// 4627//
f 4627// 4629// 4630//
f 4627// 4630// 4634//
f 4634// 4633// 4627//
f 4627// 4633// 4632//
f 4627// 4632// 4631//
f 4631// 4638// 4627//
f 4627// 4638// 4637//
f 4627// 4637// 4636//
f 4636// 4635// 4627//
f 4627// 4635// 4642//
f 4627// 4642// 4641//
f 4641// 4640// 4627//
f 4627// 4640// 4639//
f 4627// 4639// 4643//
f 4643// 4639// 4644//
usemtl 5
f 4645// 4646// 4647//
f 4648// 4649// 4650//
f 4646// 4651// 4647//
f 4647// 4651// 4652//
f 4647// 4652// 4653//
f 4653// 4652// 4654//
f 4653// 4654// 4655//
f 4655// 4656// 4653//
f 4653// 4656// 4657//
f 4653// 4657// 4658//
f 4659// 4658// 4660//
f 4660// 4658// 4657//
f 4660// 4657// 4650//
f 4650// 4657// 4645//
f 4650// 4645// 4648//
f 4648// 4645// 4647//
f 16// 4653// 17//
f 17// 4653// 4658//
f 17// 4658// 341//
f 4647// 4653// 326//
f 326// 4653// 16//
f 328// 330// 4648//
f 328// 4648// 329//
f 329// 4648// 4647//
f 329// 4647// 326//
f 4649// 4648// 332//
f 332// 4648// 330//
f 337// 4650// 334//
f 334// 4650// 4649//
f 334// 4649// 332//
f 338// 4660// 336//
f 336// 4660// 4650//
f 336// 4650// 337//
f 340// 4659// 339//
f 339// 4659// 4660//
f 339// 4660// 338//
f 4658// 4659// 341//
f 341// 4659// 340//
f 4645// 4657// 4661//
f 4661// 4657// 4662//
f 4657// 4656// 4662//
f 4662// 4656// 4663//
f 4654// 4664// 4665//
f 4654// 4665// 4655//
f 4655// 4665// 4663//
f 4655// 4663// 4656//
f 4654// 4652// 4664//
f 4664// 4652// 4666//
f 4646// 4667// 4668//
f 4646// 4668// 4651//
f 4651// 4668// 4666//
f 4651// 4666// 4652//
f 4646// 4645// 4667//
f 4667// 4645// 4661//
usemtl 1
f 4664// 4666// 4665//
f 4665// 4666// 4668//
f 4665// 4668// 4663//
f 4663// 4668// 4667//
f 4663// 4667// 4662//
f 4662// 4667// 4661//
usemtl 5
f 4669// 4670// 430//
f 430// 4670// 431//
f 4671// 4669// 438//
f 438// 4669// 430//
f 4672// 4671// 437//
f 437// 4671// 438//
f 4673// 4672// 439//
f 439// 4672// 437//
f 4674// 4673// 440//
f 440// 4673// 439//
f 4675// 4674// 441//
f 441// 4674// 440//
f 4676// 4675// 442//
f 442// 4675// 441//
f 4677// 4676// 435//
f 435// 4676// 442//
f 4677// 435// 436//
f 4677// 436// 4678//
f 4678// 436// 444//
f 4678// 444// 443//
f 4679// 4678// 447//
f 447// 4678// 443//
f 433// 4680// 449//
f 449// 4680// 4679//
f 449// 4679// 448//
f 448// 4679// 447//
f 4670// 4680// 431//
f 431// 4680// 433//
f 4680// 4670// 4669//
f 4669// 4671// 4680//
f 4680// 4671// 4672//
f 4680// 4672// 4679//
f 4677// 4678// 4676//
f 4676// 4678// 4679//
f 4676// 4679// 4675//
f 4675// 4679// 4672//
f 4675// 4672// 4674//
f 4674// 4672// 4673//
f 4681// 4682// 4683//
f 4683// 4682// 4684//
f 4685// 4686// 4687//
f 4688// 4689// 4684//
f 4684// 4689// 4690//
f 4691// 4692// 4693//
f 4693// 4692// 4694//
f 4690// 4695// 4684//
f 4684// 4695// 4696//
f 4684// 4696// 4683//
f 4683// 4696// 4697//
f 4683// 4697// 4691//
f 4691// 4697// 4698//
f 4691// 4698// 4692//
f 4687// 4688// 4685//
f 4685// 4688// 4684//
f 4685// 4684// 4699//
f 4699// 4684// 4700//
f 4699// 4700// 4701//
f 4701// 4700// 4702//
f 4701// 4702// 4703//
f 4703// 4702// 4704//
f 4703// 4704// 4705//
f 4705// 4704// 4706//
f 4705// 4706// 4707//
f 4707// 4706// 4708//
f 4707// 4708// 4709//
f 4709// 4708// 4710//
f 4709// 4710// 4711//
f 4711// 4710// 4712//
f 4711// 4712// 4713//
f 4713// 4712// 4714//
f 4713// 4714// 4715//
f 4715// 4714// 4716//
f 4715// 4716// 4717//
f 4717// 4716// 4718//
f 4719// 4720// 4721//
f 4721// 4720// 4722//
f 4721// 4722// 4723//
f 4723// 4722// 4724//
f 4723// 4724// 4725//
f 4725// 4724// 4726//
f 4725// 4726// 4727//
f 4727// 4726// 4728//
f 4727// 4728// 4729//
f 4729// 4728// 4730//
f 4729// 4730// 4694//
f 4694// 4730// 4731//
f 4694// 4731// 4693//
f 4732// 4733// 4734//
f 4734// 4733// 4735//
f 4734// 4735// 4736//
f 4736// 4735// 4737//
f 4736// 4737// 4738//
f 4738// 4737// 4739//
f 4738// 4739// 4719//
f 4719// 4739// 4740//
f 4719// 4740// 4720//
f 4685// 4741// 4686//
f 4686// 4741// 4742//
f 4686// 4742// 4743//
f 4743// 4742// 4744//
f 4743// 4744// 4745//
f 4745// 4744// 4746//
f 4745// 4746// 4747//
f 4747// 4746// 4748//
f 4747// 4748// 4732//
f 4732// 4748// 4749//
f 4732// 4749// 4733//
f 4712// 536// 535//
f 4712// 535// 4714//
f 4714// 535// 533//
f 4714// 533// 4716//
f 4716// 533// 532//
f 4716// 532// 4718//
f 4717// 4718// 521//
f 521// 4718// 532//
f 4717// 521// 539//
f 4717// 539// 4715//
f 4715// 539// 540//
f 4715// 540// 4713//
f 4713// 540// 530//
f 4713// 530// 4711//
f 4711// 530// 529//
f 4711// 529// 4709//
f 4709// 529// 565//
f 4709// 565// 4707//
f 4707// 565// 564//
f 4707// 564// 4705//
f 4705// 564// 560//
f 4705// 560// 4703//
f 4703// 560// 559//
f 4703// 559// 4701//
f 4701// 559// 558//
f 4701// 558// 4699//
f 4699// 558// 557//
f 4699// 557// 4685//
f 4741// 4685// 531//
f 531// 4685// 557//
f 4741// 531// 538//
f 4741// 538// 4742//
f 4742// 538// 537//
f 4742// 537// 4744//
f 4744// 537// 520//
f 4744// 520// 4746//
f 4746// 520// 519//
f 4746// 519// 4748//
f 4748// 519// 548//
f 4748// 548// 4749//
f 4749// 548// 547//
f 4749// 547// 4733//
f 4733// 547// 546//
f 4733// 546// 4735//
f 4735// 546// 545//
f 4735// 545// 4737//
f 4737// 545// 544//
f 4737// 544// 4739//
f 4739// 544// 541//
f 4739// 541// 4740//
f 4740// 541// 542//
f 4740// 542// 4720//
f 4720// 542// 543//
f 4720// 543// 4722//
f 4722// 543// 556//
f 4722// 556// 4724//
f 4724// 556// 555//
f 4724// 555// 4726//
f 4726// 555// 554//
f 4726// 554// 4728//
f 4728// 554// 563//
f 4728// 563// 4730//
f 4730// 563// 562//
f 4730// 562// 4731//
f 4731// 562// 561//
f 4731// 561// 4693//
f 4693// 561// 553//
f 4693// 553// 4691//
f 4683// 4691// 552//
f 552// 4691// 553//
f 4681// 4683// 522//
f 522// 4683// 552//
f 4682// 4681// 524//
f 524// 4681// 522//
f 4684// 4682// 551//
f 551// 4682// 524//
f 4684// 551// 550//
f 4684// 550// 4700//
f 4700// 550// 549//
f 4700// 549// 4702//
f 4702// 549// 528//
f 4702// 528// 4704//
f 4704// 528// 527//
f 4704// 527// 4706//
f 4706// 527// 526//
f 4706// 526// 4708//
f 4708// 526// 525//
f 4708// 525// 4710//
f 4710// 525// 536//
f 4710// 536// 4712//
f 4743// 4750// 4751//
f 4743// 4751// 4686//
f 4686// 4751// 4752//
f 4686// 4752// 4687//
f 4687// 4752// 4753//
f 4687// 4753// 4688//
f 4734// 4754// 4755//
f 4734// 4755// 4732//
f 4732// 4755// 4756//
f 4732// 4756// 4747//
f 4747// 4756// 4757//
f 4747// 4757// 4745//
f 4745// 4757// 4750//
f 4745// 4750// 4743//
f 4721// 4758// 4759//
f 4721// 4759// 4719//
f 4719// 4759// 4760//
f 4719// 4760// 4738//
f 4738// 4760// 4761//
f 4738// 4761// 4736//
f 4736// 4761// 4754//
f 4736// 4754// 4734//
f 4727// 4762// 4763//
f 4727// 4763// 4725//
f 4725// 4763// 4764//
f 4725// 4764// 4723//
f 4723// 4764// 4758//
f 4723// 4758// 4721//
f 4698// 4765// 4766//
f 4698// 4766// 4692//
f 4692// 4766// 4767//
f 4692// 4767// 4694//
f 4694// 4767// 4768//
f 4694// 4768// 4729//
f 4729// 4768// 4762//
f 4729// 4762// 4727//
f 4690// 4769// 4770//
f 4690// 4770// 4695//
f 4695// 4770// 4771//
f 4695// 4771// 4696//
f 4696// 4771// 4772//
f 4696// 4772// 4697//
f 4697// 4772// 4765//
f 4697// 4765// 4698//
f 4690// 4689// 4769//
f 4769// 4689// 4773//
f 4689// 4688// 4773//
f 4773// 4688// 4753//
usemtl 1
f 4773// 4753// 4769//
f 4769// 4753// 4752//
f 4752// 4751// 4769//
f 4769// 4751// 4750//
f 4769// 4750// 4770//
f 4770// 4750// 4771//
f 4771// 4750// 4757//
f 4771// 4757// 4772//
f 4759// 4758// 4766//
f 4759// 4766// 4760//
f 4767// 4766// 4768//
f 4768// 4766// 4762//
f 4757// 4756// 4772//
f 4772// 4756// 4755//
f 4772// 4755// 4765//
f 4765// 4755// 4754//
f 4765// 4754// 4766//
f 4766// 4754// 4761//
f 4766// 4761// 4760//
f 4758// 4764// 4766//
f 4766// 4764// 4763//
f 4766// 4763// 4762//
usemtl 5
f 250// 4774// 4775//
f 4776// 310// 307//
f 4776// 307// 4777//
f 4777// 307// 256//
f 4777// 256// 4775//
f 4775// 256// 255//
f 4775// 255// 250//
f 4778// 4774// 249//
f 249// 4774// 250//
f 286// 4779// 4780//
f 4778// 249// 254//
f 4778// 254// 4780//
f 4780// 254// 264//
f 4780// 264// 286//
f 4779// 286// 285//
f 4779// 285// 4781//
f 4781// 285// 288//
f 4781// 288// 4782//
f 4782// 288// 287//
f 4782// 287// 4783//
f 4783// 287// 284//
f 4783// 284// 4784//
f 4784// 284// 283//
f 4784// 283// 4785//
f 4785// 283// 282//
f 4785// 282// 4786//
f 4786// 282// 272//
f 4786// 272// 4787//
f 4787// 272// 268//
f 4787// 268// 4788//
f 4788// 268// 266//
f 4788// 266// 4789//
f 4789// 266// 265//
f 4789// 265// 4790//
f 4790// 265// 303//
f 4790// 303// 4791//
f 4791// 303// 302//
f 4791// 302// 4792//
f 4792// 302// 300//
f 4792// 300// 4793//
f 4793// 300// 298//
f 4793// 298// 4794//
f 4794// 298// 297//
f 4794// 297// 4795//
f 4795// 297// 296//
f 4795// 296// 4796//
f 4796// 296// 295//
f 4796// 295// 4797//
f 4797// 295// 294//
f 4797// 294// 4798//
f 4798// 294// 291//
f 4798// 291// 4799//
f 4799// 291// 306//
f 4799// 306// 4800//
f 4800// 306// 305//
f 4800// 305// 4801//
f 4801// 305// 304//
f 4801// 304// 4802//
f 4802// 304// 293//
f 4802// 293// 4803//
f 4803// 293// 292//
f 4803// 292// 4804//
f 4804// 292// 290//
f 4804// 290// 4805//
f 4805// 290// 289//
f 4805// 289// 4806//
f 4806// 289// 299//
f 4806// 299// 4807//
f 4807// 299// 301//
f 4807// 301// 4808//
f 4808// 301// 267//
f 4808// 267// 4809//
f 4810// 4809// 281//
f 281// 4809// 267//
f 4810// 281// 278//
f 4810// 278// 4811//
f 4811// 278// 279//
f 4811// 279// 4812//
f 4812// 279// 280//
f 4812// 280// 4813//
f 4813// 280// 270//
f 4813// 270// 4814//
f 4814// 270// 269//
f 4814// 269// 4815//
f 4816// 4815// 277//
f 277// 4815// 269//
f 277// 276// 4816//
f 4816// 276// 275//
f 4816// 275// 4817//
f 4817// 275// 262//
f 4817// 262// 4818//
f 4818// 262// 261//
f 4818// 261// 4819//
f 4819// 261// 260//
f 4819// 260// 4820//
f 4820// 260// 259//
f 4820// 259// 4821//
f 4821// 259// 258//
f 4821// 258// 4822//
f 308// 4823// 4824//
f 4822// 258// 263//
f 4822// 263// 4825//
f 4825// 263// 257//
f 4825// 257// 4824//
f 4824// 257// 309//
f 4824// 309// 308//
f 4823// 308// 312//
f 4823// 312// 4826//
f 4826// 312// 323//
f 4826// 323// 4827//
f 4827// 323// 322//
f 4827// 322// 4828//
f 4828// 322// 321//
f 4828// 321// 4829//
f 4829// 321// 315//
f 4829// 315// 4830//
f 4830// 315// 314//
f 4830// 314// 4831//
f 4831// 314// 320//
f 4831// 320// 4832//
f 4832// 320// 319//
f 4832// 319// 4833//
f 4833// 319// 318//
f 4833// 318// 4834//
f 4834// 318// 317//
f 4834// 317// 4835//
f 4835// 317// 316//
f 4835// 316// 4836//
f 4836// 316// 313//
f 4836// 313// 4837//
f 4837// 313// 311//
f 4837// 311// 4838//
f 4838// 311// 310//
f 4838// 310// 4776//
f 4802// 4803// 4814//
f 4814// 4803// 4813//
f 4826// 4793// 4823//
f 4823// 4793// 4794//
f 4782// 4783// 4834//
f 4834// 4783// 4784//
f 4834// 4784// 4833//
f 4833// 4784// 4785//
f 4833// 4785// 4832//
f 4832// 4785// 4786//
f 4832// 4786// 4831//
f 4831// 4786// 4787//
f 4831// 4787// 4830//
f 4830// 4787// 4788//
f 4830// 4788// 4829//
f 4829// 4788// 4789//
f 4829// 4789// 4828//
f 4828// 4789// 4790//
f 4828// 4790// 4827//
f 4827// 4790// 4791//
f 4827// 4791// 4826//
f 4826// 4791// 4792//
f 4826// 4792// 4793//
f 4779// 4776// 4780//
f 4780// 4776// 4777//
f 4780// 4777// 4778//
f 4778// 4777// 4775//
f 4778// 4775// 4774//
f 4803// 4804// 4813//
f 4813// 4804// 4805//
f 4813// 4805// 4812//
f 4812// 4805// 4806//
f 4812// 4806// 4811//
f 4811// 4806// 4807//
f 4811// 4807// 4810//
f 4810// 4807// 4808//
f 4810// 4808// 4809//
f 4834// 4835// 4782//
f 4782// 4835// 4836//
f 4782// 4836// 4781//
f 4781// 4836// 4837//
f 4781// 4837// 4779//
f 4779// 4837// 4838//
f 4779// 4838// 4776//
f 4814// 4815// 4802//
f 4802// 4815// 4816//
f 4802// 4816// 4801//
f 4801// 4816// 4817//
f 4801// 4817// 4800//
f 4800// 4817// 4818//
f 4800// 4818// 4799//
f 4799// 4818// 4819//
f 4799// 4819// 4798//
f 4798// 4819// 4820//
f 4798// 4820// 4797//
f 4797// 4820// 4821//
f 4797// 4821// 4796//
f 4796// 4821// 4822//
f 4796// 4822// 4795//
f 4795// 4822// 4825//
f 4795// 4825// 4794//
f 4794// 4825// 4824//
f 4794// 4824// 4823//
f 4839// 4840// 240//
f 240// 4840// 242//
f 4841// 4839// 235//
f 235// 4839// 240//
f 4841// 235// 238//
f 4841// 238// 4842//
f 4842// 238// 237//
f 4842// 237// 4843//
f 4844// 4843// 236//
f 236// 4843// 237//
f 4845// 4844// 234//
f 234// 4844// 236//
f 451// 4846// 233//
f 233// 4846// 4845//
f 233// 4845// 234//
f 4847// 4846// 450//
f 450// 4846// 451//
f 2// 4848// 3//
f 3// 4848// 4847//
f 3// 4847// 450//
f 4849// 4848// 1//
f 1// 4848// 2//
f 4849// 1// 466//
f 4849// 466// 4850//
f 466// 465// 4850//
f 4850// 465// 462//
f 4850// 462// 4851//
f 4851// 462// 461//
f 4851// 461// 4852//
f 4852// 461// 463//
f 4852// 463// 4853//
f 4853// 463// 464//
f 4853// 464// 4854//
f 4854// 464// 456//
f 4854// 456// 4855//
f 4855// 456// 455//
f 4855// 455// 4856//
f 4857// 4856// 459//
f 459// 4856// 455//
f 4857// 459// 460//
f 4857// 460// 4858//
f 4858// 460// 458//
f 4858// 458// 4859//
f 4859// 458// 457//
f 4859// 457// 4860//
f 4860// 457// 454//
f 4860// 454// 4861//
f 4861// 454// 248//
f 4861// 248// 4862//
f 248// 247// 4862//
f 4862// 247// 246//
f 4862// 246// 4863//
f 4863// 246// 245//
f 4863// 245// 4864//
f 4864// 245// 244//
f 4864// 244// 4865//
f 4840// 4865// 242//
f 242// 4865// 244//
f 4842// 4843// 4865//
f 4840// 4839// 4865//
f 4865// 4839// 4841//
f 4865// 4841// 4842//
f 4846// 4847// 4845//
f 4845// 4847// 4848//
f 4845// 4848// 4844//
f 4864// 4850// 4863//
f 4863// 4850// 4851//
f 4856// 4857// 4855//
f 4855// 4857// 4858//
f 4855// 4858// 4854//
f 4854// 4858// 4859//
f 4854// 4859// 4853//
f 4853// 4859// 4860//
f 4853// 4860// 4852//
f 4852// 4860// 4861//
f 4852// 4861// 4851//
f 4851// 4861// 4862//
f 4851// 4862// 4863//
f 4843// 4844// 4865//
f 4865// 4844// 4848//
f 4865// 4848// 4864//
f 4864// 4848// 4849//
f 4864// 4849// 4850//
f 4866// 4867// 213//
f 213// 4867// 214//
f 224// 4868// 215//
f 215// 4868// 4866//
f 215// 4866// 213//
f 4869// 4868// 223//
f 223// 4868// 224//
f 216// 4870// 222//
f 222// 4870// 4869//
f 222// 4869// 223//
f 4871// 4870// 221//
f 221// 4870// 216//
f 227// 4872// 220//
f 220// 4872// 4871//
f 220// 4871// 221//
f 4873// 4872// 226//
f 226// 4872// 227//
f 219// 4874// 225//
f 225// 4874// 4873//
f 225// 4873// 226//
f 228// 4875// 218//
f 218// 4875// 4874//
f 218// 4874// 219//
f 231// 4876// 232//
f 232// 4876// 4875//
f 232// 4875// 228//
f 243// 4877// 241//
f 241// 4877// 4876//
f 241// 4876// 231//
f 214// 4867// 452//
f 452// 4867// 4877//
f 452// 4877// 243//
f 4870// 4871// 4869//
f 4869// 4871// 4872//
f 4867// 4866// 4877//
f 4877// 4866// 4868//
f 4874// 4875// 4873//
f 4873// 4875// 4876//
f 4873// 4876// 4872//
f 4872// 4876// 4877//
f 4872// 4877// 4869//
f 4869// 4877// 4868//
f 4878// 4879// 4880//
f 4880// 4879// 4881//
f 4880// 4881// 4882//
f 4882// 4881// 4883//
f 4882// 4883// 4884//
f 4884// 4883// 4885//
f 4884// 4885// 4886//
f 4886// 4885// 4887//
f 4886// 4887// 4888//
f 4888// 4887// 4889//
f 4888// 4889// 4890//
f 4890// 4889// 4891//
f 4890// 4891// 4892//
f 4892// 4891// 4893//
f 4892// 4893// 4894//
f 4894// 4893// 4895//
f 4894// 4895// 4896//
f 4896// 4895// 4897//
f 4896// 4897// 4898//
f 4898// 4897// 4899//
f 4898// 4899// 4900//
f 4900// 4899// 4901//
f 4900// 4901// 4902//
f 4902// 4901// 4903//
f 4902// 4903// 4904//
f 4904// 4903// 4905//
f 4904// 4905// 4906//
f 4906// 4905// 4907//
f 4906// 4907// 4908//
f 4908// 4907// 4909//
f 4908// 4909// 4910//
f 4910// 4909// 4911//
f 4910// 4911// 4912//
f 4912// 4911// 4913//
f 4912// 4913// 4878//
f 4878// 4913// 4879//
f 4901// 4899// 197//
f 197// 4899// 198//
f 4901// 197// 195//
f 4901// 195// 4903//
f 4903// 195// 203//
f 4903// 203// 4905//
f 4905// 203// 202//
f 4905// 202// 4907//
f 4907// 202// 194//
f 4907// 194// 4909//
f 4909// 194// 192//
f 4909// 192// 4911//
f 4911// 192// 191//
f 4911// 191// 4913//
f 4913// 191// 206//
f 4913// 206// 4879//
f 4879// 206// 205//
f 4879// 205// 4881//
f 4881// 205// 204//
f 4881// 204// 4883//
f 4883// 204// 201//
f 4883// 201// 4885//
f 4885// 201// 200//
f 4885// 200// 4887//
f 4887// 200// 199//
f 4887// 199// 4889//
f 211// 4895// 187//
f 187// 4895// 4893//
f 187// 4893// 188//
f 188// 4893// 4891//
f 188// 4891// 190//
f 190// 4891// 4889//
f 190// 4889// 199//
f 4897// 4895// 210//
f 210// 4895// 211//
f 198// 4899// 209//
f 209// 4899// 4897//
f 209// 4897// 210//
f 4894// 4896// 4914//
f 4914// 4896// 4915//
f 4896// 4898// 4915//
f 4915// 4898// 4916//
f 4898// 4900// 4916//
f 4916// 4900// 4917//
f 4908// 4918// 4919//
f 4908// 4919// 4906//
f 4906// 4919// 4920//
f 4906// 4920// 4904//
f 4904// 4920// 4921//
f 4904// 4921// 4902//
f 4902// 4921// 4917//
f 4902// 4917// 4900//
f 4880// 4922// 4923//
f 4880// 4923// 4878//
f 4878// 4923// 4924//
f 4878// 4924// 4912//
f 4912// 4924// 4925//
f 4912// 4925// 4910//
f 4910// 4925// 4918//
f 4910// 4918// 4908//
f 4888// 4926// 4927//
f 4888// 4927// 4886//
f 4886// 4927// 4928//
f 4886// 4928// 4884//
f 4884// 4928// 4929//
f 4884// 4929// 4882//
f 4882// 4929// 4922//
f 4882// 4922// 4880//
f 4894// 4914// 4930//
f 4894// 4930// 4892//
f 4892// 4930// 4931//
f 4892// 4931// 4890//
f 4890// 4931// 4926//
f 4890// 4926// 4888//
usemtl 1
f 4915// 4916// 4914//
f 4914// 4916// 4917//
f 4914// 4917// 4921//
f 4921// 4920// 4914//
f 4914// 4920// 4919//
f 4914// 4919// 4918//
f 4918// 4925// 4914//
f 4914// 4925// 4924//
f 4914// 4924// 4923//
f 4923// 4922// 4914//
f 4914// 4922// 4929//
f 4914// 4929// 4928//
f 4928// 4927// 4914//
f 4914// 4927// 4926//
f 4914// 4926// 4930//
f 4930// 4926// 4931//
usemtl 5
f 4932// 4933// 4934//
f 4935// 4936// 4937//
f 4933// 4938// 4934//
f 4934// 4938// 4939//
f 4934// 4939// 4940//
f 4940// 4939// 4941//
f 4940// 4941// 4942//
f 4942// 4943// 4940//
f 4940// 4943// 4944//
f 4940// 4944// 4945//
f 4946// 4945// 4947//
f 4947// 4945// 4944//
f 4947// 4944// 4937//
f 4937// 4944// 4932//
f 4937// 4932// 4935//
f 4935// 4932// 4934//
f 4940// 4945// 478//
f 478// 4945// 479//
f 4934// 4940// 477//
f 477// 4940// 478//
f 4935// 4934// 476//
f 476// 4934// 477//
f 4936// 4935// 475//
f 475// 4935// 476//
f 4937// 4936// 482//
f 482// 4936// 475//
f 4947// 4937// 481//
f 481// 4937// 482//
f 4946// 4947// 480//
f 480// 4947// 481//
f 4945// 4946// 479//
f 479// 4946// 480//
f 4932// 4944// 4948//
f 4948// 4944// 4949//
f 4944// 4943// 4949//
f 4949// 4943// 4950//
f 4941// 4951// 4952//
f 4941// 4952// 4942//
f 4942// 4952// 4950//
f 4942// 4950// 4943//
f 4941// 4939// 4951//
f 4951// 4939// 4953//
f 4933// 4954// 4955//
f 4933// 4955// 4938//
f 4938// 4955// 4953//
f 4938// 4953// 4939//
f 4933// 4932// 4954//
f 4954// 4932// 4948//
usemtl 1
f 4951// 4953// 4952//
f 4952// 4953// 4955//
f 4952// 4955// 4950//
f 4950// 4955// 4954//
f 4950// 4954// 4949//
f 4949// 4954// 4948//
usemtl 5
f 4956// 4957// 4958//
f 4959// 4960// 4961//
f 4962// 4963// 4959//
f 4964// 4965// 4966//
f 4967// 4968// 4969//
f 4970// 4971// 4958//
f 4958// 4971// 4972//
f 4958// 4972// 4956//
f 4966// 4965// 4973//
f 4963// 4974// 4959//
f 4959// 4974// 4975//
f 4959// 4975// 4976//
f 4977// 4978// 4979//
f 4979// 4978// 4980//
f 4979// 4980// 4981//
f 4981// 4980// 4982//
f 4981// 4982// 4983//
f 4983// 4982// 4984//
f 4983// 4984// 4985//
f 4985// 4984// 4958//
f 4985// 4958// 4986//
f 4986// 4958// 4987//
f 4988// 4989// 4977//
f 4977// 4989// 4990//
f 4977// 4990// 4978//
f 4967// 4969// 4991//
f 4991// 4969// 4992//
f 4991// 4992// 4993//
f 4993// 4992// 4994//
f 4993// 4994// 4995//
f 4965// 4996// 4973//
f 4973// 4996// 4997//
f 4973// 4997// 4998//
f 4998// 4997// 4999//
f 4998// 4999// 4967//
f 4967// 4999// 5000//
f 4967// 5000// 4968//
f 4975// 5001// 4976//
f 4976// 5001// 5002//
f 4976// 5002// 5003//
f 5003// 5002// 5004//
f 5003// 5004// 5005//
f 5006// 5007// 5008//
f 5008// 5007// 5009//
f 5008// 5009// 5010//
f 5010// 5009// 5011//
f 5010// 5011// 5012//
f 5012// 5011// 5013//
f 5012// 5013// 5014//
f 4962// 4959// 5015//
f 5015// 4959// 4961//
f 5015// 4961// 4977//
f 4977// 4961// 5016//
f 4977// 5016// 4988//
f 5017// 5018// 5019//
f 5019// 5018// 5020//
f 5019// 5020// 5021//
f 5021// 5020// 5022//
f 5021// 5022// 5023//
f 5023// 5022// 5024//
f 5023// 5024// 5025//
f 5025// 5024// 5026//
f 5025// 5026// 5027//
f 5027// 5026// 5028//
f 5027// 5028// 5029//
f 5029// 5028// 5030//
f 5029// 5030// 5031//
f 5031// 5030// 5032//
f 5031// 5032// 5033//
f 5033// 5032// 5034//
f 5033// 5034// 5035//
f 5035// 5034// 5036//
f 5035// 5036// 5037//
f 5037// 5036// 5038//
f 5037// 5038// 5006//
f 5006// 5038// 5039//
f 5006// 5039// 5007//
f 5040// 5041// 5042//
f 5042// 5041// 5043//
f 5042// 5043// 5019//
f 5019// 5043// 5044//
f 5019// 5044// 5017//
f 5045// 5046// 5047//
f 5047// 5046// 5048//
f 5047// 5048// 5049//
f 5049// 5048// 5050//
f 5049// 5050// 5051//
f 5051// 5050// 5052//
f 5051// 5052// 5053//
f 5053// 5052// 5054//
f 5053// 5054// 4970//
f 4970// 5054// 5055//
f 4970// 5055// 4971//
f 4987// 4958// 5056//
f 5056// 4958// 4957//
f 5056// 4957// 5057//
f 4995// 4994// 5058//
f 5058// 4994// 5059//
f 5058// 5059// 5060//
f 5060// 5059// 5061//
f 5060// 5061// 5062//
f 5062// 5061// 5063//
f 5062// 5063// 5064//
f 5064// 5063// 5065//
f 5064// 5065// 5040//
f 5040// 5065// 5066//
f 5040// 5066// 5041//
f 4966// 5067// 4964//
f 4964// 5067// 5068//
f 4964// 5068// 5069//
f 5069// 5068// 5070//
f 5069// 5070// 5071//
f 5071// 5070// 5072//
f 5071// 5072// 5045//
f 5045// 5072// 5073//
f 5045// 5073// 5046//
f 5005// 5004// 5074//
f 5074// 5004// 5075//
f 5074// 5075// 5076//
f 5076// 5075// 5077//
f 5076// 5077// 5078//
f 5078// 5077// 5079//
f 5078// 5079// 5080//
f 5080// 5079// 5081//
f 5080// 5081// 5082//
f 5082// 5081// 5083//
f 5082// 5083// 5084//
f 5084// 5083// 5085//
f 5084// 5085// 5086//
f 5086// 5085// 5087//
f 5086// 5087// 5088//
f 5088// 5087// 5089//
f 5088// 5089// 5090//
f 5090// 5089// 5091//
f 5090// 5091// 4957//
f 4957// 5091// 5092//
f 4957// 5092// 5057//
f 5093// 5094// 5095//
f 5013// 5096// 5014//
f 5014// 5096// 5093//
f 5014// 5093// 5097//
f 5097// 5093// 5095//
f 5098// 5099// 5093//
f 5093// 5099// 5100//
f 5093// 5100// 5094//
f 5101// 5102// 5103//
f 5102// 5104// 5103//
f 5103// 5104// 5105//
f 5103// 5105// 5106//
f 5098// 5093// 5103//
f 5103// 5093// 5107//
f 5103// 5107// 5101//
f 5031// 181// 180//
f 186// 5025// 5027//
f 5031// 180// 5029//
f 5029// 180// 20//
f 5029// 20// 5027//
f 5027// 20// 19//
f 5027// 19// 186//
f 186// 184// 5025//
f 5025// 184// 183//
f 5025// 183// 5023//
f 5023// 183// 30//
f 5023// 30// 5021//
f 5021// 30// 29//
f 5021// 29// 5019//
f 5019// 29// 28//
f 5019// 28// 5042//
f 5042// 28// 27//
f 5042// 27// 5040//
f 41// 5060// 5062//
f 5040// 27// 26//
f 5040// 26// 5064//
f 26// 31// 5064//
f 5064// 31// 33//
f 5064// 33// 5062//
f 5062// 33// 42//
f 5062// 42// 41//
f 45// 4993// 4995//
f 5060// 41// 37//
f 5060// 37// 5058//
f 5058// 37// 35//
f 5058// 35// 4995//
f 4995// 35// 34//
f 4995// 34// 45//
f 50// 4967// 4991//
f 4993// 45// 44//
f 4993// 44// 4991//
f 4991// 44// 48//
f 4991// 48// 50//
f 4967// 50// 49//
f 4967// 49// 4998//
f 4998// 49// 47//
f 4998// 47// 4973//
f 4973// 47// 46//
f 4973// 46// 4966//
f 4966// 46// 53//
f 4966// 53// 5067//
f 5067// 53// 52//
f 5067// 52// 5068//
f 5068// 52// 51//
f 5068// 51// 5070//
f 63// 5048// 5046//
f 5070// 51// 59//
f 5070// 59// 5072//
f 5072// 59// 58//
f 5072// 58// 5073//
f 58// 57// 5073//
f 5073// 57// 56//
f 5073// 56// 5046//
f 5046// 56// 64//
f 5046// 64// 63//
f 74// 5050// 61//
f 61// 5050// 5048//
f 61// 5048// 63//
f 74// 73// 5050//
f 5050// 73// 72//
f 5050// 72// 5052//
f 5052// 72// 69//
f 5052// 69// 5054//
f 5054// 69// 68//
f 5054// 68// 5055//
f 5055// 68// 91//
f 5055// 91// 4971//
f 4971// 91// 90//
f 4971// 90// 4972//
f 4972// 90// 85//
f 4972// 85// 4956//
f 4956// 85// 86//
f 4956// 86// 4957//
f 4957// 86// 87//
f 4957// 87// 5090//
f 5090// 87// 117//
f 5090// 117// 5088//
f 5088// 117// 116//
f 5088// 116// 5086//
f 5086// 116// 115//
f 5086// 115// 5084//
f 5084// 115// 105//
f 5084// 105// 5082//
f 5082// 105// 104//
f 5082// 104// 5080//
f 5080// 104// 103//
f 5080// 103// 5078//
f 5078// 103// 89//
f 5078// 89// 5076//
f 5076// 89// 88//
f 5076// 88// 5074//
f 5074// 88// 113//
f 5074// 113// 5005//
f 5005// 113// 114//
f 5005// 114// 5003//
f 4976// 5003// 100//
f 100// 5003// 114//
f 4959// 4976// 67//
f 67// 4976// 100//
f 67// 121// 4959//
f 4959// 121// 126//
f 4959// 126// 4960//
f 4960// 126// 130//
f 23// 135// 4961//
f 23// 4961// 24//
f 24// 4961// 4960//
f 24// 4960// 130//
f 140// 4990// 4989//
f 4961// 135// 134//
f 4961// 134// 5016//
f 5016// 134// 133//
f 5016// 133// 4988//
f 4988// 133// 22//
f 4988// 22// 4989//
f 4989// 22// 141//
f 4989// 141// 140//
f 4978// 4990// 139//
f 139// 4990// 140//
f 139// 137// 4978//
f 4978// 137// 136//
f 4978// 136// 4980//
f 4980// 136// 144//
f 4980// 144// 4982//
f 4982// 144// 143//
f 4982// 143// 4984//
f 4984// 143// 147//
f 4984// 147// 4958//
f 128// 5049// 138//
f 138// 5049// 5051//
f 138// 5051// 142//
f 142// 5051// 5053//
f 142// 5053// 145//
f 145// 5053// 4970//
f 145// 4970// 146//
f 146// 4970// 4958//
f 146// 4958// 147//
f 128// 129// 5049//
f 5049// 129// 131//
f 5049// 131// 5047//
f 5045// 5047// 132//
f 132// 5047// 131//
f 132// 154// 5045//
f 5045// 154// 155//
f 5045// 155// 5071//
f 5071// 155// 165//
f 5071// 165// 5069//
f 165// 179// 5069//
f 5069// 179// 178//
f 5069// 178// 4964//
f 4964// 178// 177//
f 4964// 177// 4965//
f 4965// 177// 171//
f 4965// 171// 4996//
f 4996// 171// 170//
f 4996// 170// 4997//
f 4997// 170// 169//
f 4997// 169// 4999//
f 4999// 169// 166//
f 4999// 166// 5000//
f 5000// 166// 161//
f 5000// 161// 4968//
f 4968// 161// 164//
f 4968// 164// 4969//
f 4969// 164// 172//
f 4969// 172// 4992//
f 4992// 172// 174//
f 4992// 174// 4994//
f 4994// 174// 176//
f 4994// 176// 5059//
f 5059// 176// 175//
f 5059// 175// 5061//
f 149// 5017// 167//
f 167// 5017// 5044//
f 167// 5044// 168//
f 168// 5044// 5043//
f 168// 5043// 159//
f 159// 5043// 5041//
f 159// 5041// 160//
f 160// 5041// 5066//
f 160// 5066// 162//
f 162// 5066// 5065//
f 162// 5065// 163//
f 163// 5065// 5063//
f 163// 5063// 173//
f 173// 5063// 5061//
f 173// 5061// 175//
f 5018// 5017// 148//
f 148// 5017// 149//
f 5018// 148// 151//
f 5018// 151// 5020//
f 5020// 151// 158//
f 5020// 158// 5022//
f 5022// 158// 157//
f 5022// 157// 5024//
f 5024// 157// 156//
f 5024// 156// 5026//
f 5026// 156// 150//
f 5026// 150// 5028//
f 150// 153// 5028//
f 5028// 153// 152//
f 5028// 152// 5030//
f 5030// 152// 127//
f 5030// 127// 5032//
f 127// 125// 5032//
f 5032// 125// 124//
f 5032// 124// 5034//
f 124// 120// 5034//
f 5034// 120// 119//
f 5034// 119// 5036//
f 5036// 119// 118//
f 5036// 118// 5038//
f 5038// 118// 123//
f 5038// 123// 5039//
f 5039// 123// 122//
f 5039// 122// 5007//
f 5007// 122// 94//
f 5007// 94// 5009//
f 5009// 94// 93//
f 5009// 93// 5011//
f 5013// 5011// 92//
f 92// 5011// 93//
f 5013// 92// 77//
f 5013// 77// 5096//
f 5096// 77// 76//
f 5096// 76// 5093//
f 5093// 76// 75//
f 5093// 75// 5107//
f 5107// 75// 66//
f 5107// 66// 5101//
f 5101// 66// 65//
f 5101// 65// 5102//
f 5102// 65// 71//
f 5102// 71// 5104//
f 5104// 71// 102//
f 5104// 102// 5105//
f 5105// 102// 101//
f 5105// 101// 5106//
f 5106// 101// 99//
f 5106// 99// 5103//
f 5103// 99// 98//
f 5103// 98// 5098//
f 5098// 98// 112//
f 5098// 112// 5099//
f 5099// 112// 111//
f 5099// 111// 5100//
f 5100// 111// 110//
f 5100// 110// 5094//
f 5094// 110// 109//
f 5094// 109// 5095//
f 5095// 109// 108//
f 5095// 108// 5097//
f 5097// 108// 107//
f 5097// 107// 5014//
f 5014// 107// 106//
f 5014// 106// 5012//
f 5010// 5012// 97//
f 97// 5012// 106//
f 5010// 97// 96//
f 5010// 96// 5008//
f 5008// 96// 95//
f 5008// 95// 5006//
f 5006// 95// 84//
f 5006// 84// 5037//
f 5037// 84// 83//
f 5037// 83// 5035//
f 5035// 83// 81//
f 5035// 81// 5033//
f 5033// 81// 79//
f 5033// 79// 5031//
f 5031// 79// 182//
f 5031// 182// 181//
f 5015// 5108// 5109//
f 5015// 5109// 4962//
f 4962// 5109// 5110//
f 4962// 5110// 4963//
f 4963// 5110// 5111//
f 4963// 5111// 4974//
f 4974// 5111// 5112//
f 4974// 5112// 4975//
f 4975// 5112// 5113//
f 4975// 5113// 5001//
f 5001// 5113// 5114//
f 5001// 5114// 5002//
f 5002// 5114// 5115//
f 5002// 5115// 5004//
f 5004// 5115// 5116//
f 5004// 5116// 5075//
f 5075// 5116// 5117//
f 5075// 5117// 5077//
f 5077// 5117// 5118//
f 5077// 5118// 5079//
f 5079// 5118// 5119//
f 5079// 5119// 5081//
f 5081// 5119// 5120//
f 5081// 5120// 5083//
f 5083// 5120// 5121//
f 5083// 5121// 5085//
f 5085// 5121// 5122//
f 5085// 5122// 5087//
f 5087// 5122// 5123//
f 5087// 5123// 5089//
f 5089// 5123// 5124//
f 5089// 5124// 5091//
f 5091// 5124// 5125//
f 5091// 5125// 5092//
f 5092// 5125// 5126//
f 5092// 5126// 5057//
f 5057// 5126// 5127//
f 5057// 5127// 5056//
f 5056// 5127// 5128//
f 5056// 5128// 4987//
f 4987// 5128// 5129//
f 4987// 5129// 4986//
f 4986// 5129// 5130//
f 4986// 5130// 4985//
f 4985// 5130// 5131//
f 4985// 5131// 4983//
f 4983// 5131// 5132//
f 4983// 5132// 4981//
f 4981// 5132// 5133//
f 4981// 5133// 4979//
f 4979// 5133// 5134//
f 4979// 5134// 4977//
f 4977// 5134// 5108//
f 4977// 5108// 5015//
usemtl 1
f 5122// 5132// 5131//
f 5120// 5119// 5109//
f 5108// 5134// 5122//
f 5122// 5134// 5133//
f 5122// 5133// 5132//
f 5127// 5126// 5131//
f 5131// 5126// 5125//
f 5108// 5122// 5109//
f 5109// 5122// 5121//
f 5109// 5121// 5120//
f 5130// 5129// 5131//
f 5131// 5129// 5128//
f 5131// 5128// 5127//
f 5125// 5124// 5131//
f 5131// 5124// 5123//
f 5131// 5123// 5122//
f 5119// 5118// 5109//
f 5109// 5118// 5117//
f 5109// 5117// 5116//
f 5116// 5115// 5109//
f 5109// 5115// 5114//
f 5109// 5114// 5113//
f 5113// 5112// 5109//
f 5109// 5112// 5111//
f 5109// 5111// 5110//
