v 7.154902 1.832057 1.97
v 7.154902 1.724794 1.97
v 7.203117 1.724794 1.97
newmtl 1
Ka 0.8431372549019608 0.8156862745098039 0.7529411764705882
Kd 0.5882352941176471 0.5725490196078431 0.5254901960784314
Ks 0.043137254901960784 0.0392156862745098 0.0392156862745098
d 0.0
endmtl
v 7.988377 -1.775 1.97
v 8.2 -1.775 1.97
v 8.2 1.469955 1.97
v 7.664462 -1.775 1.97
v 7.988377 1.469955 1.97
v 7.551103 -1.775 1.97
v 7.664462 1.469955 1.97
v 6.758721 1.518666 1.97
v 6.758334 1.517913 1.97
v 7.089699 1.517913 1.97
v 7.344704 1.518179 1.97
v 7.342151 1.517913 1.97
v 7.371269 1.517913 1.97
v 7.3 0.025 1.97
v 7.3 -1.775 1.97
v 7.315935 -1.775 1.97
v 7.214707 1.738201 1.97
v 7.213485 1.741604 1.97
v 7.213485 1.70997 1.97
v 7.664462 1.70997 1.97
v 7.625144 1.710992 1.97
v 7.607875 1.710992 1.97
v 7.595527 1.744105 1.97
v 7.551103 1.744105 1.97
v 7.551103 1.70997 1.97
v 7.579032 1.832057 1.97
v 7.664462 1.833078 1.97
v 7.551103 1.833078 1.97
v 7.545114 1.744105 1.97
v 7.533478 1.710992 1.97
v 7.512852 1.70997 1.97
v 7.51621 1.710992 1.97
v 7.512852 1.833078 1.97
v 7.551103 1.802603 1.97
v 7.562321 1.832057 1.97
v 7.226099 1.785317 1.97
v 7.293545 1.728691 1.97
v 7.229937 1.796116 1.97
v 7.235577 1.804739 1.97
v 7.224471 1.770162 1.97
v 7.224479 1.769032 1.97
v 7.286321 1.725488 1.97
v 7.272536 1.723045 1.97
v 7.264818 1.81974 1.97
v 7.254379 1.817583 1.97
v 7.293545 1.815024 1.97
v 7.284426 1.818369 1.97
v 7.27018 1.819987 1.97
v 7.244925 1.813036 1.97
v 7.23719 1.806556 1.97
v 7.226382 1.75417 1.97
v 7.230192 1.744305 1.97
v 7.236354 1.735625 1.97
v 7.247398 1.727289 1.97
v 7.256182 1.72412 1.97
v 7.267457 1.722875 1.97
v 7.239329 1.73274 1.97
v 7.298713 1.812808 1.97
v 7.315935 1.70997 1.97
v 7.315935 1.833078 1.97
v 7.296777 1.813838 1.97
v 7.298713 1.730983 1.97
v 7.282457 1.833078 1.97
v 7.286796 1.832689 1.97
v 7.293545 1.833078 1.97
v 7.293545 1.830683 1.97
v 7.298713 1.829148 1.97
v 7.271137 1.834094 1.97
v 7.293545 2.175 1.97
v 7.270025 1.834099 1.97
v 7.213485 2.175 1.97
v 7.260853 1.833078 1.97
v 7.213485 1.833078 1.97
v 7.24097 1.827632 1.97
v 7.253823 1.832295 1.97
v 7.21715 1.805437 1.97
v 7.225554 1.816274 1.97
v 7.229064 1.819586 1.97
v 7.206228 1.833078 1.97
v 7.211248 1.792097 1.97
v 7.213485 1.797152 1.97
v 7.210038 1.7512 1.97
v 7.206228 1.70997 1.97
v 7.208069 1.769234 1.97
v 7.20835 1.776463 1.97
v 7.23277 1.717754 1.97
v 7.223604 1.725475 1.97
v 7.221676 1.727636 1.97
v 7.273843 1.70997 1.97
v 7.265198 1.708949 1.97
v 7.293545 1.674474 1.97
v 7.213485 1.674474 1.97
v 7.25709 1.709377 1.97
v 7.254378 1.70997 1.97
v 7.244104 1.712219 1.97
v 7.298713 1.716005 1.97
v 7.293545 1.70997 1.97
v 7.293545 1.714014 1.97
v 7.28712 1.711539 1.97
v 7.474555 1.639999 1.97
v 7.512852 1.639999 1.97
v 7.512852 1.674474 1.97
v 7.512852 1.517913 1.97
v 7.512852 1.518934 1.97
v 7.474555 1.518934 1.97
v 7.414765 1.540411 1.97
v 7.416622 1.533293 1.97
v 7.417024 1.533293 1.97
v 7.458215 1.6054 1.97
v 7.399492 1.674474 1.97
v 7.442493 1.6054 1.97
v 7.399492 1.584345 1.97
v 7.418881 1.540287 1.97
v 7.41772 1.536256 1.97
v 7.375214 1.6054 1.97
v 7.371269 1.674474 1.97
v 7.399492 1.543642 1.97
v 7.392174 1.6054 1.97
v 7.399492 1.517913 1.97
v 7.408622 1.517913 1.97
v 7.409132 1.519119 1.97
v 7.399492 1.497933 1.97
v 7.399512 1.497955 1.97
v 7.402479 1.503398 1.97
v 7.371269 1.469955 1.97
v 7.37834 1.479445 1.97
v 7.37834 1.492938 1.97
v 7.386943 1.491205 1.97
v 7.390584 1.491613 1.97
v 7.399492 1.48091 1.97
v 7.394246 1.478912 1.97
v 7.399492 1.469955 1.97
v 7.38812 1.478207 1.97
v 7.384772 1.478327 1.97
v 7.393906 1.492858 1.97
v 7.396688 1.494791 1.97
v 7.418974 1.505874 1.97
v 7.412109 1.492505 1.97
v 7.512852 1.469955 1.97
v 7.42372 1.517913 1.97
v 7.40656 1.485841 1.97
v 7.405526 1.484893 1.97
v 7.400229 1.481191 1.97
v 7.315935 1.469955 1.97
v 7.293545 1.469955 1.97
v 7.293545 0.025 1.97
v -8.2 -1.775 1.97
v -7.3 -1.775 1.97
v -8.2 1.469955 1.97
v -7.3 0.025 1.97
v -6.2 -0.375 1.97
v 6.2 -0.375 1.97
v -6.2 0.025 1.97
v 6.2 0.025 1.97
v 7.089699 0.025 1.97
v 6.677743 1.461704 1.97
v 6.642161 1.469955 1.97
v 6.653947 1.464978 1.97
v 6.674263 1.461772 1.97
v 7.362247 1.556751 1.97
v 7.365078 1.552574 1.97
v 7.363176 1.588812 1.97
v 7.364739 1.531555 1.97
v 7.361913 1.527556 1.97
v 7.323232 1.603196 1.97
v 7.315935 1.674474 1.97
v 7.318736 1.60051 1.97
v 7.315935 1.597993 1.97
v 7.366696 1.548103 1.97
v 7.367323 1.542454 1.97
v 7.366602 1.536361 1.97
v 7.331551 1.60617 1.97
v 7.342689 1.607381 1.97
v 7.363176 1.603543 1.97
v 7.351049 1.606809 1.97
v 7.357574 1.523761 1.97
v 7.353014 1.521066 1.97
v 7.341204 1.595064 1.97
v 7.336715 1.594727 1.97
v 7.324646 1.583428 1.97
v 7.332658 1.593653 1.97
v 7.329258 1.591845 1.97
v 7.324785 1.58141 1.97
v 7.325387 1.579055 1.97
v 7.326479 1.577009 1.97
v 7.327958 1.575381 1.97
v 7.333304 1.572039 1.97
v 7.351162 1.593932 1.97
v 7.342689 1.567954 1.97
v 7.359715 1.590796 1.97
v 7.348561 1.565578 1.97
v 7.358632 1.559977 1.97
v 7.32697 1.589823 1.97
v 7.32567 1.587893 1.97
v 7.324922 1.585846 1.97
v 7.308926 1.537626 1.97
v 7.293545 1.517913 1.97
v 7.31424 1.596469 1.97
v 7.311423 1.59237 1.97
v 7.314854 1.533959 1.97
v 7.315935 1.533553 1.97
v 7.315935 1.565704 1.97
v 7.31332 1.568387 1.97
v 7.311343 1.571548 1.97
v 7.30967 1.576178 1.97
v 7.309019 1.582066 1.97
v 7.309617 1.587488 1.97
v 7.315801 1.565793 1.97
v 7.324362 1.530381 1.97
v 7.331981 1.556937 1.97
v 7.322942 1.56108 1.97
v 7.333869 1.52927 1.97
v 7.334539 1.529274 1.97
v 7.341938 1.552767 1.97
v 7.342312 1.530145 1.97
v 7.351757 1.540968 1.97
v 7.351608 1.542854 1.97
v 7.346225 1.531578 1.97
v 7.347608 1.532416 1.97
v 7.349348 1.533961 1.97
v 7.350672 1.535919 1.97
v 7.351442 1.538075 1.97
v 7.350919 1.545222 1.97
v 7.349747 1.547233 1.97
v 7.347857 1.5492 1.97
v 7.322392 1.517913 1.97
v 7.319776 1.51818 1.97
v 7.315935 1.517913 1.97
v 7.315935 1.51952 1.97
v 7.308926 1.521967 1.97
v 7.332384 1.516891 1.97
v 7.381443 1.491922 1.97
v 7.225196 1.560343 1.97
v 7.227349 1.584604 1.97
v 7.222115 1.556037 1.97
v 7.219981 1.550727 1.97
v 7.213485 1.517913 1.97
v 7.221481 1.530078 1.97
v 7.219647 1.535209 1.97
v 7.266448 1.606517 1.97
v 7.272793 1.604553 1.97
v 7.277806 1.601646 1.97
v 7.281829 1.597746 1.97
v 7.28491 1.5928 1.97
v 7.229925 1.564347 1.97
v 7.236531 1.567636 1.97
v 7.237046 1.59082 1.97
v 7.247589 1.570306 1.97
v 7.260834 1.594525 1.97
v 7.255697 1.595064 1.97
v 7.246521 1.594094 1.97
v 7.231434 1.520137 1.97
v 7.226328 1.5237 1.97
v 7.224632 1.525419 1.97
v 7.273212 1.532303 1.97
v 7.27281 1.532303 1.97
v 7.273212 1.518934 1.97
v 7.270448 1.528707 1.97
v 7.265659 1.52355 1.97
v 7.218901 1.542082 1.97
v 7.218961 1.544258 1.97
v 7.227349 1.599334 1.97
v 7.23143 1.60164 1.97
v 7.242883 1.605796 1.97
v 7.25712 1.607381 1.97
v 7.287261 1.585814 1.97
v 7.288377 1.574577 1.97
v 7.288377 1.518934 1.97
v 7.273212 1.573896 1.97
v 7.272685 1.580601 1.97
v 7.271118 1.586 1.97
v 7.269335 1.589123 1.97
v 7.267043 1.591562 1.97
v 7.264351 1.593297 1.97
v 7.25457 1.517913 1.97
v 7.254138 1.517757 1.97
v 7.213485 1.469955 1.97
v 7.213485 0.025 1.97
v 7.24632 1.516891 1.97
v 7.237525 1.517913 1.97
v 7.237248 1.517945 1.97
v 6.984511 1.737801 1.97
v 7.007908 1.718102 1.97
v 7.089699 1.833078 1.97
v 7.089699 1.70997 1.97
v 6.87004 1.84559 1.97
v 6.888649 1.833078 1.97
v 6.908427 1.81978 1.97
v 6.936703 1.787132 1.97
v 6.954908 1.75178 1.97
v 6.958872 1.750452 1.97
v 6.826845 1.860812 1.97
v 7.089699 2.175 1.97
v 6.791363 1.86454 1.97
v 6.748703 1.859275 1.97
v 6.709017 1.843951 1.97
v -8.2 2.175 1.97
v 6.691473 1.833078 1.97
v -8.2 1.833078 1.97
v 6.688072 1.83097 1.97
v -8.2 1.70997 1.97
v 6.503184 1.70997 1.97
v 6.510617 1.726803 1.97
v 6.531414 1.753502 1.97
v 6.596376 1.7906 1.97
v 6.630402 1.794818 1.97
v 6.667844 1.813647 1.97
v 6.6403 1.79428 1.97
v 6.650199 1.793097 1.97
v 6.537136 1.758922 1.97
v 6.564498 1.778191 1.97
v 6.553865 1.538717 1.97
v 6.52711 1.561552 1.97
v -8.2 1.674474 1.97
v 6.597054 1.517913 1.97
v 6.595971 1.520235 1.97
v 6.584958 1.523536 1.97
v 6.490958 1.655375 1.97
v 6.49119 1.663433 1.97
v 6.493146 1.674474 1.97
v 6.496922 1.695789 1.97
v 6.507566 1.589405 1.97
v 6.495179 1.621437 1.97
v -8.2 1.517913 1.97
v 6.634106 1.473357 1.97
v 6.617292 1.486079 1.97
v 6.604522 1.501897 1.97
v 7.089699 1.469955 1.97
v 6.748774 1.49931 1.97
v 6.734545 1.483242 1.97
v 6.717343 1.471416 1.97
v 6.713475 1.469955 1.97
v 6.698109 1.464154 1.97
v 7.036117 1.66738 1.97
v 7.040123 1.63902 1.97
v 7.089699 1.674474 1.97
v 6.742301 1.605451 1.97
v 6.857643 1.665704 1.97
v 6.727243 1.619158 1.97
v 6.708975 1.628943 1.97
v 6.863013 1.56494 1.97
v 6.868306 1.568692 1.97
v 6.884326 1.620084 1.97
v 6.986051 1.647902 1.97
v 6.981465 1.664277 1.97
v 6.975536 1.674474 1.97
v 6.547276 1.674474 1.97
v 6.874213 1.571025 1.97
v 6.880883 1.571881 1.97
v 6.881721 1.57182 1.97
v 6.552183 1.623234 1.97
v 6.563173 1.604619 1.97
v 6.606566 1.596736 1.97
v 6.578743 1.588929 1.97
v 6.596832 1.577906 1.97
v 7.025456 1.581224 1.97
v 7.008276 1.557248 1.97
v 6.984965 1.537494 1.97
v 6.958713 1.524612 1.97
v 6.638515 1.625088 1.97
v 6.620862 1.612937 1.97
v 6.545186 1.657096 1.97
v 6.54613 1.644388 1.97
v 7.036225 1.608498 1.97
v 6.884303 1.571249 1.97
v 6.886047 1.57102 1.97
v 6.924781 1.57102 1.97
v 6.854199 1.545197 1.97
v 6.854418 1.548594 1.97
v 6.763819 1.556387 1.97
v 6.856146 1.555146 1.97
v 6.859457 1.561018 1.97
v 6.969003 1.592324 1.97
v 6.978397 1.605396 1.97
v 6.984502 1.620672 1.97
v 6.986756 1.63816 1.97
v 6.868618 1.521536 1.97
v 6.863036 1.525506 1.97
v 6.861035 1.527542 1.97
v 6.857284 1.532949 1.97
v 6.855016 1.538786 1.97
v 6.763467 1.539987 1.97
v 6.763819 1.54778 1.97
v 6.657554 1.632274 1.97
v 6.677743 1.634717 1.97
v 6.688197 1.634098 1.97
v 6.929946 1.518514 1.97
v 6.879161 1.518514 1.97
v 6.874312 1.519295 1.97
v 6.94128 1.574322 1.97
v 6.956344 1.581608 1.97
v 6.912731 1.705299 1.97
v 6.554898 1.696696 1.97
v 6.547636 1.677462 1.97
v 6.919617 1.705299 1.97
v 6.973019 1.678803 1.97
v 6.964888 1.687693 1.97
v 6.951623 1.697164 1.97
v 6.936656 1.703108 1.97
v 6.893817 1.757562 1.97
v 6.874281 1.780648 1.97
v 6.676883 1.730261 1.97
v 6.872751 1.782036 1.97
v 6.848592 1.798865 1.97
v 6.690114 1.757615 1.97
v 6.564024 1.70997 1.97
v 6.670172 1.7339 1.97
v 6.91169 1.70997 1.97
v 6.90725 1.729905 1.97
v 6.650853 1.740815 1.97
v 6.631262 1.743172 1.97
v 6.623469 1.74282 1.97
v 6.70945 1.780657 1.97
v 6.821615 1.809255 1.97
v 6.732282 1.797339 1.97
v 6.792224 1.812894 1.97
v 6.760376 1.80877 1.97
v 6.602148 1.738075 1.97
v 6.582793 1.728127 1.97
v 6.566724 1.713898 1.97
v 7.013769 1.70997 1.97
v 7.025531 1.693653 1.97
v 7.033258 1.674474 1.97
v 7.539668 1.518934 1.97
v 7.551103 1.517913 1.97
v 7.539668 1.532736 1.97
v 7.551103 1.674474 1.97
v 7.536913 1.639999 1.97
v 7.536913 1.626073 1.97
v 7.490183 1.573462 1.97
v 7.490183 1.532736 1.97
v 7.512852 1.573462 1.97
v 7.512852 1.532736 1.97
v 7.533478 1.573462 1.97
v 7.533478 1.587327 1.97
v 7.490183 1.626073 1.97
v 7.490183 1.587327 1.97
v 7.512852 1.626073 1.97
v 7.512852 1.587327 1.97
v 7.399492 1.833078 1.97
v 7.371269 1.833078 1.97
v 7.385303 1.832057 1.97
v 7.371269 1.832057 1.97
v 7.338573 1.76552 1.97
v 7.338573 1.724794 1.97
v 7.371269 1.76552 1.97
v 7.371269 1.724794 1.97
v 7.381868 1.76552 1.97
v 7.388058 1.724794 1.97
v 7.381868 1.779385 1.97
v 7.385303 1.81813 1.97
v 7.371269 1.779385 1.97
v 7.371269 1.81813 1.97
v 7.338573 1.779385 1.97
v 7.338573 1.81813 1.97
v 7.399492 1.70997 1.97
v 7.388058 1.710992 1.97
v 7.371269 1.70997 1.97
v 7.371269 1.710992 1.97
v 7.322945 1.710992 1.97
v 7.322945 1.832057 1.97
v 7.551103 1.469955 1.97
v 7.512852 -1.775 1.97
v 7.399492 -1.775 1.97
v 7.371269 -1.775 1.97
v 7.260287 1.519978 1.97
v 7.988377 1.517913 1.97
v 7.664462 1.517913 1.97
v 7.139274 1.639999 1.97
v 7.139274 1.518934 1.97
v 7.206228 1.517913 1.97
v 7.206228 1.469955 1.97
v 7.206228 0.025 1.97
v 7.201632 1.639999 1.97
v 7.206228 1.674474 1.97
v 7.201632 1.626073 1.97
v 7.204386 1.532736 1.97
v 7.204386 1.518934 1.97
v 7.154902 1.573462 1.97
v 7.154902 1.532736 1.97
v 7.198197 1.573462 1.97
v 7.198197 1.587327 1.97
v 7.154902 1.587327 1.97
v 7.154902 1.626073 1.97
v 7.562537 1.518934 1.97
v 7.616652 1.521504 1.97
v 7.595837 1.518934 1.97
v 7.657555 1.558385 1.97
v 7.651423 1.54596 1.97
v 7.642845 1.535893 1.97
v 7.630405 1.526937 1.97
v 7.562537 1.639999 1.97
v 7.597075 1.639999 1.97
v 7.664462 1.674474 1.97
v 7.616348 1.637767 1.97
v 7.630853 1.632265 1.97
v 7.655167 1.60816 1.97
v 7.659414 1.596375 1.97
v 7.661104 1.581014 1.97
v 7.660649 1.57242 1.97
v 7.642845 1.623968 1.97
v 7.647866 1.618956 1.97
v 7.685088 1.518934 1.97
v 7.667819 1.518934 1.97
v 7.759485 1.518934 1.97
v 7.747137 1.552047 1.97
v 7.696724 1.552047 1.97
v 7.713931 1.639999 1.97
v 7.730642 1.639999 1.97
v 7.139274 1.710992 1.97
v 7.139274 1.832057 1.97
v 7.203117 1.710992 1.97
v 7.505945 1.750442 1.97
v 7.499813 1.738018 1.97
v 7.491235 1.727951 1.97
v 7.478795 1.718995 1.97
v 7.445465 1.832057 1.97
v 7.464737 1.829825 1.97
v 7.479243 1.824323 1.97
v 7.465042 1.713562 1.97
v 7.444227 1.710992 1.97
v 7.410927 1.710992 1.97
v 7.410927 1.832057 1.97
v 7.503557 1.800218 1.97
v 7.507804 1.788433 1.97
v 7.509494 1.773072 1.97
v 7.509039 1.764477 1.97
v 7.491235 1.816026 1.97
v 7.496256 1.811014 1.97
v 7.776753 1.518934 1.97
v 7.988377 1.674474 1.97
v 7.988377 1.70997 1.97
v 7.988377 1.833078 1.97
v 8.2 1.517913 1.97
v 8.2 1.674474 1.97
v 8.2 1.70997 1.97
v 8.2 1.833078 1.97
v 7.206228 2.175 1.97
v 8.2 2.175 1.97
v 7.988377 2.175 1.97
v 7.664462 2.175 1.97
v 7.551103 2.175 1.97
v 7.512852 2.175 1.97
v 7.399492 2.175 1.97
v 7.371269 2.175 1.97
v 7.315935 2.175 1.97
v 8.0 2.675 0.97
v 8.0 2.675 0.2
v 7.2 2.675 0.97
v 6.9 2.675 0.2
v 7.2 2.675 1.67
v 6.9 2.675 1.67
v 8.2 2.175 0.6
v 8.2 -1.775 0.6
v 8.0 2.175 0.6
v 8.0 -1.775 0.6
v 7.2 2.175 0.97
v 8.0 2.175 0.97
v 7.8 -1.875 1.92
v 7.8 -2.675 1.92
v 7.8 -1.875 0.5
newmtl 2
Ka 0.2980392156862745 0.2980392156862745 0.2980392156862745
Kd 0.20784313725490197 0.20784313725490197 0.20784313725490197
Ks 0.01568627450980392 0.01568627450980392 0.01568627450980392
d 0.0
endmtl
v 7.8 -2.675 0.5
v 7.3 -1.875 1.92
v 6.3 -1.475 1.92
v -6.3 -1.475 1.92
v -7.8 -2.675 1.92
v -7.8 -1.875 1.92
v -7.3 -1.875 1.92
v -7.3 -1.775 1.92
v -6.3 -0.475 1.92
v -7.3 -0.475 1.92
v 7.3 -0.475 1.92
v 6.3 -0.475 1.92
v 7.3 -1.775 1.92
v 7.3 -1.875 0.5
newmtl 3
Ka 1.0 1.0 1.0
Kd 1.0 1.0 1.0
Ks 0.8784313725490196 0.8784313725490196 0.8784313725490196
d 0.0
endmtl
v 6.4 -2.675 0.5
v 7.3 -1.775 0.5
v 6.4 -1.775 0.5
v 7.3 -0.075 1.52
v 7.3 0.025 1.47
v 7.3 -0.675 1.52
v 7.3 -0.675 1.47
v -7.3 -0.675 1.47
v -7.3 -0.675 1.52
v -6.3 -0.675 1.52
v -5.8 -0.675 1.52
v -5.65 -0.675 1.52
v -5.3 -0.675 1.52
v -5.15 -0.675 1.52
v -4.8 -0.675 1.52
v -4.65 -0.675 1.52
v -4.3 -0.675 1.52
v -4.15 -0.675 1.52
v -3.8 -0.675 1.52
v -3.65 -0.675 1.52
v -3.3 -0.675 1.52
v -3.15 -0.675 1.52
v -2.8 -0.675 1.52
v -2.65 -0.675 1.52
v -2.3 -0.675 1.52
v -2.15 -0.675 1.52
v -1.8 -0.675 1.52
v 2.7 -0.675 1.52
v 2.85 -0.675 1.52
v 5.35 -0.675 1.52
v 5.7 -0.675 1.52
v 4.35 -0.675 1.52
v 4.7 -0.675 1.52
v 4.85 -0.675 1.52
v 5.2 -0.675 1.52
v 5.85 -0.675 1.52
v 6.3 -0.675 1.52
v -1.65 -0.675 1.52
v -1.3 -0.675 1.52
v -1.15 -0.675 1.52
v 3.2 -0.675 1.52
v 3.35 -0.675 1.52
v 3.7 -0.675 1.52
v 3.85 -0.675 1.52
v 4.2 -0.675 1.52
v -0.8 -0.675 1.52
v -0.65 -0.675 1.52
v -0.3 -0.675 1.52
v -0.15 -0.675 1.52
v 0.2 -0.675 1.52
v 0.35 -0.675 1.52
v 0.7 -0.675 1.52
v 0.85 -0.675 1.52
v 1.2 -0.675 1.52
v 1.35 -0.675 1.52
v 1.7 -0.675 1.52
v 1.85 -0.675 1.52
v 2.2 -0.675 1.52
v 2.35 -0.675 1.52
v 5.65 2.675 0.2
v 5.35 2.675 0.2
v 5.65 2.675 1.57
v 5.35 2.675 1.57
v 5.65 2.675 1.67
v 5.35 2.675 1.67
v 5.15 2.675 0.2
v 4.85 2.675 0.2
v 5.15 2.675 1.57
v 4.85 2.675 1.57
v 5.15 2.675 1.67
v 4.85 2.675 1.67
v 4.65 2.675 0.2
v 4.35 2.675 0.2
v 4.65 2.675 1.57
v 4.35 2.675 1.57
v 4.65 2.675 1.67
v 4.35 2.675 1.67
v 3.85 2.675 1.67
v 4.15 2.675 1.67
v 3.85 2.675 1.57
v 4.15 2.675 1.57
v 3.85 2.675 0.2
v 4.15 2.675 0.2
v 3.35 2.675 1.67
v 3.65 2.675 1.67
v 3.35 2.675 1.57
v 3.65 2.675 1.57
v 3.35 2.675 0.2
v 3.65 2.675 0.2
v 2.85 2.675 1.67
v 3.15 2.675 1.67
v 2.85 2.675 1.57
v 3.15 2.675 1.57
v 2.85 2.675 0.2
v 3.15 2.675 0.2
v 2.65 2.675 0.2
v 2.35 2.675 0.2
v 2.65 2.675 1.57
v 2.35 2.675 1.57
v 2.65 2.675 1.67
v 2.35 2.675 1.67
v 2.15 2.675 0.2
v 1.85 2.675 0.2
v 2.15 2.675 1.57
v 1.85 2.675 1.57
v 2.15 2.675 1.67
v 1.85 2.675 1.67
v 1.35 2.675 1.67
v 1.65 2.675 1.67
v 1.35 2.675 1.57
v 1.65 2.675 1.57
v 1.35 2.675 0.2
v 1.65 2.675 0.2
v 0.85 2.675 1.67
v 1.15 2.675 1.67
v 0.85 2.675 1.57
v 1.15 2.675 1.57
v 0.85 2.675 0.2
v 1.15 2.675 0.2
v 0.65 2.675 0.2
v 0.35 2.675 0.2
v 0.65 2.675 1.57
v 0.35 2.675 1.57
v 0.65 2.675 1.67
v 0.35 2.675 1.67
v 0.15 2.675 0.2
v -0.15 2.675 0.2
v 0.15 2.675 1.57
v -0.15 2.675 1.57
v 0.15 2.675 1.67
v -0.15 2.675 1.67
v -0.65 2.675 1.67
v -0.35 2.675 1.67
v -0.65 2.675 1.57
v -0.35 2.675 1.57
v -0.65 2.675 0.2
v -0.35 2.675 0.2
v -1.15 2.675 1.67
v -0.85 2.675 1.67
v -1.15 2.675 1.57
v -0.85 2.675 1.57
v -1.15 2.675 0.2
v -0.85 2.675 0.2
v -1.65 2.675 1.67
v -1.35 2.675 1.67
v -1.65 2.675 1.57
v -1.35 2.675 1.57
v -1.65 2.675 0.2
v -1.35 2.675 0.2
v -2.15 2.675 1.67
v -1.85 2.675 1.67
v -2.15 2.675 1.57
v -1.85 2.675 1.57
v -2.15 2.675 0.2
v -1.85 2.675 0.2
v -2.65 2.675 1.67
v -2.35 2.675 1.67
v -2.65 2.675 1.57
v -2.35 2.675 1.57
v -2.65 2.675 0.2
v -2.35 2.675 0.2
v -3.15 2.675 1.67
v -2.85 2.675 1.67
v -3.15 2.675 1.57
v -2.85 2.675 1.57
v -3.15 2.675 0.2
v -2.85 2.675 0.2
v -3.65 2.675 1.67
v -3.35 2.675 1.67
v -3.65 2.675 1.57
v -3.35 2.675 1.57
v -3.65 2.675 0.2
v -3.35 2.675 0.2
v -4.15 2.675 1.67
v -3.85 2.675 1.67
v -4.15 2.675 1.57
v -3.85 2.675 1.57
v -4.15 2.675 0.2
v -3.85 2.675 0.2
v -4.35 2.675 0.2
v -4.65 2.675 0.2
v -4.35 2.675 1.57
v -4.65 2.675 1.57
v -4.35 2.675 1.67
v -4.65 2.675 1.67
v -5.15 2.675 1.67
v -4.85 2.675 1.67
v -5.15 2.675 1.57
v -4.85 2.675 1.57
v -5.15 2.675 0.2
v -4.85 2.675 0.2
v -5.65 2.675 1.67
v -5.35 2.675 1.67
v -5.65 2.675 1.57
v -5.35 2.675 1.57
v -5.65 2.675 0.2
v -5.35 2.675 0.2
v 5.65 2.175 1.67
v 5.35 2.175 1.67
v 4.85 2.175 1.67
v 5.15 2.175 1.67
v 4.35 2.175 1.67
v 4.65 2.175 1.67
v 3.85 2.175 1.67
v 4.15 2.175 1.67
v 3.35 2.175 1.67
v 3.65 2.175 1.67
v 2.85 2.175 1.67
v 3.15 2.175 1.67
v 2.35 2.175 1.67
v 2.65 2.175 1.67
v 1.85 2.175 1.67
v 2.15 2.175 1.67
v 1.35 2.175 1.67
v 1.65 2.175 1.67
v 0.85 2.175 1.67
v 1.15 2.175 1.67
v 0.35 2.175 1.67
v 0.65 2.175 1.67
v -0.15 2.175 1.67
v 0.15 2.175 1.67
v -0.65 2.175 1.67
v -0.35 2.175 1.67
v -1.15 2.175 1.67
v -0.85 2.175 1.67
v -1.65 2.175 1.67
v -1.35 2.175 1.67
v -2.15 2.175 1.67
v -1.85 2.175 1.67
v -2.65 2.175 1.67
v -2.35 2.175 1.67
v -3.15 2.175 1.67
v -2.85 2.175 1.67
v -3.65 2.175 1.67
v -3.35 2.175 1.67
v -4.15 2.175 1.67
v -3.85 2.175 1.67
v -4.65 2.175 1.67
v -4.35 2.175 1.67
v -5.15 2.175 1.67
v -4.85 2.175 1.67
v -5.65 2.175 1.67
v -5.35 2.175 1.67
v 5.85 2.675 1.67
v 6.5 2.675 1.67
v 5.85 2.675 1.57
v 6.5 2.675 0.2
v 5.85 2.675 0.2
v 6.6 2.575 1.67
v 5.85 2.175 1.67
v 6.6 2.175 1.67
v -6.6 2.175 1.47
v -6.6 2.175 1.67
v -6.6 2.425 1.47
v -6.6 2.575 1.67
v -6.6 2.425 0.2
v -6.6 2.575 0.2
v -6.8 2.425 0.2
v -6.8 2.575 0.2
v -6.8 2.425 1.47
v -6.8 2.575 1.57
v -6.8 2.175 1.47
v -6.8 2.175 1.57
v -5.85 2.675 0.2
v -6.5 2.675 0.2
v -5.85 2.675 1.57
v -6.5 2.675 1.67
v -5.85 2.675 1.67
v 6.6 2.425 1.47
v 6.8 2.425 1.47
v 6.6 2.425 0.2
newmtl 4
Ka 0.6666666666666666 0.6666666666666666 0.6666666666666666
Kd 0.6666666666666666 0.6666666666666666 0.6666666666666666
Ks 0.4666666666666667 0.4666666666666667 0.4666666666666667
d 0.0
endmtl
v 6.8 2.425 0.2
v 6.6 2.425 0.17
v 6.8 2.425 0.17
v 6.9 2.175 1.67
v 7.2 2.175 1.67
v -5.85 2.175 1.67
v -7.2 2.675 1.67
v -6.9 2.675 1.67
v -7.2 2.675 0.97
v -6.9 2.675 0.2
v -8.0 2.675 0.97
v -8.0 2.675 0.2
v -6.6 2.425 0.17
v -6.8 2.425 0.17
v -6.9 2.175 1.67
v -7.2 2.175 1.67
v -7.2 2.175 0.97
v 6.3 -1.475 1.52
v -6.3 -1.475 1.52
v 5.7 -0.375 1.72
v 5.85 -0.375 1.72
v 5.35 -0.375 1.52
v 5.2 -0.375 1.52
v 5.025 -0.375 1.495
v 6.2 -0.375 1.495
v 5.85 -0.375 1.52
v 5.7 -0.375 1.52
v 5.025 -0.375 1.97
v 5.2 -0.375 1.72
v 5.35 -0.375 1.72
v 6.2 -0.375 1.47
v 4.7 -0.375 1.72
v 4.525 -0.375 1.97
v 4.7 -0.375 1.52
v 4.525 -0.375 1.495
v 4.85 -0.375 1.52
v 4.85 -0.375 1.72
v 4.35 -0.375 1.52
v 4.2 -0.375 1.52
v 4.35 -0.375 1.72
v 4.2 -0.375 1.72
v 4.025 -0.375 1.97
v 4.025 -0.375 1.495
v 3.85 -0.375 1.52
v 3.7 -0.375 1.52
v 3.85 -0.375 1.72
v 3.7 -0.375 1.72
v 3.525 -0.375 1.97
v 3.525 -0.375 1.495
v 3.35 -0.375 1.52
v 3.2 -0.375 1.52
v 3.35 -0.375 1.72
v 3.2 -0.375 1.72
v 3.025 -0.375 1.97
v 3.025 -0.375 1.495
v 2.2 -0.375 1.72
v 2.025 -0.375 1.97
v 2.2 -0.375 1.52
v 2.025 -0.375 1.495
v 2.35 -0.375 1.52
v 2.7 -0.375 1.52
v 2.35 -0.375 1.72
v 2.7 -0.375 1.72
v 2.85 -0.375 1.72
v 2.85 -0.375 1.52
v 1.85 -0.375 1.52
v 1.7 -0.375 1.52
v 1.85 -0.375 1.72
v 1.7 -0.375 1.72
v 1.525 -0.375 1.97
v 1.525 -0.375 1.495
v 1.35 -0.375 1.52
v 1.2 -0.375 1.52
v 1.35 -0.375 1.72
v 1.2 -0.375 1.72
v 1.025 -0.375 1.97
v 1.025 -0.375 1.495
v 0.85 -0.375 1.52
v 0.7 -0.375 1.52
v 0.85 -0.375 1.72
v 0.7 -0.375 1.72
v 0.525 -0.375 1.97
v 0.525 -0.375 1.495
v 0.35 -0.375 1.52
v 0.2 -0.375 1.52
v 0.35 -0.375 1.72
v 0.2 -0.375 1.72
v 0.025 -0.375 1.97
v 0.025 -0.375 1.495
v -0.8 -0.375 1.72
v -0.975 -0.375 1.97
v -0.8 -0.375 1.52
v -0.975 -0.375 1.495
v -0.65 -0.375 1.52
v -0.3 -0.375 1.52
v -0.65 -0.375 1.72
v -0.3 -0.375 1.72
v -0.15 -0.375 1.72
v -0.15 -0.375 1.52
v -1.15 -0.375 1.52
v -1.3 -0.375 1.52
v -1.15 -0.375 1.72
v -1.3 -0.375 1.72
v -1.475 -0.375 1.97
v -1.475 -0.375 1.495
v -1.65 -0.375 1.52
v -1.8 -0.375 1.52
v -1.65 -0.375 1.72
v -1.8 -0.375 1.72
v -1.975 -0.375 1.97
v -1.975 -0.375 1.495
v -2.15 -0.375 1.52
v -2.3 -0.375 1.52
v -2.15 -0.375 1.72
v -2.3 -0.375 1.72
v -2.475 -0.375 1.97
v -2.475 -0.375 1.495
v -2.65 -0.375 1.52
v -2.8 -0.375 1.52
v -2.65 -0.375 1.72
v -2.8 -0.375 1.72
v -2.975 -0.375 1.97
v -2.975 -0.375 1.495
v -3.8 -0.375 1.72
v -3.975 -0.375 1.97
v -3.8 -0.375 1.52
v -3.975 -0.375 1.495
v -3.65 -0.375 1.52
v -3.3 -0.375 1.52
v -3.65 -0.375 1.72
v -3.3 -0.375 1.72
v -3.15 -0.375 1.72
v -3.15 -0.375 1.52
v -4.15 -0.375 1.52
v -4.3 -0.375 1.52
v -4.15 -0.375 1.72
v -4.3 -0.375 1.72
v -4.475 -0.375 1.97
v -4.475 -0.375 1.495
v -4.8 -0.375 1.72
v -4.975 -0.375 1.97
v -4.8 -0.375 1.52
v -4.975 -0.375 1.495
v -4.65 -0.375 1.52
v -4.65 -0.375 1.72
v -5.15 -0.375 1.52
v -5.3 -0.375 1.52
v -5.15 -0.375 1.72
v -5.3 -0.375 1.72
v -5.475 -0.375 1.97
v -5.475 -0.375 1.495
v -6.0 -0.375 1.495
v -5.8 -0.375 1.52
v -5.65 -0.375 1.52
v -5.65 -0.375 1.72
v -5.8 -0.375 1.72
v -6.0 -0.375 1.97
v -6.2 -0.375 1.495
v 5.025 -0.375 1.47
v 4.525 -0.375 1.47
v 4.025 -0.375 1.47
v 3.525 -0.375 1.47
v 3.025 -0.375 1.47
v 2.025 -0.375 1.47
v 1.525 -0.375 1.47
v 1.025 -0.375 1.47
v 0.525 -0.375 1.47
v 0.025 -0.375 1.47
v -0.975 -0.375 1.47
v -1.475 -0.375 1.47
v -1.975 -0.375 1.47
v -2.475 -0.375 1.47
v -2.975 -0.375 1.47
v -3.975 -0.375 1.47
v -4.475 -0.375 1.47
v -4.975 -0.375 1.47
v -5.475 -0.375 1.47
v -6.0 -0.375 1.47
v -6.2 -0.375 1.47
v -8.2 -1.775 0.6
v -8.2 2.175 0.6
v 6.6 -0.075 0.17
v 6.6 -0.075 0.2
v 6.6 -1.775 0.2
v 6.6 2.375 0.17
v 6.6 0.925 0.17
v 6.6 2.375 0.0
v 6.6 -1.775 -0.0
v 6.606815 0.925 0.118236
v 6.8 0.925 0.17
v 6.626795 0.925 0.07
v 7.86 0.925 0.17
v 7.86 0.925 -0.03
v 6.8 0.925 -0.03
v 6.748236 0.925 -0.023185
v 6.7 0.925 -0.003205
v 6.658579 0.925 0.028579
v -6.6 -1.775 0.2
v -6.6 -0.075 0.2
v -6.6 -1.775 -0.0
v -6.6 -0.075 0.17
v -6.6 2.375 0.0
v -6.6 0.925 0.17
v -6.6 2.375 0.17
v -7.86 0.925 -0.03
v -7.86 0.925 0.17
v -6.8 0.925 -0.03
v -6.8 0.925 0.17
v -6.606815 0.925 0.118236
v -6.626795 0.925 0.07
v -6.658579 0.925 0.028579
v -6.7 0.925 -0.003205
v -6.748236 0.925 -0.023185
v 6.6 2.375 0.2
v 5.85 2.375 0.2
v 6.6 2.575 0.2
v 6.8 2.575 0.2
v 6.8 -0.075 0.2
v 8.0 -1.775 0.2
v -5.85 2.375 0.2
v -6.6 2.375 0.2
v -6.39 1.225 1.45
v -5.85 1.225 1.45
v -5.85 1.215 1.45
v -6.39 -1.775 1.45
v -5.65 1.215 1.45
v 6.39 -1.775 1.45
v -5.15 1.215 1.45
v -5.15 1.225 1.45
v -4.85 1.225 1.45
v -4.85 1.215 1.45
v -4.65 1.215 1.45
v -5.35 1.215 1.45
v -5.35 1.225 1.45
v -5.65 1.225 1.45
v -4.15 1.215 1.45
v -4.15 1.225 1.45
v -3.85 1.225 1.45
v -3.85 1.215 1.45
v -3.65 1.215 1.45
v -4.35 1.215 1.45
v -4.35 1.225 1.45
v -4.65 1.225 1.45
v -3.15 1.215 1.45
v -3.15 1.225 1.45
v -2.85 1.225 1.45
v -2.85 1.215 1.45
v -2.65 1.215 1.45
v -3.35 1.215 1.45
v -3.35 1.225 1.45
v -3.65 1.225 1.45
v -2.15 1.215 1.45
v -2.15 1.225 1.45
v -1.85 1.225 1.45
v -1.85 1.215 1.45
v -1.65 1.215 1.45
v -2.35 1.215 1.45
v -2.35 1.225 1.45
v -2.65 1.225 1.45
v -1.15 1.215 1.45
v -1.15 1.225 1.45
v -0.85 1.225 1.45
v -0.85 1.215 1.45
v -0.65 1.215 1.45
v -1.35 1.215 1.45
v -1.35 1.225 1.45
v -1.65 1.225 1.45
v -0.15 1.215 1.45
v -0.15 1.225 1.45
v 0.15 1.225 1.45
v 0.15 1.215 1.45
v 0.35 1.215 1.45
v -0.35 1.215 1.45
v -0.35 1.225 1.45
v -0.65 1.225 1.45
v 0.85 1.215 1.45
v 0.85 1.225 1.45
v 1.15 1.225 1.45
v 1.15 1.215 1.45
v 1.35 1.215 1.45
v 0.65 1.215 1.45
v 0.65 1.225 1.45
v 0.35 1.225 1.45
v 1.85 1.215 1.45
v 1.85 1.225 1.45
v 2.15 1.225 1.45
v 2.15 1.215 1.45
v 2.35 1.215 1.45
v 1.65 1.215 1.45
v 1.65 1.225 1.45
v 1.35 1.225 1.45
v 2.85 1.215 1.45
v 2.85 1.225 1.45
v 3.15 1.225 1.45
v 3.15 1.215 1.45
v 3.35 1.215 1.45
v 2.65 1.215 1.45
v 2.65 1.225 1.45
v 2.35 1.225 1.45
v 3.85 1.215 1.45
v 3.85 1.225 1.45
v 4.15 1.225 1.45
v 4.15 1.215 1.45
v 4.35 1.215 1.45
v 3.65 1.215 1.45
v 3.65 1.225 1.45
v 3.35 1.225 1.45
v 4.85 1.215 1.45
v 4.85 1.225 1.45
v 5.15 1.225 1.45
v 5.15 1.215 1.45
v 5.35 1.215 1.45
v 4.65 1.215 1.45
v 4.65 1.225 1.45
v 4.35 1.225 1.45
v 5.85 1.225 1.45
v 6.39 1.225 1.45
v 5.85 1.215 1.45
v 5.65 1.215 1.45
v 5.65 1.225 1.45
v 5.35 1.225 1.45
v -5.86 1.225 0.3
v -5.85 1.225 0.3
v -5.86 1.225 0.45
v -6.39 1.225 0.45
v -5.64 1.225 0.3
v -5.65 1.225 0.3
v -5.65 -1.350489 0.3
v -5.85 -1.350489 0.3
v -5.86 -1.775 0.3
v -5.64 -1.775 0.3
v -5.64 1.225 0.45
v -5.36 1.225 0.3
v -5.35 1.225 0.3
v -5.36 1.225 0.45
v -5.14 1.225 0.3
v -5.15 1.225 0.3
v -5.15 -1.350489 0.3
v -5.35 -1.350489 0.3
v -5.36 -1.775 0.3
v -5.14 -1.775 0.3
v -5.14 1.225 0.45
v -4.86 1.225 0.3
v -4.85 1.225 0.3
v -4.86 1.225 0.45
v -4.64 1.225 0.3
v -4.65 1.225 0.3
v -4.65 -1.350489 0.3
v -4.85 -1.350489 0.3
v -4.86 -1.775 0.3
v -4.64 -1.775 0.3
v -4.64 1.225 0.45
v -4.36 1.225 0.3
v -4.35 1.225 0.3
v -4.36 1.225 0.45
v -4.14 1.225 0.3
v -4.15 1.225 0.3
v -4.15 -1.350489 0.3
v -4.35 -1.350489 0.3
v -4.36 -1.775 0.3
v -4.14 -1.775 0.3
v -4.14 1.225 0.45
v -3.86 1.225 0.3
v -3.85 1.225 0.3
v -3.86 1.225 0.45
v -3.64 1.225 0.3
v -3.65 1.225 0.3
v -3.65 -1.350489 0.3
v -3.85 -1.350489 0.3
v -3.86 -1.775 0.3
v -3.64 -1.775 0.3
v -3.64 1.225 0.45
v -3.36 1.225 0.3
v -3.35 1.225 0.3
v -3.36 1.225 0.45
v -3.14 1.225 0.3
v -3.15 1.225 0.3
v -3.15 -1.350489 0.3
v -3.35 -1.350489 0.3
v -3.36 -1.775 0.3
v -3.14 -1.775 0.3
v -3.14 1.225 0.45
v -2.86 1.225 0.3
v -2.85 1.225 0.3
v -2.86 1.225 0.45
v -2.64 1.225 0.3
v -2.65 1.225 0.3
v -2.65 -1.350489 0.3
v -2.85 -1.350489 0.3
v -2.86 -1.775 0.3
v -2.64 -1.775 0.3
v -2.64 1.225 0.45
v -2.36 1.225 0.3
v -2.35 1.225 0.3
v -2.36 1.225 0.45
v -2.14 1.225 0.3
v -2.15 1.225 0.3
v -2.15 -1.350489 0.3
v -2.35 -1.350489 0.3
v -2.36 -1.775 0.3
v -2.14 -1.775 0.3
v -2.14 1.225 0.45
v -1.86 1.225 0.3
v -1.85 1.225 0.3
v -1.86 1.225 0.45
v -1.64 1.225 0.3
v -1.65 1.225 0.3
v -1.65 -1.350489 0.3
v -1.85 -1.350489 0.3
v -1.86 -1.775 0.3
v -1.64 -1.775 0.3
v -1.64 1.225 0.45
v -1.36 1.225 0.3
v -1.35 1.225 0.3
v -1.36 1.225 0.45
v -1.14 1.225 0.3
v -1.15 1.225 0.3
v -1.15 -1.350489 0.3
v -1.35 -1.350489 0.3
v -1.36 -1.775 0.3
v -1.14 -1.775 0.3
v -1.14 1.225 0.45
v -0.86 1.225 0.3
v -0.85 1.225 0.3
v -0.86 1.225 0.45
v -0.64 1.225 0.3
v -0.65 1.225 0.3
v -0.65 -1.350489 0.3
v -0.85 -1.350489 0.3
v -0.86 -1.775 0.3
v -0.64 -1.775 0.3
v -0.64 1.225 0.45
v -0.36 1.225 0.3
v -0.35 1.225 0.3
v -0.36 1.225 0.45
v -0.14 1.225 0.3
v -0.15 1.225 0.3
v -0.15 -1.350489 0.3
v -0.35 -1.350489 0.3
v -0.36 -1.775 0.3
v -0.14 -1.775 0.3
v -0.14 1.225 0.45
v 0.14 1.225 0.3
v 0.15 1.225 0.3
v 0.14 1.225 0.45
v 0.36 1.225 0.3
v 0.35 1.225 0.3
v 0.35 -1.350489 0.3
v 0.15 -1.350489 0.3
v 0.14 -1.775 0.3
v 0.36 -1.775 0.3
v 0.36 1.225 0.45
v 0.64 1.225 0.3
v 0.65 1.225 0.3
v 0.64 1.225 0.45
v 0.86 1.225 0.3
v 0.85 1.225 0.3
v 0.85 -1.350489 0.3
v 0.65 -1.350489 0.3
v 0.64 -1.775 0.3
v 0.86 -1.775 0.3
v 0.86 1.225 0.45
v 1.14 1.225 0.3
v 1.15 1.225 0.3
v 1.14 1.225 0.45
v 1.36 1.225 0.3
v 1.35 1.225 0.3
v 1.35 -1.350489 0.3
v 1.15 -1.350489 0.3
v 1.14 -1.775 0.3
v 1.36 -1.775 0.3
v 1.36 1.225 0.45
v 1.64 1.225 0.3
v 1.65 1.225 0.3
v 1.64 1.225 0.45
v 1.86 1.225 0.3
v 1.85 1.225 0.3
v 1.85 -1.350489 0.3
v 1.65 -1.350489 0.3
v 1.64 -1.775 0.3
v 1.86 -1.775 0.3
v 1.86 1.225 0.45
v 2.14 1.225 0.3
v 2.15 1.225 0.3
v 2.14 1.225 0.45
v 2.36 1.225 0.3
v 2.35 1.225 0.3
v 2.35 -1.350489 0.3
v 2.15 -1.350489 0.3
v 2.14 -1.775 0.3
v 2.36 -1.775 0.3
v 2.36 1.225 0.45
v 2.64 1.225 0.3
v 2.65 1.225 0.3
v 2.64 1.225 0.45
v 2.86 1.225 0.3
v 2.85 1.225 0.3
v 2.85 -1.350489 0.3
v 2.65 -1.350489 0.3
v 2.64 -1.775 0.3
v 2.86 -1.775 0.3
v 2.86 1.225 0.45
v 3.14 1.225 0.3
v 3.15 1.225 0.3
v 3.14 1.225 0.45
v 3.36 1.225 0.3
v 3.35 1.225 0.3
v 3.35 -1.350489 0.3
v 3.15 -1.350489 0.3
v 3.14 -1.775 0.3
v 3.36 -1.775 0.3
v 3.36 1.225 0.45
v 3.64 1.225 0.3
v 3.65 1.225 0.3
v 3.64 1.225 0.45
v 3.86 1.225 0.3
v 3.85 1.225 0.3
v 3.85 -1.350489 0.3
v 3.65 -1.350489 0.3
v 3.64 -1.775 0.3
v 3.86 -1.775 0.3
v 3.86 1.225 0.45
v 4.14 1.225 0.3
v 4.15 1.225 0.3
v 4.14 1.225 0.45
v 4.36 1.225 0.3
v 4.35 1.225 0.3
v 4.35 -1.350489 0.3
v 4.15 -1.350489 0.3
v 4.14 -1.775 0.3
v 4.36 -1.775 0.3
v 4.36 1.225 0.45
v 4.64 1.225 0.3
v 4.65 1.225 0.3
v 4.64 1.225 0.45
v 4.86 1.225 0.3
v 4.85 1.225 0.3
v 4.85 -1.350489 0.3
v 4.65 -1.350489 0.3
v 4.64 -1.775 0.3
v 4.86 -1.775 0.3
v 4.86 1.225 0.45
v 5.14 1.225 0.3
v 5.15 1.225 0.3
v 5.14 1.225 0.45
v 5.36 1.225 0.3
v 5.35 1.225 0.3
v 5.35 -1.350489 0.3
v 5.15 -1.350489 0.3
v 5.14 -1.775 0.3
v 5.36 -1.775 0.3
v 5.36 1.225 0.45
v 5.64 1.225 0.3
v 5.65 1.225 0.3
v 5.64 1.225 0.45
v 5.86 1.225 0.3
v 5.85 1.225 0.3
v 5.85 -1.350489 0.3
v 5.65 -1.350489 0.3
v 5.64 -1.775 0.3
v 5.86 -1.775 0.3
v 5.14 -1.775 0.45
v 4.86 -1.775 0.45
v 4.64 -1.775 0.45
v 4.36 -1.775 0.45
v 4.14 -1.775 0.45
v 3.86 -1.775 0.45
v 3.64 -1.775 0.45
v 3.36 -1.775 0.45
v 3.14 -1.775 0.45
v 2.86 -1.775 0.45
v 2.64 -1.775 0.45
v 2.36 -1.775 0.45
v 2.14 -1.775 0.45
v 1.86 -1.775 0.45
v 1.64 -1.775 0.45
v 1.36 -1.775 0.45
v 1.14 -1.775 0.45
v 0.86 -1.775 0.45
v 0.64 -1.775 0.45
v 0.36 -1.775 0.45
v 0.14 -1.775 0.45
v -0.14 -1.775 0.45
v -0.36 -1.775 0.45
v -0.64 -1.775 0.45
v -0.86 -1.775 0.45
v -1.14 -1.775 0.45
v -1.36 -1.775 0.45
v -1.64 -1.775 0.45
v -1.86 -1.775 0.45
v -2.14 -1.775 0.45
v -2.36 -1.775 0.45
v -2.64 -1.775 0.45
v -2.86 -1.775 0.45
v -3.14 -1.775 0.45
v -3.36 -1.775 0.45
v -3.64 -1.775 0.45
v -3.86 -1.775 0.45
v -4.14 -1.775 0.45
v -4.36 -1.775 0.45
v -4.64 -1.775 0.45
v -4.86 -1.775 0.45
v -5.14 -1.775 0.45
v -5.36 -1.775 0.45
v -5.64 -1.775 0.45
v -5.86 -1.775 0.45
v -6.39 -1.775 0.45
v 5.36 -1.775 0.45
v 5.64 -1.775 0.45
v 4.785641 -2.575 0.97
v 3.65427 -1.775 0.97
v 6.4 -2.575 0.97
v 6.39 -1.775 0.97
v 6.4 -1.775 0.97
v -3.659808 -2.575 1.62
v -6.4 -2.575 1.62
v -4.785641 -2.575 0.97
v -6.4 -2.575 0.97
v 6.39 -1.775 0.45
v 5.86 -1.775 0.45
v -6.39 -1.775 0.97
v -6.4 -1.775 0.5
v -6.4 -1.775 0.97
v -7.3 -1.775 0.5
v -8.0 -1.775 0.6
v -8.0 -1.775 0.2
v -6.4 -2.675 1.62
v -6.4 -2.675 0.5
v 6.4 -2.675 1.62
v 6.4 -2.575 1.62
v -7.3 -1.875 0.5
v -7.8 -1.875 0.5
v -7.8 -2.675 0.5
v -5.35 2.375 0.2
v -5.65 2.375 0.2
v -4.85 2.375 0.2
v -5.15 2.375 0.2
v -4.35 2.375 0.2
v -4.65 2.375 0.2
v -3.85 2.375 0.2
v -4.15 2.375 0.2
v -3.35 2.375 0.2
v -3.65 2.375 0.2
v -2.85 2.375 0.2
v -3.15 2.375 0.2
v -2.35 2.375 0.2
v -2.65 2.375 0.2
v -1.85 2.375 0.2
v -2.15 2.375 0.2
v -1.35 2.375 0.2
v -1.65 2.375 0.2
v -0.85 2.375 0.2
v -1.15 2.375 0.2
v -0.35 2.375 0.2
v -0.65 2.375 0.2
v 0.15 2.375 0.2
v -0.15 2.375 0.2
v 0.65 2.375 0.2
v 0.35 2.375 0.2
v 1.15 2.375 0.2
v 0.85 2.375 0.2
v 1.65 2.375 0.2
v 1.35 2.375 0.2
v 2.15 2.375 0.2
v 1.85 2.375 0.2
v 2.65 2.375 0.2
v 2.35 2.375 0.2
v 3.15 2.375 0.2
v 2.85 2.375 0.2
v 3.65 2.375 0.2
v 3.35 2.375 0.2
v 4.15 2.375 0.2
v 3.85 2.375 0.2
v 4.65 2.375 0.2
v 4.35 2.375 0.2
v 5.15 2.375 0.2
v 4.85 2.375 0.2
v 5.65 2.375 0.2
v 5.35 2.375 0.2
v 6.6 2.175 1.47
v -6.8 -0.075 0.2
v -7.3 -0.075 1.52
v -7.3 0.025 1.47
v 7.910256 0.658337 -0.03
v 7.857214 0.630213 -0.03
v 7.812408 0.590255 -0.03
v 7.778419 0.540766 -0.03
v 7.995572 0.754075 -0.03
v 7.983524 0.723114 -0.03
v 7.757209 0.484602 -0.03
v 7.75 0.425 -0.03
v 6.8 -0.075 -0.03
v 7.757209 0.365398 -0.03
v 7.778419 0.309234 -0.03
v 7.812408 0.259745 -0.03
v 7.86 -0.075 -0.03
v 7.895912 0.920316 -0.03
v 7.994788 0.822844 -0.03
v 7.999986 0.787003 -0.03
v 7.929421 0.906576 -0.03
v 7.958284 0.884701 -0.03
v 7.98057 0.856153 -0.03
v 7.964521 0.695863 -0.03
v 7.93963 0.673858 -0.03
v 7.857214 0.219787 -0.03
v 7.910256 0.191663 -0.03
v 7.93963 0.176142 -0.03
v 7.964521 0.154137 -0.03
v 7.983524 0.126886 -0.03
v 7.995572 0.095925 -0.03
v 7.929421 -0.056576 -0.03
v 7.994788 0.027156 -0.03
v 7.958284 -0.034701 -0.03
v 7.98057 -0.006153 -0.03
v 7.999986 0.062997 -0.03
v 7.895912 -0.070316 -0.03
v 6.748236 -0.075 -0.023185
v 6.7 -0.075 -0.003205
v 6.658579 -0.075 0.028579
v 6.626795 -0.075 0.07
v 6.606815 -0.075 0.118236
v 6.8 -0.075 0.17
v 7.812408 0.259745 0.17
v 7.857214 0.219787 0.17
v 7.86 -0.075 0.17
v 7.910256 0.191663 0.17
v 7.995572 0.095925 0.17
v 7.983524 0.126886 0.17
v 7.778419 0.309234 0.17
v 7.757209 0.365398 0.17
v 7.75 0.425 0.17
v 7.757209 0.484602 0.17
v 7.778419 0.540766 0.17
v 7.812408 0.590255 0.17
v 7.895912 -0.070316 0.17
v 7.994788 0.027156 0.17
v 7.999986 0.062997 0.17
v 7.929421 -0.056576 0.17
v 7.958284 -0.034701 0.17
v 7.98057 -0.006153 0.17
v 7.964521 0.154137 0.17
v 7.93963 0.176142 0.17
v 7.857214 0.630213 0.17
v 7.910256 0.658337 0.17
v 7.93963 0.673858 0.17
v 7.964521 0.695863 0.17
v 7.983524 0.723114 0.17
v 7.995572 0.754075 0.17
v 7.929421 0.906576 0.17
v 7.994788 0.822844 0.17
v 7.958284 0.884701 0.17
v 7.98057 0.856153 0.17
v 7.999986 0.787003 0.17
v 7.895912 0.920316 0.17
v -7.778419 0.309234 -0.03
v -7.757209 0.365398 -0.03
v -6.8 -0.075 -0.03
v -7.757209 0.484602 -0.03
v -7.778419 0.540766 -0.03
v -7.812408 0.590255 -0.03
v -7.910256 0.191663 -0.03
v -7.857214 0.219787 -0.03
v -7.86 -0.075 -0.03
v -7.75 0.425 -0.03
v -7.812408 0.259745 -0.03
v -7.995572 0.095925 -0.03
v -7.983524 0.126886 -0.03
v -7.857214 0.630213 -0.03
v -7.910256 0.658337 -0.03
v -7.93963 0.673858 -0.03
v -7.964521 0.695863 -0.03
v -7.983524 0.723114 -0.03
v -7.995572 0.754075 -0.03
v -7.929421 0.906576 -0.03
v -7.994788 0.822844 -0.03
v -7.958284 0.884701 -0.03
v -7.98057 0.856153 -0.03
v -7.999986 0.787003 -0.03
v -7.895912 0.920316 -0.03
v -7.895912 -0.070316 -0.03
v -7.994788 0.027156 -0.03
v -7.999986 0.062997 -0.03
v -7.929421 -0.056576 -0.03
v -7.958284 -0.034701 -0.03
v -7.98057 -0.006153 -0.03
v -7.964521 0.154137 -0.03
v -7.93963 0.176142 -0.03
v -7.910256 0.658337 0.17
v -7.857214 0.630213 0.17
v -7.812408 0.590255 0.17
v -7.778419 0.540766 0.17
v -7.757209 0.365398 0.17
v -6.8 -0.075 0.17
v -7.75 0.425 0.17
v -7.757209 0.484602 0.17
v -7.995572 0.754075 0.17
v -7.983524 0.723114 0.17
v -7.778419 0.309234 0.17
v -7.812408 0.259745 0.17
v -7.86 -0.075 0.17
v -7.895912 0.920316 0.17
v -7.994788 0.822844 0.17
v -7.999986 0.787003 0.17
v -7.929421 0.906576 0.17
v -7.958284 0.884701 0.17
v -7.98057 0.856153 0.17
v -7.964521 0.695863 0.17
v -7.93963 0.673858 0.17
v -7.857214 0.219787 0.17
v -7.910256 0.191663 0.17
v -7.93963 0.176142 0.17
v -7.964521 0.154137 0.17
v -7.983524 0.126886 0.17
v -7.995572 0.095925 0.17
v -7.929421 -0.056576 0.17
v -7.994788 0.027156 0.17
v -7.958284 -0.034701 0.17
v -7.98057 -0.006153 0.17
v -7.999986 0.062997 0.17
v -7.895912 -0.070316 0.17
v -6.606815 -0.075 0.118236
v -6.626795 -0.075 0.07
v -6.658579 -0.075 0.028579
v -6.7 -0.075 -0.003205
v -6.748236 -0.075 -0.023185
v 5.85 2.676 1.57
v 5.85 2.676 0.428936
v 5.85 2.925 0.22
v 5.85 2.575 -0.03
v 5.85 3.425 -0.03
v 5.85 3.425 0.12
v 5.85 3.325 0.22
v 5.85 3.421592 0.145882
v 5.85 3.411602 0.17
v 5.85 3.395711 0.190711
v 5.85 3.375 0.206603
v 5.85 3.350882 0.216593
v 5.65 2.575 -0.03
v 5.65 2.925 0.22
v 5.65 2.676 0.428936
v 5.65 2.676 1.57
v 5.65 3.425 -0.03
v 5.65 3.425 0.12
v 5.65 3.325 0.22
v 5.65 3.421592 0.145882
v 5.65 3.375 0.206603
v 5.65 3.395711 0.190711
v 5.65 3.411602 0.17
v 5.65 3.350882 0.216593
v 5.35 2.676 1.57
v 5.35 2.676 0.428936
v 5.35 2.925 0.22
v 5.35 2.575 -0.03
v 5.35 3.425 -0.03
v 5.35 3.425 0.12
v 5.35 3.325 0.22
v 5.35 3.421592 0.145882
v 5.35 3.411602 0.17
v 5.35 3.395711 0.190711
v 5.35 3.375 0.206603
v 5.35 3.350882 0.216593
v 5.15 2.575 -0.03
v 5.15 2.925 0.22
v 5.15 2.676 0.428936
v 5.15 2.676 1.57
v 5.15 3.425 -0.03
v 5.15 3.425 0.12
v 5.15 3.325 0.22
v 5.15 3.421592 0.145882
v 5.15 3.375 0.206603
v 5.15 3.395711 0.190711
v 5.15 3.411602 0.17
v 5.15 3.350882 0.216593
v 4.85 2.676 1.57
v 4.85 2.676 0.428936
v 4.85 2.925 0.22
v 4.85 2.575 -0.03
v 4.85 3.425 -0.03
v 4.85 3.425 0.12
v 4.85 3.325 0.22
v 4.85 3.421592 0.145882
v 4.85 3.411602 0.17
v 4.85 3.395711 0.190711
v 4.85 3.375 0.206603
v 4.85 3.350882 0.216593
v 4.65 2.575 -0.03
v 4.65 2.925 0.22
v 4.65 2.676 0.428936
v 4.65 2.676 1.57
v 4.65 3.425 -0.03
v 4.65 3.425 0.12
v 4.65 3.325 0.22
v 4.65 3.421592 0.145882
v 4.65 3.375 0.206603
v 4.65 3.395711 0.190711
v 4.65 3.411602 0.17
v 4.65 3.350882 0.216593
v 4.35 2.676 1.57
v 4.35 2.676 0.428936
v 4.35 2.925 0.22
v 4.35 2.575 -0.03
v 4.35 3.425 -0.03
v 4.35 3.425 0.12
v 4.35 3.325 0.22
v 4.35 3.421592 0.145882
v 4.35 3.411602 0.17
v 4.35 3.395711 0.190711
v 4.35 3.375 0.206603
v 4.35 3.350882 0.216593
v 4.15 2.575 -0.03
v 4.15 2.925 0.22
v 4.15 2.676 0.428936
v 4.15 2.676 1.57
v 4.15 3.425 -0.03
v 4.15 3.425 0.12
v 4.15 3.325 0.22
v 4.15 3.421592 0.145882
v 4.15 3.375 0.206603
v 4.15 3.395711 0.190711
v 4.15 3.411602 0.17
v 4.15 3.350882 0.216593
v 3.85 2.676 1.57
v 3.85 2.676 0.428936
v 3.85 2.925 0.22
v 3.85 2.575 -0.03
v 3.85 3.425 -0.03
v 3.85 3.425 0.12
v 3.85 3.325 0.22
v 3.85 3.421592 0.145882
v 3.85 3.411602 0.17
v 3.85 3.395711 0.190711
v 3.85 3.375 0.206603
v 3.85 3.350882 0.216593
v 3.65 2.575 -0.03
v 3.65 2.925 0.22
v 3.65 2.676 0.428936
v 3.65 2.676 1.57
v 3.65 3.425 -0.03
v 3.65 3.425 0.12
v 3.65 3.325 0.22
v 3.65 3.421592 0.145882
v 3.65 3.375 0.206603
v 3.65 3.395711 0.190711
v 3.65 3.411602 0.17
v 3.65 3.350882 0.216593
v 3.35 2.676 1.57
v 3.35 2.676 0.428936
v 3.35 2.925 0.22
v 3.35 2.575 -0.03
v 3.35 3.425 -0.03
v 3.35 3.425 0.12
v 3.35 3.325 0.22
v 3.35 3.421592 0.145882
v 3.35 3.411602 0.17
v 3.35 3.395711 0.190711
v 3.35 3.375 0.206603
v 3.35 3.350882 0.216593
v 3.15 2.575 -0.03
v 3.15 2.925 0.22
v 3.15 2.676 0.428936
v 3.15 2.676 1.57
v 3.15 3.425 -0.03
v 3.15 3.425 0.12
v 3.15 3.325 0.22
v 3.15 3.421592 0.145882
v 3.15 3.375 0.206603
v 3.15 3.395711 0.190711
v 3.15 3.411602 0.17
v 3.15 3.350882 0.216593
v 2.85 2.676 1.57
v 2.85 2.676 0.428936
v 2.85 2.925 0.22
v 2.85 2.575 -0.03
v 2.85 3.425 -0.03
v 2.85 3.425 0.12
v 2.85 3.325 0.22
v 2.85 3.421592 0.145882
v 2.85 3.411602 0.17
v 2.85 3.395711 0.190711
v 2.85 3.375 0.206603
v 2.85 3.350882 0.216593
v 2.65 2.575 -0.03
v 2.65 2.925 0.22
v 2.65 2.676 0.428936
v 2.65 2.676 1.57
v 2.65 3.425 -0.03
v 2.65 3.425 0.12
v 2.65 3.325 0.22
v 2.65 3.421592 0.145882
v 2.65 3.375 0.206603
v 2.65 3.395711 0.190711
v 2.65 3.411602 0.17
v 2.65 3.350882 0.216593
v 2.35 2.676 1.57
v 2.35 2.676 0.428936
v 2.35 2.925 0.22
v 2.35 2.575 -0.03
v 2.35 3.425 -0.03
v 2.35 3.425 0.12
v 2.35 3.325 0.22
v 2.35 3.421592 0.145882
v 2.35 3.411602 0.17
v 2.35 3.395711 0.190711
v 2.35 3.375 0.206603
v 2.35 3.350882 0.216593
v 2.15 2.575 -0.03
v 2.15 2.925 0.22
v 2.15 2.676 0.428936
v 2.15 2.676 1.57
v 2.15 3.425 -0.03
v 2.15 3.425 0.12
v 2.15 3.325 0.22
v 2.15 3.421592 0.145882
v 2.15 3.375 0.206603
v 2.15 3.395711 0.190711
v 2.15 3.411602 0.17
v 2.15 3.350882 0.216593
v 1.85 2.676 1.57
v 1.85 2.676 0.428936
v 1.85 2.925 0.22
v 1.85 2.575 -0.03
v 1.85 3.425 -0.03
v 1.85 3.425 0.12
v 1.85 3.325 0.22
v 1.85 3.421592 0.145882
v 1.85 3.411602 0.17
v 1.85 3.395711 0.190711
v 1.85 3.375 0.206603
v 1.85 3.350882 0.216593
v 1.65 2.575 -0.03
v 1.65 2.925 0.22
v 1.65 2.676 0.428936
v 1.65 2.676 1.57
v 1.65 3.425 -0.03
v 1.65 3.425 0.12
v 1.65 3.325 0.22
v 1.65 3.421592 0.145882
v 1.65 3.375 0.206603
v 1.65 3.395711 0.190711
v 1.65 3.411602 0.17
v 1.65 3.350882 0.216593
v 1.35 2.676 1.57
v 1.35 2.676 0.428936
v 1.35 2.925 0.22
v 1.35 2.575 -0.03
v 1.35 3.425 -0.03
v 1.35 3.425 0.12
v 1.35 3.325 0.22
v 1.35 3.421592 0.145882
v 1.35 3.411602 0.17
v 1.35 3.395711 0.190711
v 1.35 3.375 0.206603
v 1.35 3.350882 0.216593
v 1.15 2.575 -0.03
v 1.15 2.925 0.22
v 1.15 2.676 0.428936
v 1.15 2.676 1.57
v 1.15 3.425 -0.03
v 1.15 3.425 0.12
v 1.15 3.325 0.22
v 1.15 3.421592 0.145882
v 1.15 3.375 0.206603
v 1.15 3.395711 0.190711
v 1.15 3.411602 0.17
v 1.15 3.350882 0.216593
v 0.85 2.676 1.57
v 0.85 2.676 0.428936
v 0.85 2.925 0.22
v 0.85 2.575 -0.03
v 0.85 3.425 -0.03
v 0.85 3.425 0.12
v 0.85 3.325 0.22
v 0.85 3.421592 0.145882
v 0.85 3.411602 0.17
v 0.85 3.395711 0.190711
v 0.85 3.375 0.206603
v 0.85 3.350882 0.216593
v 0.65 2.575 -0.03
v 0.65 2.925 0.22
v 0.65 2.676 0.428936
v 0.65 2.676 1.57
v 0.65 3.425 -0.03
v 0.65 3.425 0.12
v 0.65 3.325 0.22
v 0.65 3.421592 0.145882
v 0.65 3.375 0.206603
v 0.65 3.395711 0.190711
v 0.65 3.411602 0.17
v 0.65 3.350882 0.216593
v 0.35 2.676 1.57
v 0.35 2.676 0.428936
v 0.35 2.925 0.22
v 0.35 2.575 -0.03
v 0.35 3.425 -0.03
v 0.35 3.425 0.12
v 0.35 3.325 0.22
v 0.35 3.421592 0.145882
v 0.35 3.411602 0.17
v 0.35 3.395711 0.190711
v 0.35 3.375 0.206603
v 0.35 3.350882 0.216593
v 0.15 2.575 -0.03
v 0.15 2.925 0.22
v 0.15 2.676 0.428936
v 0.15 2.676 1.57
v 0.15 3.425 -0.03
v 0.15 3.425 0.12
v 0.15 3.325 0.22
v 0.15 3.421592 0.145882
v 0.15 3.375 0.206603
v 0.15 3.395711 0.190711
v 0.15 3.411602 0.17
v 0.15 3.350882 0.216593
v -0.15 2.676 1.57
v -0.15 2.676 0.428936
v -0.15 2.925 0.22
v -0.15 2.575 -0.03
v -0.15 3.425 -0.03
v -0.15 3.425 0.12
v -0.15 3.325 0.22
v -0.15 3.421592 0.145882
v -0.15 3.411602 0.17
v -0.15 3.395711 0.190711
v -0.15 3.375 0.206603
v -0.15 3.350882 0.216593
v -0.35 2.575 -0.03
v -0.35 2.925 0.22
v -0.35 2.676 0.428936
v -0.35 2.676 1.57
v -0.35 3.425 -0.03
v -0.35 3.425 0.12
v -0.35 3.325 0.22
v -0.35 3.421592 0.145882
v -0.35 3.375 0.206603
v -0.35 3.395711 0.190711
v -0.35 3.411602 0.17
v -0.35 3.350882 0.216593
v -0.65 2.676 1.57
v -0.65 2.676 0.428936
v -0.65 2.925 0.22
v -0.65 2.575 -0.03
v -0.65 3.425 -0.03
v -0.65 3.425 0.12
v -0.65 3.325 0.22
v -0.65 3.421592 0.145882
v -0.65 3.411602 0.17
v -0.65 3.395711 0.190711
v -0.65 3.375 0.206603
v -0.65 3.350882 0.216593
v -0.85 2.575 -0.03
v -0.85 2.925 0.22
v -0.85 2.676 0.428936
v -0.85 2.676 1.57
v -0.85 3.425 -0.03
v -0.85 3.425 0.12
v -0.85 3.325 0.22
v -0.85 3.421592 0.145882
v -0.85 3.375 0.206603
v -0.85 3.395711 0.190711
v -0.85 3.411602 0.17
v -0.85 3.350882 0.216593
v -1.15 2.676 1.57
v -1.15 2.676 0.428936
v -1.15 2.925 0.22
v -1.15 2.575 -0.03
v -1.15 3.425 -0.03
v -1.15 3.425 0.12
v -1.15 3.325 0.22
v -1.15 3.421592 0.145882
v -1.15 3.411602 0.17
v -1.15 3.395711 0.190711
v -1.15 3.375 0.206603
v -1.15 3.350882 0.216593
v -1.35 2.575 -0.03
v -1.35 2.925 0.22
v -1.35 2.676 0.428936
v -1.35 2.676 1.57
v -1.35 3.425 -0.03
v -1.35 3.425 0.12
v -1.35 3.325 0.22
v -1.35 3.421592 0.145882
v -1.35 3.375 0.206603
v -1.35 3.395711 0.190711
v -1.35 3.411602 0.17
v -1.35 3.350882 0.216593
v -1.65 2.676 1.57
v -1.65 2.676 0.428936
v -1.65 2.925 0.22
v -1.65 2.575 -0.03
v -1.65 3.425 -0.03
v -1.65 3.425 0.12
v -1.65 3.325 0.22
v -1.65 3.421592 0.145882
v -1.65 3.411602 0.17
v -1.65 3.395711 0.190711
v -1.65 3.375 0.206603
v -1.65 3.350882 0.216593
v -1.85 2.575 -0.03
v -1.85 2.925 0.22
v -1.85 2.676 0.428936
v -1.85 2.676 1.57
v -1.85 3.425 -0.03
v -1.85 3.425 0.12
v -1.85 3.325 0.22
v -1.85 3.421592 0.145882
v -1.85 3.375 0.206603
v -1.85 3.395711 0.190711
v -1.85 3.411602 0.17
v -1.85 3.350882 0.216593
v -2.15 2.676 1.57
v -2.15 2.676 0.428936
v -2.15 2.925 0.22
v -2.15 2.575 -0.03
v -2.15 3.425 -0.03
v -2.15 3.425 0.12
v -2.15 3.325 0.22
v -2.15 3.421592 0.145882
v -2.15 3.411602 0.17
v -2.15 3.395711 0.190711
v -2.15 3.375 0.206603
v -2.15 3.350882 0.216593
v -2.35 2.575 -0.03
v -2.35 2.925 0.22
v -2.35 2.676 0.428936
v -2.35 2.676 1.57
v -2.35 3.425 -0.03
v -2.35 3.425 0.12
v -2.35 3.325 0.22
v -2.35 3.421592 0.145882
v -2.35 3.375 0.206603
v -2.35 3.395711 0.190711
v -2.35 3.411602 0.17
v -2.35 3.350882 0.216593
v -2.65 2.676 1.57
v -2.65 2.676 0.428936
v -2.65 2.925 0.22
v -2.65 2.575 -0.03
v -2.65 3.425 -0.03
v -2.65 3.425 0.12
v -2.65 3.325 0.22
v -2.65 3.421592 0.145882
v -2.65 3.411602 0.17
v -2.65 3.395711 0.190711
v -2.65 3.375 0.206603
v -2.65 3.350882 0.216593
v -2.85 2.575 -0.03
v -2.85 2.925 0.22
v -2.85 2.676 0.428936
v -2.85 2.676 1.57
v -2.85 3.425 -0.03
v -2.85 3.425 0.12
v -2.85 3.325 0.22
v -2.85 3.421592 0.145882
v -2.85 3.375 0.206603
v -2.85 3.395711 0.190711
v -2.85 3.411602 0.17
v -2.85 3.350882 0.216593
v -3.15 2.676 1.57
v -3.15 2.676 0.428936
v -3.15 2.925 0.22
v -3.15 2.575 -0.03
v -3.15 3.425 -0.03
v -3.15 3.425 0.12
v -3.15 3.325 0.22
v -3.15 3.421592 0.145882
v -3.15 3.411602 0.17
v -3.15 3.395711 0.190711
v -3.15 3.375 0.206603
v -3.15 3.350882 0.216593
v -3.35 2.575 -0.03
v -3.35 2.925 0.22
v -3.35 2.676 0.428936
v -3.35 2.676 1.57
v -3.35 3.425 -0.03
v -3.35 3.425 0.12
v -3.35 3.325 0.22
v -3.35 3.421592 0.145882
v -3.35 3.375 0.206603
v -3.35 3.395711 0.190711
v -3.35 3.411602 0.17
v -3.35 3.350882 0.216593
v -3.65 2.676 1.57
v -3.65 2.676 0.428936
v -3.65 2.925 0.22
v -3.65 2.575 -0.03
v -3.65 3.425 -0.03
v -3.65 3.425 0.12
v -3.65 3.325 0.22
v -3.65 3.421592 0.145882
v -3.65 3.411602 0.17
v -3.65 3.395711 0.190711
v -3.65 3.375 0.206603
v -3.65 3.350882 0.216593
v -3.85 2.575 -0.03
v -3.85 2.925 0.22
v -3.85 2.676 0.428936
v -3.85 2.676 1.57
v -3.85 3.425 -0.03
v -3.85 3.425 0.12
v -3.85 3.325 0.22
v -3.85 3.421592 0.145882
v -3.85 3.375 0.206603
v -3.85 3.395711 0.190711
v -3.85 3.411602 0.17
v -3.85 3.350882 0.216593
v -4.15 2.676 1.57
v -4.15 2.676 0.428936
v -4.15 2.925 0.22
v -4.15 2.575 -0.03
v -4.15 3.425 -0.03
v -4.15 3.425 0.12
v -4.15 3.325 0.22
v -4.15 3.421592 0.145882
v -4.15 3.411602 0.17
v -4.15 3.395711 0.190711
v -4.15 3.375 0.206603
v -4.15 3.350882 0.216593
v -4.35 2.575 -0.03
v -4.35 2.925 0.22
v -4.35 2.676 0.428936
v -4.35 2.676 1.57
v -4.35 3.425 -0.03
v -4.35 3.425 0.12
v -4.35 3.325 0.22
v -4.35 3.421592 0.145882
v -4.35 3.375 0.206603
v -4.35 3.395711 0.190711
v -4.35 3.411602 0.17
v -4.35 3.350882 0.216593
v -4.65 2.676 1.57
v -4.65 2.676 0.428936
v -4.65 2.925 0.22
v -4.65 2.575 -0.03
v -4.65 3.425 -0.03
v -4.65 3.425 0.12
v -4.65 3.325 0.22
v -4.65 3.421592 0.145882
v -4.65 3.411602 0.17
v -4.65 3.395711 0.190711
v -4.65 3.375 0.206603
v -4.65 3.350882 0.216593
v -4.85 2.575 -0.03
v -4.85 2.925 0.22
v -4.85 2.676 0.428936
v -4.85 2.676 1.57
v -4.85 3.425 -0.03
v -4.85 3.425 0.12
v -4.85 3.325 0.22
v -4.85 3.421592 0.145882
v -4.85 3.375 0.206603
v -4.85 3.395711 0.190711
v -4.85 3.411602 0.17
v -4.85 3.350882 0.216593
v -5.15 2.676 1.57
v -5.15 2.676 0.428936
v -5.15 2.925 0.22
v -5.15 2.575 -0.03
v -5.15 3.425 -0.03
v -5.15 3.425 0.12
v -5.15 3.325 0.22
v -5.15 3.421592 0.145882
v -5.15 3.411602 0.17
v -5.15 3.395711 0.190711
v -5.15 3.375 0.206603
v -5.15 3.350882 0.216593
v -5.35 2.575 -0.03
v -5.35 2.925 0.22
v -5.35 2.676 0.428936
v -5.35 2.676 1.57
v -5.35 3.425 -0.03
v -5.35 3.425 0.12
v -5.35 3.325 0.22
v -5.35 3.421592 0.145882
v -5.35 3.375 0.206603
v -5.35 3.395711 0.190711
v -5.35 3.411602 0.17
v -5.35 3.350882 0.216593
v -5.65 2.676 1.57
v -5.65 2.676 0.428936
v -5.65 2.925 0.22
v -5.65 2.575 -0.03
v -5.65 3.425 -0.03
v -5.65 3.425 0.12
v -5.65 3.325 0.22
v -5.65 3.421592 0.145882
v -5.65 3.411602 0.17
v -5.65 3.395711 0.190711
v -5.65 3.375 0.206603
v -5.65 3.350882 0.216593
v -5.85 2.575 -0.03
v -5.85 2.925 0.22
v -5.85 2.676 0.428936
v -5.85 2.676 1.57
v -5.85 3.425 -0.03
v -5.85 3.425 0.12
v -5.85 3.325 0.22
v -5.85 3.421592 0.145882
v -5.85 3.375 0.206603
v -5.85 3.395711 0.190711
v -5.85 3.411602 0.17
v -5.85 3.350882 0.216593
v -8.0 2.175 0.97
v -8.0 2.175 0.6
v 3.659808 -2.575 1.62
v -3.164833 -2.225 1.62
v 3.164833 -2.225 1.62
v -3.65427 -1.775 0.97
v -3.30786 -1.775 1.17
v 3.30786 -1.775 1.17
v 6.39 1.225 0.45
v 5.86 1.225 0.45
v 5.65 1.215 0.5
v 5.85 1.215 0.5
v 5.65 -1.392989 0.490519
v 5.65 -0.824694 0.757341
v 5.65 -1.011992 0.5
v 5.65 -1.374812 0.303003
v 5.65 -1.397674 0.311832
v 5.65 -1.417702 0.325957
v 5.65 -1.433693 0.344528
v 5.65 -1.444687 0.366432
v 5.65 -1.450023 0.390352
v 5.65 -1.44938 0.414851
v 5.65 -1.442798 0.438458
v 5.65 -1.41373 0.477464
v 5.65 -1.430672 0.459755
v 5.85 -1.397674 0.311832
v 5.85 -1.374812 0.303003
v 5.85 -1.011992 0.5
v 5.85 -1.44938 0.414851
v 5.85 -1.392989 0.490519
v 5.85 -1.442798 0.438458
v 5.85 -1.41373 0.477464
v 5.85 -1.430672 0.459755
v 5.85 -1.450023 0.390352
v 5.85 -1.444687 0.366432
v 5.85 -1.433693 0.344528
v 5.85 -0.824694 0.757341
v 5.85 -1.417702 0.325957
v 5.15 1.215 0.5
v 5.35 1.215 0.5
v 5.15 -1.392989 0.490519
v 5.15 -0.824694 0.757341
v 5.15 -1.011992 0.5
v 5.15 -1.374812 0.303003
v 5.15 -1.397674 0.311832
v 5.15 -1.417702 0.325957
v 5.15 -1.433693 0.344528
v 5.15 -1.444687 0.366432
v 5.15 -1.450023 0.390352
v 5.15 -1.44938 0.414851
v 5.15 -1.442798 0.438458
v 5.15 -1.41373 0.477464
v 5.15 -1.430672 0.459755
v 5.35 -1.397674 0.311832
v 5.35 -1.374812 0.303003
v 5.35 -1.011992 0.5
v 5.35 -1.44938 0.414851
v 5.35 -1.392989 0.490519
v 5.35 -1.442798 0.438458
v 5.35 -1.41373 0.477464
v 5.35 -1.430672 0.459755
v 5.35 -1.450023 0.390352
v 5.35 -1.444687 0.366432
v 5.35 -1.433693 0.344528
v 5.35 -0.824694 0.757341
v 5.35 -1.417702 0.325957
v 4.65 1.215 0.5
v 4.85 1.215 0.5
v 4.65 -1.392989 0.490519
v 4.65 -0.824694 0.757341
v 4.65 -1.011992 0.5
v 4.65 -1.374812 0.303003
v 4.65 -1.397674 0.311832
v 4.65 -1.417702 0.325957
v 4.65 -1.433693 0.344528
v 4.65 -1.444687 0.366432
v 4.65 -1.450023 0.390352
v 4.65 -1.44938 0.414851
v 4.65 -1.442798 0.438458
v 4.65 -1.41373 0.477464
v 4.65 -1.430672 0.459755
v 4.85 -1.397674 0.311832
v 4.85 -1.374812 0.303003
v 4.85 -1.011992 0.5
v 4.85 -1.44938 0.414851
v 4.85 -1.392989 0.490519
v 4.85 -1.442798 0.438458
v 4.85 -1.41373 0.477464
v 4.85 -1.430672 0.459755
v 4.85 -1.450023 0.390352
v 4.85 -1.444687 0.366432
v 4.85 -1.433693 0.344528
v 4.85 -0.824694 0.757341
v 4.85 -1.417702 0.325957
v 4.15 1.215 0.5
v 4.35 1.215 0.5
v 4.15 -1.392989 0.490519
v 4.15 -0.824694 0.757341
v 4.15 -1.011992 0.5
v 4.15 -1.374812 0.303003
v 4.15 -1.397674 0.311832
v 4.15 -1.417702 0.325957
v 4.15 -1.433693 0.344528
v 4.15 -1.444687 0.366432
v 4.15 -1.450023 0.390352
v 4.15 -1.44938 0.414851
v 4.15 -1.442798 0.438458
v 4.15 -1.41373 0.477464
v 4.15 -1.430672 0.459755
v 4.35 -1.397674 0.311832
v 4.35 -1.374812 0.303003
v 4.35 -1.011992 0.5
v 4.35 -1.44938 0.414851
v 4.35 -1.392989 0.490519
v 4.35 -1.442798 0.438458
v 4.35 -1.41373 0.477464
v 4.35 -1.430672 0.459755
v 4.35 -1.450023 0.390352
v 4.35 -1.444687 0.366432
v 4.35 -1.433693 0.344528
v 4.35 -0.824694 0.757341
v 4.35 -1.417702 0.325957
v 3.65 1.215 0.5
v 3.85 1.215 0.5
v 3.65 -1.392989 0.490519
v 3.65 -0.824694 0.757341
v 3.65 -1.011992 0.5
v 3.65 -1.374812 0.303003
v 3.65 -1.397674 0.311832
v 3.65 -1.417702 0.325957
v 3.65 -1.433693 0.344528
v 3.65 -1.444687 0.366432
v 3.65 -1.450023 0.390352
v 3.65 -1.44938 0.414851
v 3.65 -1.442798 0.438458
v 3.65 -1.41373 0.477464
v 3.65 -1.430672 0.459755
v 3.85 -1.397674 0.311832
v 3.85 -1.374812 0.303003
v 3.85 -1.011992 0.5
v 3.85 -1.44938 0.414851
v 3.85 -1.392989 0.490519
v 3.85 -1.442798 0.438458
v 3.85 -1.41373 0.477464
v 3.85 -1.430672 0.459755
v 3.85 -1.450023 0.390352
v 3.85 -1.444687 0.366432
v 3.85 -1.433693 0.344528
v 3.85 -0.824694 0.757341
v 3.85 -1.417702 0.325957
v 3.15 1.215 0.5
v 3.35 1.215 0.5
v 3.15 -1.392989 0.490519
v 3.15 -0.824694 0.757341
v 3.15 -1.011992 0.5
v 3.15 -1.374812 0.303003
v 3.15 -1.397674 0.311832
v 3.15 -1.417702 0.325957
v 3.15 -1.433693 0.344528
v 3.15 -1.444687 0.366432
v 3.15 -1.450023 0.390352
v 3.15 -1.44938 0.414851
v 3.15 -1.442798 0.438458
v 3.15 -1.41373 0.477464
v 3.15 -1.430672 0.459755
v 3.35 -1.397674 0.311832
v 3.35 -1.374812 0.303003
v 3.35 -1.011992 0.5
v 3.35 -1.44938 0.414851
v 3.35 -1.392989 0.490519
v 3.35 -1.442798 0.438458
v 3.35 -1.41373 0.477464
v 3.35 -1.430672 0.459755
v 3.35 -1.450023 0.390352
v 3.35 -1.444687 0.366432
v 3.35 -1.433693 0.344528
v 3.35 -0.824694 0.757341
v 3.35 -1.417702 0.325957
v 2.65 1.215 0.5
v 2.85 1.215 0.5
v 2.65 -1.392989 0.490519
v 2.65 -0.824694 0.757341
v 2.65 -1.011992 0.5
v 2.65 -1.374812 0.303003
v 2.65 -1.397674 0.311832
v 2.65 -1.417702 0.325957
v 2.65 -1.433693 0.344528
v 2.65 -1.444687 0.366432
v 2.65 -1.450023 0.390352
v 2.65 -1.44938 0.414851
v 2.65 -1.442798 0.438458
v 2.65 -1.41373 0.477464
v 2.65 -1.430672 0.459755
v 2.85 -1.397674 0.311832
v 2.85 -1.374812 0.303003
v 2.85 -1.011992 0.5
v 2.85 -1.44938 0.414851
v 2.85 -1.392989 0.490519
v 2.85 -1.442798 0.438458
v 2.85 -1.41373 0.477464
v 2.85 -1.430672 0.459755
v 2.85 -1.450023 0.390352
v 2.85 -1.444687 0.366432
v 2.85 -1.433693 0.344528
v 2.85 -0.824694 0.757341
v 2.85 -1.417702 0.325957
v 2.15 1.215 0.5
v 2.35 1.215 0.5
v 2.15 -1.392989 0.490519
v 2.15 -0.824694 0.757341
v 2.15 -1.011992 0.5
v 2.15 -1.374812 0.303003
v 2.15 -1.397674 0.311832
v 2.15 -1.417702 0.325957
v 2.15 -1.433693 0.344528
v 2.15 -1.444687 0.366432
v 2.15 -1.450023 0.390352
v 2.15 -1.44938 0.414851
v 2.15 -1.442798 0.438458
v 2.15 -1.41373 0.477464
v 2.15 -1.430672 0.459755
v 2.35 -1.397674 0.311832
v 2.35 -1.374812 0.303003
v 2.35 -1.011992 0.5
v 2.35 -1.44938 0.414851
v 2.35 -1.392989 0.490519
v 2.35 -1.442798 0.438458
v 2.35 -1.41373 0.477464
v 2.35 -1.430672 0.459755
v 2.35 -1.450023 0.390352
v 2.35 -1.444687 0.366432
v 2.35 -1.433693 0.344528
v 2.35 -0.824694 0.757341
v 2.35 -1.417702 0.325957
v 1.65 1.215 0.5
v 1.85 1.215 0.5
v 1.65 -1.392989 0.490519
v 1.65 -0.824694 0.757341
v 1.65 -1.011992 0.5
v 1.65 -1.374812 0.303003
v 1.65 -1.397674 0.311832
v 1.65 -1.417702 0.325957
v 1.65 -1.433693 0.344528
v 1.65 -1.444687 0.366432
v 1.65 -1.450023 0.390352
v 1.65 -1.44938 0.414851
v 1.65 -1.442798 0.438458
v 1.65 -1.41373 0.477464
v 1.65 -1.430672 0.459755
v 1.85 -1.397674 0.311832
v 1.85 -1.374812 0.303003
v 1.85 -1.011992 0.5
v 1.85 -1.44938 0.414851
v 1.85 -1.392989 0.490519
v 1.85 -1.442798 0.438458
v 1.85 -1.41373 0.477464
v 1.85 -1.430672 0.459755
v 1.85 -1.450023 0.390352
v 1.85 -1.444687 0.366432
v 1.85 -1.433693 0.344528
v 1.85 -0.824694 0.757341
v 1.85 -1.417702 0.325957
v 1.15 1.215 0.5
v 1.35 1.215 0.5
v 1.15 -1.392989 0.490519
v 1.15 -0.824694 0.757341
v 1.15 -1.011992 0.5
v 1.15 -1.374812 0.303003
v 1.15 -1.397674 0.311832
v 1.15 -1.417702 0.325957
v 1.15 -1.433693 0.344528
v 1.15 -1.444687 0.366432
v 1.15 -1.450023 0.390352
v 1.15 -1.44938 0.414851
v 1.15 -1.442798 0.438458
v 1.15 -1.41373 0.477464
v 1.15 -1.430672 0.459755
v 1.35 -1.397674 0.311832
v 1.35 -1.374812 0.303003
v 1.35 -1.011992 0.5
v 1.35 -1.44938 0.414851
v 1.35 -1.392989 0.490519
v 1.35 -1.442798 0.438458
v 1.35 -1.41373 0.477464
v 1.35 -1.430672 0.459755
v 1.35 -1.450023 0.390352
v 1.35 -1.444687 0.366432
v 1.35 -1.433693 0.344528
v 1.35 -0.824694 0.757341
v 1.35 -1.417702 0.325957
v 0.65 1.215 0.5
v 0.85 1.215 0.5
v 0.65 -1.392989 0.490519
v 0.65 -0.824694 0.757341
v 0.65 -1.011992 0.5
v 0.65 -1.374812 0.303003
v 0.65 -1.397674 0.311832
v 0.65 -1.417702 0.325957
v 0.65 -1.433693 0.344528
v 0.65 -1.444687 0.366432
v 0.65 -1.450023 0.390352
v 0.65 -1.44938 0.414851
v 0.65 -1.442798 0.438458
v 0.65 -1.41373 0.477464
v 0.65 -1.430672 0.459755
v 0.85 -1.397674 0.311832
v 0.85 -1.374812 0.303003
v 0.85 -1.011992 0.5
v 0.85 -1.44938 0.414851
v 0.85 -1.392989 0.490519
v 0.85 -1.442798 0.438458
v 0.85 -1.41373 0.477464
v 0.85 -1.430672 0.459755
v 0.85 -1.450023 0.390352
v 0.85 -1.444687 0.366432
v 0.85 -1.433693 0.344528
v 0.85 -0.824694 0.757341
v 0.85 -1.417702 0.325957
v 0.15 1.215 0.5
v 0.35 1.215 0.5
v 0.15 -1.392989 0.490519
v 0.15 -0.824694 0.757341
v 0.15 -1.011992 0.5
v 0.15 -1.374812 0.303003
v 0.15 -1.397674 0.311832
v 0.15 -1.417702 0.325957
v 0.15 -1.433693 0.344528
v 0.15 -1.444687 0.366432
v 0.15 -1.450023 0.390352
v 0.15 -1.44938 0.414851
v 0.15 -1.442798 0.438458
v 0.15 -1.41373 0.477464
v 0.15 -1.430672 0.459755
v 0.35 -1.397674 0.311832
v 0.35 -1.374812 0.303003
v 0.35 -1.011992 0.5
v 0.35 -1.44938 0.414851
v 0.35 -1.392989 0.490519
v 0.35 -1.442798 0.438458
v 0.35 -1.41373 0.477464
v 0.35 -1.430672 0.459755
v 0.35 -1.450023 0.390352
v 0.35 -1.444687 0.366432
v 0.35 -1.433693 0.344528
v 0.35 -0.824694 0.757341
v 0.35 -1.417702 0.325957
v -0.35 1.215 0.5
v -0.15 1.215 0.5
v -0.35 -1.392989 0.490519
v -0.35 -0.824694 0.757341
v -0.35 -1.011992 0.5
v -0.35 -1.374812 0.303003
v -0.35 -1.397674 0.311832
v -0.35 -1.417702 0.325957
v -0.35 -1.433693 0.344528
v -0.35 -1.444687 0.366432
v -0.35 -1.450023 0.390352
v -0.35 -1.44938 0.414851
v -0.35 -1.442798 0.438458
v -0.35 -1.41373 0.477464
v -0.35 -1.430672 0.459755
v -0.15 -1.397674 0.311832
v -0.15 -1.374812 0.303003
v -0.15 -1.011992 0.5
v -0.15 -1.44938 0.414851
v -0.15 -1.392989 0.490519
v -0.15 -1.442798 0.438458
v -0.15 -1.41373 0.477464
v -0.15 -1.430672 0.459755
v -0.15 -1.450023 0.390352
v -0.15 -1.444687 0.366432
v -0.15 -1.433693 0.344528
v -0.15 -0.824694 0.757341
v -0.15 -1.417702 0.325957
v -0.85 1.215 0.5
v -0.65 1.215 0.5
v -0.85 -1.392989 0.490519
v -0.85 -0.824694 0.757341
v -0.85 -1.011992 0.5
v -0.85 -1.374812 0.303003
v -0.85 -1.397674 0.311832
v -0.85 -1.417702 0.325957
v -0.85 -1.433693 0.344528
v -0.85 -1.444687 0.366432
v -0.85 -1.450023 0.390352
v -0.85 -1.44938 0.414851
v -0.85 -1.442798 0.438458
v -0.85 -1.41373 0.477464
v -0.85 -1.430672 0.459755
v -0.65 -1.397674 0.311832
v -0.65 -1.374812 0.303003
v -0.65 -1.011992 0.5
v -0.65 -1.44938 0.414851
v -0.65 -1.392989 0.490519
v -0.65 -1.442798 0.438458
v -0.65 -1.41373 0.477464
v -0.65 -1.430672 0.459755
v -0.65 -1.450023 0.390352
v -0.65 -1.444687 0.366432
v -0.65 -1.433693 0.344528
v -0.65 -0.824694 0.757341
v -0.65 -1.417702 0.325957
v -1.35 1.215 0.5
v -1.15 1.215 0.5
v -1.35 -1.392989 0.490519
v -1.35 -0.824694 0.757341
v -1.35 -1.011992 0.5
v -1.35 -1.374812 0.303003
v -1.35 -1.397674 0.311832
v -1.35 -1.417702 0.325957
v -1.35 -1.433693 0.344528
v -1.35 -1.444687 0.366432
v -1.35 -1.450023 0.390352
v -1.35 -1.44938 0.414851
v -1.35 -1.442798 0.438458
v -1.35 -1.41373 0.477464
v -1.35 -1.430672 0.459755
v -1.15 -1.397674 0.311832
v -1.15 -1.374812 0.303003
v -1.15 -1.011992 0.5
v -1.15 -1.44938 0.414851
v -1.15 -1.392989 0.490519
v -1.15 -1.442798 0.438458
v -1.15 -1.41373 0.477464
v -1.15 -1.430672 0.459755
v -1.15 -1.450023 0.390352
v -1.15 -1.444687 0.366432
v -1.15 -1.433693 0.344528
v -1.15 -0.824694 0.757341
v -1.15 -1.417702 0.325957
v -1.85 1.215 0.5
v -1.65 1.215 0.5
v -1.85 -1.392989 0.490519
v -1.85 -0.824694 0.757341
v -1.85 -1.011992 0.5
v -1.85 -1.374812 0.303003
v -1.85 -1.397674 0.311832
v -1.85 -1.417702 0.325957
v -1.85 -1.433693 0.344528
v -1.85 -1.444687 0.366432
v -1.85 -1.450023 0.390352
v -1.85 -1.44938 0.414851
v -1.85 -1.442798 0.438458
v -1.85 -1.41373 0.477464
v -1.85 -1.430672 0.459755
v -1.65 -1.397674 0.311832
v -1.65 -1.374812 0.303003
v -1.65 -1.011992 0.5
v -1.65 -1.44938 0.414851
v -1.65 -1.392989 0.490519
v -1.65 -1.442798 0.438458
v -1.65 -1.41373 0.477464
v -1.65 -1.430672 0.459755
v -1.65 -1.450023 0.390352
v -1.65 -1.444687 0.366432
v -1.65 -1.433693 0.344528
v -1.65 -0.824694 0.757341
v -1.65 -1.417702 0.325957
v -2.35 1.215 0.5
v -2.15 1.215 0.5
v -2.35 -1.392989 0.490519
v -2.35 -0.824694 0.757341
v -2.35 -1.011992 0.5
v -2.35 -1.374812 0.303003
v -2.35 -1.397674 0.311832
v -2.35 -1.417702 0.325957
v -2.35 -1.433693 0.344528
v -2.35 -1.444687 0.366432
v -2.35 -1.450023 0.390352
v -2.35 -1.44938 0.414851
v -2.35 -1.442798 0.438458
v -2.35 -1.41373 0.477464
v -2.35 -1.430672 0.459755
v -2.15 -1.397674 0.311832
v -2.15 -1.374812 0.303003
v -2.15 -1.011992 0.5
v -2.15 -1.44938 0.414851
v -2.15 -1.392989 0.490519
v -2.15 -1.442798 0.438458
v -2.15 -1.41373 0.477464
v -2.15 -1.430672 0.459755
v -2.15 -1.450023 0.390352
v -2.15 -1.444687 0.366432
v -2.15 -1.433693 0.344528
v -2.15 -0.824694 0.757341
v -2.15 -1.417702 0.325957
v -2.85 1.215 0.5
v -2.65 1.215 0.5
v -2.85 -1.392989 0.490519
v -2.85 -0.824694 0.757341
v -2.85 -1.011992 0.5
v -2.85 -1.374812 0.303003
v -2.85 -1.397674 0.311832
v -2.85 -1.417702 0.325957
v -2.85 -1.433693 0.344528
v -2.85 -1.444687 0.366432
v -2.85 -1.450023 0.390352
v -2.85 -1.44938 0.414851
v -2.85 -1.442798 0.438458
v -2.85 -1.41373 0.477464
v -2.85 -1.430672 0.459755
v -2.65 -1.397674 0.311832
v -2.65 -1.374812 0.303003
v -2.65 -1.011992 0.5
v -2.65 -1.44938 0.414851
v -2.65 -1.392989 0.490519
v -2.65 -1.442798 0.438458
v -2.65 -1.41373 0.477464
v -2.65 -1.430672 0.459755
v -2.65 -1.450023 0.390352
v -2.65 -1.444687 0.366432
v -2.65 -1.433693 0.344528
v -2.65 -0.824694 0.757341
v -2.65 -1.417702 0.325957
v -3.35 1.215 0.5
v -3.15 1.215 0.5
v -3.35 -1.392989 0.490519
v -3.35 -0.824694 0.757341
v -3.35 -1.011992 0.5
v -3.35 -1.374812 0.303003
v -3.35 -1.397674 0.311832
v -3.35 -1.417702 0.325957
v -3.35 -1.433693 0.344528
v -3.35 -1.444687 0.366432
v -3.35 -1.450023 0.390352
v -3.35 -1.44938 0.414851
v -3.35 -1.442798 0.438458
v -3.35 -1.41373 0.477464
v -3.35 -1.430672 0.459755
v -3.15 -1.397674 0.311832
v -3.15 -1.374812 0.303003
v -3.15 -1.011992 0.5
v -3.15 -1.44938 0.414851
v -3.15 -1.392989 0.490519
v -3.15 -1.442798 0.438458
v -3.15 -1.41373 0.477464
v -3.15 -1.430672 0.459755
v -3.15 -1.450023 0.390352
v -3.15 -1.444687 0.366432
v -3.15 -1.433693 0.344528
v -3.15 -0.824694 0.757341
v -3.15 -1.417702 0.325957
v -3.85 1.215 0.5
v -3.65 1.215 0.5
v -3.85 -1.392989 0.490519
v -3.85 -0.824694 0.757341
v -3.85 -1.011992 0.5
v -3.85 -1.374812 0.303003
v -3.85 -1.397674 0.311832
v -3.85 -1.417702 0.325957
v -3.85 -1.433693 0.344528
v -3.85 -1.444687 0.366432
v -3.85 -1.450023 0.390352
v -3.85 -1.44938 0.414851
v -3.85 -1.442798 0.438458
v -3.85 -1.41373 0.477464
v -3.85 -1.430672 0.459755
v -3.65 -1.397674 0.311832
v -3.65 -1.374812 0.303003
v -3.65 -1.011992 0.5
v -3.65 -1.44938 0.414851
v -3.65 -1.392989 0.490519
v -3.65 -1.442798 0.438458
v -3.65 -1.41373 0.477464
v -3.65 -1.430672 0.459755
v -3.65 -1.450023 0.390352
v -3.65 -1.444687 0.366432
v -3.65 -1.433693 0.344528
v -3.65 -0.824694 0.757341
v -3.65 -1.417702 0.325957
v -4.35 1.215 0.5
v -4.15 1.215 0.5
v -4.35 -1.392989 0.490519
v -4.35 -0.824694 0.757341
v -4.35 -1.011992 0.5
v -4.35 -1.374812 0.303003
v -4.35 -1.397674 0.311832
v -4.35 -1.417702 0.325957
v -4.35 -1.433693 0.344528
v -4.35 -1.444687 0.366432
v -4.35 -1.450023 0.390352
v -4.35 -1.44938 0.414851
v -4.35 -1.442798 0.438458
v -4.35 -1.41373 0.477464
v -4.35 -1.430672 0.459755
v -4.15 -1.397674 0.311832
v -4.15 -1.374812 0.303003
v -4.15 -1.011992 0.5
v -4.15 -1.44938 0.414851
v -4.15 -1.392989 0.490519
v -4.15 -1.442798 0.438458
v -4.15 -1.41373 0.477464
v -4.15 -1.430672 0.459755
v -4.15 -1.450023 0.390352
v -4.15 -1.444687 0.366432
v -4.15 -1.433693 0.344528
v -4.15 -0.824694 0.757341
v -4.15 -1.417702 0.325957
v -4.85 1.215 0.5
v -4.65 1.215 0.5
v -4.85 -1.392989 0.490519
v -4.85 -0.824694 0.757341
v -4.85 -1.011992 0.5
v -4.85 -1.374812 0.303003
v -4.85 -1.397674 0.311832
v -4.85 -1.417702 0.325957
v -4.85 -1.433693 0.344528
v -4.85 -1.444687 0.366432
v -4.85 -1.450023 0.390352
v -4.85 -1.44938 0.414851
v -4.85 -1.442798 0.438458
v -4.85 -1.41373 0.477464
v -4.85 -1.430672 0.459755
v -4.65 -1.397674 0.311832
v -4.65 -1.374812 0.303003
v -4.65 -1.011992 0.5
v -4.65 -1.44938 0.414851
v -4.65 -1.392989 0.490519
v -4.65 -1.442798 0.438458
v -4.65 -1.41373 0.477464
v -4.65 -1.430672 0.459755
v -4.65 -1.450023 0.390352
v -4.65 -1.444687 0.366432
v -4.65 -1.433693 0.344528
v -4.65 -0.824694 0.757341
v -4.65 -1.417702 0.325957
v -5.35 1.215 0.5
v -5.15 1.215 0.5
v -5.35 -1.392989 0.490519
v -5.35 -0.824694 0.757341
v -5.35 -1.011992 0.5
v -5.35 -1.374812 0.303003
v -5.35 -1.397674 0.311832
v -5.35 -1.417702 0.325957
v -5.35 -1.433693 0.344528
v -5.35 -1.444687 0.366432
v -5.35 -1.450023 0.390352
v -5.35 -1.44938 0.414851
v -5.35 -1.442798 0.438458
v -5.35 -1.41373 0.477464
v -5.35 -1.430672 0.459755
v -5.15 -1.397674 0.311832
v -5.15 -1.374812 0.303003
v -5.15 -1.011992 0.5
v -5.15 -1.44938 0.414851
v -5.15 -1.392989 0.490519
v -5.15 -1.442798 0.438458
v -5.15 -1.41373 0.477464
v -5.15 -1.430672 0.459755
v -5.15 -1.450023 0.390352
v -5.15 -1.444687 0.366432
v -5.15 -1.433693 0.344528
v -5.15 -0.824694 0.757341
v -5.15 -1.417702 0.325957
v -5.85 1.215 0.5
v -5.65 1.215 0.5
v -5.85 -1.392989 0.490519
v -5.85 -0.824694 0.757341
v -5.85 -1.011992 0.5
v -5.85 -1.374812 0.303003
v -5.85 -1.397674 0.311832
v -5.85 -1.417702 0.325957
v -5.85 -1.433693 0.344528
v -5.85 -1.444687 0.366432
v -5.85 -1.450023 0.390352
v -5.85 -1.44938 0.414851
v -5.85 -1.442798 0.438458
v -5.85 -1.41373 0.477464
v -5.85 -1.430672 0.459755
v -5.65 -1.397674 0.311832
v -5.65 -1.374812 0.303003
v -5.65 -1.011992 0.5
v -5.65 -1.44938 0.414851
v -5.65 -1.392989 0.490519
v -5.65 -1.442798 0.438458
v -5.65 -1.41373 0.477464
v -5.65 -1.430672 0.459755
v -5.65 -1.450023 0.390352
v -5.65 -1.444687 0.366432
v -5.65 -1.433693 0.344528
v -5.65 -0.824694 0.757341
v -5.65 -1.417702 0.325957
v 6.8 2.175 1.47
v 6.8 2.175 1.57
v 6.8 2.575 1.57
v 3.35 2.175 1.57
v 3.15 2.175 1.57
v 5.85 2.175 1.57
v 5.65 2.175 1.57
v 1.35 2.175 1.57
v 1.15 2.175 1.57
v -0.15 2.175 1.57
v -0.35 2.175 1.57
v -1.15 2.175 1.57
v -1.35 2.175 1.57
v 5.35 2.175 1.57
v 5.15 2.175 1.57
v 2.85 2.175 1.57
v 2.65 2.175 1.57
v -2.15 2.175 1.57
v -2.35 2.175 1.57
v 4.85 2.175 1.57
v 4.65 2.175 1.57
v 2.35 2.175 1.57
v 2.15 2.175 1.57
v 0.85 2.175 1.57
v 0.65 2.175 1.57
v 4.35 2.175 1.57
v 4.15 2.175 1.57
v 1.85 2.175 1.57
v 1.65 2.175 1.57
v -0.65 2.175 1.57
v -0.85 2.175 1.57
v -3.15 2.175 1.57
v -3.35 2.175 1.57
v 0.35 2.175 1.57
v 0.15 2.175 1.57
v -2.85 2.175 1.57
v -2.65 2.175 1.57
v 3.85 2.175 1.57
v 3.65 2.175 1.57
v -1.65 2.175 1.57
v -1.85 2.175 1.57
v -4.15 2.175 1.57
v -4.35 2.175 1.57
v -3.85 2.175 1.57
v -3.65 2.175 1.57
v -5.15 2.175 1.57
v -5.35 2.175 1.57
v -4.85 2.175 1.57
v -4.65 2.175 1.57
v -5.85 2.175 1.57
v -5.65 2.175 1.57
v -6.2 0.025 1.47
v 6.2 0.025 1.47
v -6.3 -0.075 1.52
v 6.3 -0.075 1.52
v 5.7 -1.275 1.52
v 5.35 -1.275 1.52
v 3.2 -1.275 1.52
v 2.85 -1.275 1.52
v 2.7 -1.275 1.52
v 5.85 -1.275 1.52
v 5.2 -1.275 1.52
v 4.85 -1.275 1.52
v 4.7 -1.275 1.52
v 1.2 -1.275 1.52
v 4.35 -1.275 1.52
v 4.2 -1.275 1.52
v 3.85 -1.275 1.52
v 3.7 -1.275 1.52
v 0.85 -1.275 1.52
v 0.7 -1.275 1.52
v 3.35 -1.275 1.52
v 2.35 -1.275 1.52
v 2.2 -1.275 1.52
v -0.3 -1.275 1.52
v 1.85 -1.275 1.52
v 1.7 -1.275 1.52
v 1.35 -1.275 1.52
v -0.65 -1.275 1.52
v -0.8 -1.275 1.52
v 0.35 -1.275 1.52
v 0.2 -1.275 1.52
v -0.15 -1.275 1.52
v -1.8 -1.275 1.52
v -2.15 -1.275 1.52
v -2.3 -1.275 1.52
v -1.15 -1.275 1.52
v -1.3 -1.275 1.52
v -1.65 -1.275 1.52
v -2.8 -1.275 1.52
v -3.15 -1.275 1.52
v -3.3 -1.275 1.52
v -2.65 -1.275 1.52
v -3.8 -1.275 1.52
v -4.15 -1.275 1.52
v -4.3 -1.275 1.52
v -3.65 -1.275 1.52
v -4.8 -1.275 1.52
v -5.15 -1.275 1.52
v -5.3 -1.275 1.52
v -4.65 -1.275 1.52
v -5.8 -1.275 1.52
v -5.65 -1.275 1.52
v 5.85 -1.075 1.72
v 5.7 -1.075 1.72
v 5.7 -1.175 1.693205
v 5.7 -1.216421 1.661421
v 5.7 -1.268185 1.571764
v 5.7 -1.248205 1.62
v 5.7 -1.126764 1.713185
v 5.85 -1.268185 1.571764
v 5.85 -1.126764 1.713185
v 5.85 -1.175 1.693205
v 5.85 -1.216421 1.661421
v 5.85 -1.248205 1.62
v 5.35 -1.075 1.72
v 5.2 -1.075 1.72
v 5.2 -1.175 1.693205
v 5.2 -1.216421 1.661421
v 5.2 -1.268185 1.571764
v 5.2 -1.248205 1.62
v 5.2 -1.126764 1.713185
v 5.35 -1.268185 1.571764
v 5.35 -1.126764 1.713185
v 5.35 -1.175 1.693205
v 5.35 -1.216421 1.661421
v 5.35 -1.248205 1.62
v 4.85 -1.075 1.72
v 4.7 -1.075 1.72
v 4.7 -1.175 1.693205
v 4.7 -1.216421 1.661421
v 4.7 -1.268185 1.571764
v 4.7 -1.248205 1.62
v 4.7 -1.126764 1.713185
v 4.85 -1.268185 1.571764
v 4.85 -1.126764 1.713185
v 4.85 -1.175 1.693205
v 4.85 -1.216421 1.661421
v 4.85 -1.248205 1.62
v 4.35 -1.075 1.72
v 4.2 -1.075 1.72
v 4.2 -1.175 1.693205
v 4.2 -1.216421 1.661421
v 4.2 -1.268185 1.571764
v 4.2 -1.248205 1.62
v 4.2 -1.126764 1.713185
v 4.35 -1.268185 1.571764
v 4.35 -1.126764 1.713185
v 4.35 -1.175 1.693205
v 4.35 -1.216421 1.661421
v 4.35 -1.248205 1.62
v 3.85 -1.075 1.72
v 3.7 -1.075 1.72
v 3.7 -1.175 1.693205
v 3.7 -1.216421 1.661421
v 3.7 -1.268185 1.571764
v 3.7 -1.248205 1.62
v 3.7 -1.126764 1.713185
v 3.85 -1.268185 1.571764
v 3.85 -1.126764 1.713185
v 3.85 -1.175 1.693205
v 3.85 -1.216421 1.661421
v 3.85 -1.248205 1.62
v 3.35 -1.075 1.72
v 3.2 -1.075 1.72
v 3.2 -1.175 1.693205
v 3.2 -1.216421 1.661421
v 3.2 -1.268185 1.571764
v 3.2 -1.248205 1.62
v 3.2 -1.126764 1.713185
v 3.35 -1.268185 1.571764
v 3.35 -1.126764 1.713185
v 3.35 -1.175 1.693205
v 3.35 -1.216421 1.661421
v 3.35 -1.248205 1.62
v 2.85 -1.075 1.72
v 2.7 -1.075 1.72
v 2.7 -1.175 1.693205
v 2.7 -1.216421 1.661421
v 2.7 -1.268185 1.571764
v 2.7 -1.248205 1.62
v 2.7 -1.126764 1.713185
v 2.85 -1.268185 1.571764
v 2.85 -1.126764 1.713185
v 2.85 -1.175 1.693205
v 2.85 -1.216421 1.661421
v 2.85 -1.248205 1.62
v 2.35 -1.075 1.72
v 2.2 -1.075 1.72
v 2.2 -1.175 1.693205
v 2.2 -1.216421 1.661421
v 2.2 -1.268185 1.571764
v 2.2 -1.248205 1.62
v 2.2 -1.126764 1.713185
v 2.35 -1.268185 1.571764
v 2.35 -1.126764 1.713185
v 2.35 -1.175 1.693205
v 2.35 -1.216421 1.661421
v 2.35 -1.248205 1.62
v 1.85 -1.075 1.72
v 1.7 -1.075 1.72
v 1.7 -1.175 1.693205
v 1.7 -1.216421 1.661421
v 1.7 -1.268185 1.571764
v 1.7 -1.248205 1.62
v 1.7 -1.126764 1.713185
v 1.85 -1.268185 1.571764
v 1.85 -1.126764 1.713185
v 1.85 -1.175 1.693205
v 1.85 -1.216421 1.661421
v 1.85 -1.248205 1.62
v 1.35 -1.075 1.72
v 1.2 -1.075 1.72
v 1.2 -1.175 1.693205
v 1.2 -1.216421 1.661421
v 1.2 -1.268185 1.571764
v 1.2 -1.248205 1.62
v 1.2 -1.126764 1.713185
v 1.35 -1.268185 1.571764
v 1.35 -1.126764 1.713185
v 1.35 -1.175 1.693205
v 1.35 -1.216421 1.661421
v 1.35 -1.248205 1.62
v 0.85 -1.075 1.72
v 0.7 -1.075 1.72
v 0.7 -1.175 1.693205
v 0.7 -1.216421 1.661421
v 0.7 -1.268185 1.571764
v 0.7 -1.248205 1.62
v 0.7 -1.126764 1.713185
v 0.85 -1.268185 1.571764
v 0.85 -1.126764 1.713185
v 0.85 -1.175 1.693205
v 0.85 -1.216421 1.661421
v 0.85 -1.248205 1.62
v 0.35 -1.075 1.72
v 0.2 -1.075 1.72
v 0.2 -1.175 1.693205
v 0.2 -1.216421 1.661421
v 0.2 -1.268185 1.571764
v 0.2 -1.248205 1.62
v 0.2 -1.126764 1.713185
v 0.35 -1.268185 1.571764
v 0.35 -1.126764 1.713185
v 0.35 -1.175 1.693205
v 0.35 -1.216421 1.661421
v 0.35 -1.248205 1.62
v -0.15 -1.075 1.72
v -0.3 -1.075 1.72
v -0.3 -1.175 1.693205
v -0.3 -1.216421 1.661421
v -0.3 -1.268185 1.571764
v -0.3 -1.248205 1.62
v -0.3 -1.126764 1.713185
v -0.15 -1.268185 1.571764
v -0.15 -1.126764 1.713185
v -0.15 -1.175 1.693205
v -0.15 -1.216421 1.661421
v -0.15 -1.248205 1.62
v -0.65 -1.075 1.72
v -0.8 -1.075 1.72
v -0.8 -1.175 1.693205
v -0.8 -1.216421 1.661421
v -0.8 -1.268185 1.571764
v -0.8 -1.248205 1.62
v -0.8 -1.126764 1.713185
v -0.65 -1.268185 1.571764
v -0.65 -1.126764 1.713185
v -0.65 -1.175 1.693205
v -0.65 -1.216421 1.661421
v -0.65 -1.248205 1.62
v -1.15 -1.075 1.72
v -1.3 -1.075 1.72
v -1.3 -1.175 1.693205
v -1.3 -1.216421 1.661421
v -1.3 -1.268185 1.571764
v -1.3 -1.248205 1.62
v -1.3 -1.126764 1.713185
v -1.15 -1.268185 1.571764
v -1.15 -1.126764 1.713185
v -1.15 -1.175 1.693205
v -1.15 -1.216421 1.661421
v -1.15 -1.248205 1.62
v -1.65 -1.075 1.72
v -1.8 -1.075 1.72
v -1.8 -1.175 1.693205
v -1.8 -1.216421 1.661421
v -1.8 -1.268185 1.571764
v -1.8 -1.248205 1.62
v -1.8 -1.126764 1.713185
v -1.65 -1.268185 1.571764
v -1.65 -1.126764 1.713185
v -1.65 -1.175 1.693205
v -1.65 -1.216421 1.661421
v -1.65 -1.248205 1.62
v -2.15 -1.075 1.72
v -2.3 -1.075 1.72
v -2.3 -1.175 1.693205
v -2.3 -1.216421 1.661421
v -2.3 -1.268185 1.571764
v -2.3 -1.248205 1.62
v -2.3 -1.126764 1.713185
v -2.15 -1.268185 1.571764
v -2.15 -1.126764 1.713185
v -2.15 -1.175 1.693205
v -2.15 -1.216421 1.661421
v -2.15 -1.248205 1.62
v -2.65 -1.075 1.72
v -2.8 -1.075 1.72
v -2.8 -1.175 1.693205
v -2.8 -1.216421 1.661421
v -2.8 -1.268185 1.571764
v -2.8 -1.248205 1.62
v -2.8 -1.126764 1.713185
v -2.65 -1.268185 1.571764
v -2.65 -1.126764 1.713185
v -2.65 -1.175 1.693205
v -2.65 -1.216421 1.661421
v -2.65 -1.248205 1.62
v -3.15 -1.075 1.72
v -3.3 -1.075 1.72
v -3.3 -1.175 1.693205
v -3.3 -1.216421 1.661421
v -3.3 -1.268185 1.571764
v -3.3 -1.248205 1.62
v -3.3 -1.126764 1.713185
v -3.15 -1.268185 1.571764
v -3.15 -1.126764 1.713185
v -3.15 -1.175 1.693205
v -3.15 -1.216421 1.661421
v -3.15 -1.248205 1.62
v -3.65 -1.075 1.72
v -3.8 -1.075 1.72
v -3.8 -1.175 1.693205
v -3.8 -1.216421 1.661421
v -3.8 -1.268185 1.571764
v -3.8 -1.248205 1.62
v -3.8 -1.126764 1.713185
v -3.65 -1.268185 1.571764
v -3.65 -1.126764 1.713185
v -3.65 -1.175 1.693205
v -3.65 -1.216421 1.661421
v -3.65 -1.248205 1.62
v -4.15 -1.075 1.72
v -4.3 -1.075 1.72
v -4.3 -1.175 1.693205
v -4.3 -1.216421 1.661421
v -4.3 -1.268185 1.571764
v -4.3 -1.248205 1.62
v -4.3 -1.126764 1.713185
v -4.15 -1.268185 1.571764
v -4.15 -1.126764 1.713185
v -4.15 -1.175 1.693205
v -4.15 -1.216421 1.661421
v -4.15 -1.248205 1.62
v -4.65 -1.075 1.72
v -4.8 -1.075 1.72
v -4.8 -1.175 1.693205
v -4.8 -1.216421 1.661421
v -4.8 -1.268185 1.571764
v -4.8 -1.248205 1.62
v -4.8 -1.126764 1.713185
v -4.65 -1.268185 1.571764
v -4.65 -1.126764 1.713185
v -4.65 -1.175 1.693205
v -4.65 -1.216421 1.661421
v -4.65 -1.248205 1.62
v -5.15 -1.075 1.72
v -5.3 -1.075 1.72
v -5.3 -1.175 1.693205
v -5.3 -1.216421 1.661421
v -5.3 -1.268185 1.571764
v -5.3 -1.248205 1.62
v -5.3 -1.126764 1.713185
v -5.15 -1.268185 1.571764
v -5.15 -1.126764 1.713185
v -5.15 -1.175 1.693205
v -5.15 -1.216421 1.661421
v -5.15 -1.248205 1.62
v -5.65 -1.075 1.72
v -5.8 -1.075 1.72
v -5.8 -1.175 1.693205
v -5.8 -1.216421 1.661421
v -5.8 -1.268185 1.571764
v -5.8 -1.248205 1.62
v -5.8 -1.126764 1.713185
v -5.65 -1.268185 1.571764
v -5.65 -1.126764 1.713185
v -5.65 -1.175 1.693205
v -5.65 -1.216421 1.661421
v -5.65 -1.248205 1.62
v 7.638059 1.553329 1.98
v 7.631735 1.545362 1.98
v 7.642845 1.535893 1.98
newmtl 5
Ka 0.0 0.0 0.0
Kd 0.0 0.0 0.0
Ks 0.0 0.0 0.0
d 0.0
endmtl
v 7.62939 1.543243 1.98
v 7.630405 1.526937 1.98
v 7.621342 1.538016 1.98
v 7.616652 1.521504 1.98
v 7.610937 1.534348 1.98
v 7.595837 1.518934 1.98
v 7.595744 1.532736 1.98
v 7.562537 1.518934 1.98
v 7.578166 1.532736 1.98
v 7.562537 1.639999 1.98
v 7.578166 1.626073 1.98
v 7.597075 1.639999 1.98
v 7.596456 1.626073 1.98
v 7.616348 1.637767 1.98
v 7.611488 1.624483 1.98
v 7.630853 1.632265 1.98
v 7.622087 1.62079 1.98
v 7.642845 1.623968 1.98
v 7.631394 1.614684 1.98
v 7.647866 1.618956 1.98
v 7.635507 1.610496 1.98
v 7.655167 1.60816 1.98
v 7.640018 1.603485 1.98
v 7.659414 1.596375 1.98
v 7.643243 1.594241 1.98
v 7.661104 1.581014 1.98
v 7.644671 1.58058 1.98
v 7.660649 1.57242 1.98
v 7.644351 1.573697 1.98
v 7.657555 1.558385 1.98
v 7.642118 1.562427 1.98
v 7.651423 1.54596 1.98
v 7.631394 1.614684 1.97
v 7.635507 1.610496 1.97
v 7.640018 1.603485 1.97
v 7.643243 1.594241 1.97
v 7.644671 1.58058 1.97
v 7.596456 1.626073 1.97
v 7.611488 1.624483 1.97
v 7.622087 1.62079 1.97
v 7.578166 1.626073 1.97
v 7.578166 1.532736 1.97
v 7.595744 1.532736 1.97
v 7.631735 1.545362 1.97
v 7.62939 1.543243 1.97
v 7.621342 1.538016 1.97
v 7.610937 1.534348 1.97
v 7.644351 1.573697 1.97
v 7.642118 1.562427 1.97
v 7.638059 1.553329 1.97
v 7.418881 1.540287 1.98
v 7.41772 1.536256 1.98
v 7.417024 1.533293 1.98
v 7.416622 1.533293 1.98
v 7.414765 1.540411 1.98
v 7.392174 1.6054 1.98
v 7.375214 1.6054 1.98
v 7.409132 1.519119 1.98
v 7.402479 1.503398 1.98
v 7.396688 1.494791 1.98
v 7.399512 1.497955 1.98
v 7.393906 1.492858 1.98
v 7.390584 1.491613 1.98
v 7.386943 1.491205 1.98
v 7.381443 1.491922 1.98
v 7.37834 1.492938 1.98
v 7.37834 1.479445 1.98
v 7.384772 1.478327 1.98
v 7.38812 1.478207 1.98
v 7.394246 1.478912 1.98
v 7.400229 1.481191 1.98
v 7.405526 1.484893 1.98
v 7.40656 1.485841 1.98
v 7.412109 1.492505 1.98
v 7.418974 1.505874 1.98
v 7.458215 1.6054 1.98
v 7.442493 1.6054 1.98
v 7.332384 1.516891 1.98
v 7.344704 1.518179 1.98
v 7.353014 1.521066 1.98
v 7.357574 1.523761 1.98
v 7.361913 1.527556 1.98
v 7.364739 1.531555 1.98
v 7.366602 1.536361 1.98
v 7.367323 1.542454 1.98
v 7.366696 1.548103 1.98
v 7.365078 1.552574 1.98
v 7.362247 1.556751 1.98
v 7.358632 1.559977 1.98
v 7.348561 1.565578 1.98
v 7.342689 1.567954 1.98
v 7.333304 1.572039 1.98
v 7.327958 1.575381 1.98
v 7.326479 1.577009 1.98
v 7.325387 1.579055 1.98
v 7.324785 1.58141 1.98
v 7.324646 1.583428 1.98
v 7.324922 1.585846 1.98
v 7.32567 1.587893 1.98
v 7.32697 1.589823 1.98
v 7.329258 1.591845 1.98
v 7.332658 1.593653 1.98
v 7.336715 1.594727 1.98
v 7.341204 1.595064 1.98
v 7.351162 1.593932 1.98
v 7.359715 1.590796 1.98
v 7.363176 1.588812 1.98
v 7.363176 1.603543 1.98
v 7.351049 1.606809 1.98
v 7.342689 1.607381 1.98
v 7.331551 1.60617 1.98
v 7.323232 1.603196 1.98
v 7.318736 1.60051 1.98
v 7.31424 1.596469 1.98
v 7.311423 1.59237 1.98
v 7.309617 1.587488 1.98
v 7.309019 1.582066 1.98
v 7.30967 1.576178 1.98
v 7.311343 1.571548 1.98
v 7.31332 1.568387 1.98
v 7.331981 1.556937 1.98
v 7.322942 1.56108 1.98
v 7.315801 1.565793 1.98
v 7.341938 1.552767 1.98
v 7.347857 1.5492 1.98
v 7.349747 1.547233 1.98
v 7.350919 1.545222 1.98
v 7.351608 1.542854 1.98
v 7.351757 1.540968 1.98
v 7.351442 1.538075 1.98
v 7.350672 1.535919 1.98
v 7.349348 1.533961 1.98
v 7.347608 1.532416 1.98
v 7.346225 1.531578 1.98
v 7.342312 1.530145 1.98
v 7.334539 1.529274 1.98
v 7.333869 1.52927 1.98
v 7.308926 1.537626 1.98
v 7.314854 1.533959 1.98
v 7.324362 1.530381 1.98
v 7.308926 1.521967 1.98
v 7.319776 1.51818 1.98
v 7.273212 1.518934 1.98
v 7.288377 1.518934 1.98
v 7.273212 1.532303 1.98
v 7.288377 1.574577 1.98
v 7.273212 1.573896 1.98
v 7.24035 1.555836 1.98
v 7.243991 1.55754 1.98
v 7.27281 1.532303 1.98
v 7.264812 1.53453 1.98
v 7.270448 1.528707 1.98
v 7.260527 1.531638 1.98
v 7.252974 1.559598 1.98
v 7.273212 1.562322 1.98
v 7.273212 1.554028 1.98
v 7.273198 1.553021 1.98
v 7.272222 1.546255 1.98
v 7.269997 1.540845 1.98
v 7.266714 1.536388 1.98
v 7.272685 1.580601 1.98
v 7.287261 1.585814 1.98
v 7.271118 1.586 1.98
v 7.28491 1.5928 1.98
v 7.269335 1.589123 1.98
v 7.281829 1.597746 1.98
v 7.267043 1.591562 1.98
v 7.277806 1.601646 1.98
v 7.264351 1.593297 1.98
v 7.272793 1.604553 1.98
v 7.260834 1.594525 1.98
v 7.266448 1.606517 1.98
v 7.255697 1.595064 1.98
v 7.25712 1.607381 1.98
v 7.246521 1.594094 1.98
v 7.242883 1.605796 1.98
v 7.237046 1.59082 1.98
v 7.23143 1.60164 1.98
v 7.227349 1.584604 1.98
v 7.227349 1.599334 1.98
v 7.237386 1.534527 1.98
v 7.226328 1.5237 1.98
v 7.238676 1.533231 1.98
v 7.231434 1.520137 1.98
v 7.241697 1.531168 1.98
v 7.237248 1.517945 1.98
v 7.245128 1.529909 1.98
v 7.24632 1.516891 1.98
v 7.25025 1.529332 1.98
v 7.254138 1.517757 1.98
v 7.255926 1.529967 1.98
v 7.260287 1.519978 1.98
v 7.265659 1.52355 1.98
v 7.23441 1.545727 1.98
v 7.218961 1.544258 1.98
v 7.234282 1.54332 1.98
v 7.218901 1.542082 1.98
v 7.234666 1.539839 1.98
v 7.219647 1.535209 1.98
v 7.235663 1.537084 1.98
v 7.221481 1.530078 1.98
v 7.224632 1.525419 1.98
v 7.247589 1.570306 1.98
v 7.236531 1.567636 1.98
v 7.238304 1.554275 1.98
v 7.229925 1.564347 1.98
v 7.236489 1.552028 1.98
v 7.225196 1.560343 1.98
v 7.235158 1.5492 1.98
v 7.222115 1.556037 1.98
v 7.219981 1.550727 1.98
v 7.266714 1.536388 1.97
v 7.264812 1.53453 1.97
v 7.260527 1.531638 1.97
v 7.255926 1.529967 1.97
v 7.25025 1.529332 1.97
v 7.273212 1.554028 1.97
v 7.273198 1.553021 1.97
v 7.272222 1.546255 1.97
v 7.269997 1.540845 1.97
v 7.273212 1.562322 1.97
v 7.252974 1.559598 1.97
v 7.238304 1.554275 1.97
v 7.24035 1.555836 1.97
v 7.243991 1.55754 1.97
v 7.234282 1.54332 1.97
v 7.23441 1.545727 1.97
v 7.235158 1.5492 1.97
v 7.236489 1.552028 1.97
v 7.238676 1.533231 1.97
v 7.237386 1.534527 1.97
v 7.235663 1.537084 1.97
v 7.234666 1.539839 1.97
v 7.245128 1.529909 1.97
v 7.241697 1.531168 1.97
v 6.604522 1.501897 1.98
v 6.617292 1.486079 1.98
v 6.596832 1.577906 1.98
v 6.582793 1.728127 1.98
v 6.602148 1.738075 1.98
v 6.596376 1.7906 1.98
v 6.650199 1.793097 1.98
v 6.676883 1.730261 1.98
v 6.690114 1.757615 1.98
v 6.630402 1.794818 1.98
v 6.684049 1.57971 1.98
v 6.692042 1.576849 1.98
v 6.763819 1.556387 1.98
v 6.698967 1.572174 1.98
v 6.704512 1.565985 1.98
v 6.884326 1.620084 1.98
v 6.857643 1.665704 1.98
v 6.742301 1.605451 1.98
v 6.676883 1.580489 1.98
v 6.668464 1.579409 1.98
v 6.657554 1.632274 1.98
v 6.660948 1.576442 1.98
v 6.638515 1.625088 1.98
v 6.654218 1.571656 1.98
v 6.620862 1.612937 1.98
v 6.650815 1.568058 1.98
v 6.606566 1.596736 1.98
v 6.646366 1.560939 1.98
v 6.643829 1.552838 1.98
v 6.643402 1.544448 1.98
v 6.708975 1.628943 1.98
v 6.688197 1.634098 1.98
v 6.677743 1.634717 1.98
v 6.708251 1.558918 1.98
v 6.710216 1.550937 1.98
v 6.763819 1.54778 1.98
v 6.710228 1.543061 1.98
v 6.763467 1.539987 1.98
v 6.912731 1.705299 1.98
v 6.919617 1.705299 1.98
v 6.954908 1.75178 1.98
v 6.936656 1.703108 1.98
v 6.958872 1.750452 1.98
v 6.951623 1.697164 1.98
v 6.984511 1.737801 1.98
v 7.007908 1.718102 1.98
v 6.667844 1.813647 1.98
v 6.70945 1.780657 1.98
v 6.688072 1.83097 1.98
v 6.732282 1.797339 1.98
v 6.709017 1.843951 1.98
v 6.578743 1.588929 1.98
v 6.584958 1.523536 1.98
v 6.595971 1.520235 1.98
v 6.623469 1.74282 1.98
v 6.631262 1.743172 1.98
v 6.6403 1.79428 1.98
v 6.650853 1.740815 1.98
v 6.670172 1.7339 1.98
v 6.727243 1.619158 1.98
v 6.644995 1.536376 1.98
v 6.648402 1.529141 1.98
v 6.964888 1.687693 1.98
v 6.973019 1.678803 1.98
v 7.025531 1.693653 1.98
v 6.981465 1.664277 1.98
v 7.036117 1.66738 1.98
v 6.986051 1.647902 1.98
v 7.040123 1.63902 1.98
v 6.986756 1.63816 1.98
v 7.036225 1.608498 1.98
v 6.984502 1.620672 1.98
v 7.025456 1.581224 1.98
v 6.978397 1.605396 1.98
v 7.008276 1.557248 1.98
v 6.969003 1.592324 1.98
v 6.984965 1.537494 1.98
v 6.956344 1.581608 1.98
v 6.958713 1.524612 1.98
v 6.94128 1.574322 1.98
v 6.929946 1.518514 1.98
v 6.924781 1.57102 1.98
v 6.879161 1.518514 1.98
v 6.886047 1.57102 1.98
v 6.874312 1.519295 1.98
v 6.908427 1.81978 1.98
v 6.874281 1.780648 1.98
v 6.936703 1.787132 1.98
v 6.893817 1.757562 1.98
v 6.90725 1.729905 1.98
v 6.564498 1.778191 1.98
v 6.537136 1.758922 1.98
v 6.566724 1.713898 1.98
v 6.531414 1.753502 1.98
v 6.554898 1.696696 1.98
v 6.510617 1.726803 1.98
v 6.547636 1.677462 1.98
v 6.758721 1.518666 1.98
v 6.708173 1.5348 1.98
v 6.748774 1.49931 1.98
v 6.704171 1.527406 1.98
v 6.734545 1.483242 1.98
v 6.699498 1.522128 1.98
v 6.717343 1.471416 1.98
v 6.69296 1.517439 1.98
v 6.698109 1.464154 1.98
v 6.685504 1.514461 1.98
v 6.677743 1.461704 1.98
v 6.676883 1.513349 1.98
v 6.674263 1.461772 1.98
v 6.675416 1.513381 1.98
v 6.653947 1.464978 1.98
v 6.667688 1.514641 1.98
v 6.634106 1.473357 1.98
v 6.659908 1.517983 1.98
v 6.653319 1.523033 1.98
v 6.881721 1.57182 1.98
v 6.861035 1.527542 1.98
v 6.863036 1.525506 1.98
v 6.748703 1.859275 1.98
v 6.760376 1.80877 1.98
v 6.791363 1.86454 1.98
v 6.792224 1.812894 1.98
v 6.826845 1.860812 1.98
v 6.821615 1.809255 1.98
v 6.87004 1.84559 1.98
v 6.848592 1.798865 1.98
v 6.872751 1.782036 1.98
v 6.496922 1.695789 1.98
v 6.49119 1.663433 1.98
v 6.545186 1.657096 1.98
v 6.490958 1.655375 1.98
v 6.54613 1.644388 1.98
v 6.495179 1.621437 1.98
v 6.552183 1.623234 1.98
v 6.507566 1.589405 1.98
v 6.563173 1.604619 1.98
v 6.52711 1.561552 1.98
v 6.553865 1.538717 1.98
v 6.884303 1.571249 1.98
v 6.868618 1.521536 1.98
v 6.854199 1.545197 1.98
v 6.855016 1.538786 1.98
v 6.857284 1.532949 1.98
v 6.874213 1.571025 1.98
v 6.868306 1.568692 1.98
v 6.854418 1.548594 1.98
v 6.863013 1.56494 1.98
v 6.859457 1.561018 1.98
v 6.856146 1.555146 1.98
v 6.880883 1.571881 1.98
v 6.676883 1.580489 1.97
v 6.684049 1.57971 1.97
v 6.692042 1.576849 1.97
v 6.698967 1.572174 1.97
v 6.704512 1.565985 1.97
v 6.708251 1.558918 1.97
v 6.710216 1.550937 1.97
v 6.710228 1.543061 1.97
v 6.708173 1.5348 1.97
v 6.704171 1.527406 1.97
v 6.699498 1.522128 1.97
v 6.69296 1.517439 1.97
v 6.685504 1.514461 1.97
v 6.676883 1.513349 1.97
v 6.675416 1.513381 1.97
v 6.667688 1.514641 1.97
v 6.659908 1.517983 1.97
v 6.653319 1.523033 1.97
v 6.648402 1.529141 1.97
v 6.644995 1.536376 1.97
v 6.643402 1.544448 1.97
v 6.643829 1.552838 1.97
v 6.646366 1.560939 1.97
v 6.650815 1.568058 1.97
v 6.654218 1.571656 1.97
v 6.660948 1.576442 1.97
v 6.668464 1.579409 1.97
v 7.486449 1.745387 1.98
v 7.480125 1.73742 1.98
v 7.491235 1.727951 1.98
v 7.47778 1.7353 1.98
v 7.478795 1.718995 1.98
v 7.469732 1.730074 1.98
v 7.465042 1.713562 1.98
v 7.459327 1.726406 1.98
v 7.444227 1.710992 1.98
v 7.444133 1.724794 1.98
v 7.410927 1.710992 1.98
v 7.426556 1.724794 1.98
v 7.410927 1.832057 1.98
v 7.426556 1.81813 1.98
v 7.445465 1.832057 1.98
v 7.444846 1.81813 1.98
v 7.464737 1.829825 1.98
v 7.459878 1.81654 1.98
v 7.479243 1.824323 1.98
v 7.470478 1.812848 1.98
v 7.491235 1.816026 1.98
v 7.479784 1.806742 1.98
v 7.496256 1.811014 1.98
v 7.483897 1.802554 1.98
v 7.503557 1.800218 1.98
v 7.488408 1.795543 1.98
v 7.507804 1.788433 1.98
v 7.491633 1.786299 1.98
v 7.509494 1.773072 1.98
v 7.493061 1.772638 1.98
v 7.509039 1.764477 1.98
v 7.492741 1.765755 1.98
v 7.505945 1.750442 1.98
v 7.490508 1.754485 1.98
v 7.499813 1.738018 1.98
v 7.479784 1.806742 1.97
v 7.483897 1.802554 1.97
v 7.488408 1.795543 1.97
v 7.491633 1.786299 1.97
v 7.493061 1.772638 1.97
v 7.444846 1.81813 1.97
v 7.459878 1.81654 1.97
v 7.470478 1.812848 1.97
v 7.426556 1.81813 1.97
v 7.426556 1.724794 1.97
v 7.444133 1.724794 1.97
v 7.480125 1.73742 1.97
v 7.47778 1.7353 1.97
v 7.469732 1.730074 1.97
v 7.459327 1.726406 1.97
v 7.492741 1.765755 1.97
v 7.490508 1.754485 1.97
v 7.486449 1.745387 1.97
v 7.267457 1.722875 1.98
v 7.256182 1.72412 1.98
v 7.247398 1.727289 1.98
v 7.239329 1.73274 1.98
v 7.236354 1.735625 1.98
v 7.230192 1.744305 1.98
v 7.226382 1.75417 1.98
v 7.224479 1.769032 1.98
v 7.224471 1.770162 1.98
v 7.226099 1.785317 1.98
v 7.229937 1.796116 1.98
v 7.235577 1.804739 1.98
v 7.23719 1.806556 1.98
v 7.244925 1.813036 1.98
v 7.254379 1.817583 1.98
v 7.264818 1.81974 1.98
v 7.27018 1.819987 1.98
v 7.298713 1.812808 1.98
v 7.296777 1.813838 1.98
v 7.284426 1.818369 1.98
v 7.298713 1.829148 1.98
v 7.270025 1.834099 1.98
v 7.271137 1.834094 1.98
v 7.286796 1.832689 1.98
v 7.253823 1.832295 1.98
v 7.24097 1.827632 1.98
v 7.229064 1.819586 1.98
v 7.225554 1.816274 1.98
v 7.21715 1.805437 1.98
v 7.211248 1.792097 1.98
v 7.20835 1.776463 1.98
v 7.208069 1.769234 1.98
v 7.210038 1.7512 1.98
v 7.214707 1.738201 1.98
v 7.221676 1.727636 1.98
v 7.223604 1.725475 1.98
v 7.265198 1.708949 1.98
v 7.25709 1.709377 1.98
v 7.23277 1.717754 1.98
v 7.244104 1.712219 1.98
v 7.28712 1.711539 1.98
v 7.298713 1.716005 1.98
v 7.298713 1.730983 1.98
v 7.286321 1.725488 1.98
v 7.272536 1.723045 1.98
v 7.701676 1.565726 1.98
v 7.696724 1.552047 1.98
v 7.742309 1.565726 1.98
v 7.747137 1.552047 1.98
v 7.71978 1.616046 1.98
v 7.713931 1.639999 1.98
v 7.667819 1.518934 1.98
v 7.685088 1.518934 1.98
v 7.720828 1.619659 1.98
v 7.72176 1.624525 1.98
v 7.730642 1.639999 1.98
v 7.722132 1.624525 1.98
v 7.72311 1.619404 1.98
v 7.72402 1.616046 1.98
v 7.776753 1.518934 1.98
v 7.759485 1.518934 1.98
v 7.71978 1.616046 1.97
v 7.720828 1.619659 1.97
v 7.72176 1.624525 1.97
v 7.701676 1.565726 1.97
v 7.742309 1.565726 1.97
v 7.72402 1.616046 1.97
v 7.722132 1.624525 1.97
v 7.72311 1.619404 1.97
v 7.539668 1.532736 1.98
v 7.490183 1.532736 1.98
v 7.490183 1.573462 1.98
v 7.533478 1.573462 1.98
v 7.533478 1.587327 1.98
v 7.490183 1.587327 1.98
v 7.490183 1.626073 1.98
v 7.536913 1.626073 1.98
v 7.536913 1.639999 1.98
v 7.474555 1.639999 1.98
v 7.474555 1.518934 1.98
v 7.539668 1.518934 1.98
v 7.154902 1.532736 1.98
v 7.204386 1.532736 1.98
v 7.154902 1.573462 1.98
v 7.198197 1.573462 1.98
v 7.198197 1.587327 1.98
v 7.154902 1.587327 1.98
v 7.154902 1.626073 1.98
v 7.201632 1.626073 1.98
v 7.201632 1.639999 1.98
v 7.139274 1.639999 1.98
v 7.139274 1.518934 1.98
v 7.204386 1.518934 1.98
v 7.550066 1.757784 1.98
v 7.545114 1.744105 1.98
v 7.5907 1.757784 1.98
v 7.595527 1.744105 1.98
v 7.56817 1.808104 1.98
v 7.562321 1.832057 1.98
v 7.51621 1.710992 1.98
v 7.533478 1.710992 1.98
v 7.569218 1.811717 1.98
v 7.57015 1.816583 1.98
v 7.579032 1.832057 1.98
v 7.570522 1.816583 1.98
v 7.5715 1.811461 1.98
v 7.57241 1.808104 1.98
v 7.625144 1.710992 1.98
v 7.607875 1.710992 1.98
v 7.56817 1.808104 1.97
v 7.569218 1.811717 1.97
v 7.57015 1.816583 1.97
v 7.550066 1.757784 1.97
v 7.5907 1.757784 1.97
v 7.57241 1.808104 1.97
v 7.570522 1.816583 1.97
v 7.5715 1.811461 1.97
v 7.338573 1.724794 1.98
v 7.388058 1.724794 1.98
v 7.338573 1.76552 1.98
v 7.381868 1.76552 1.98
v 7.381868 1.779385 1.98
v 7.338573 1.779385 1.98
v 7.338573 1.81813 1.98
v 7.385303 1.81813 1.98
v 7.385303 1.832057 1.98
v 7.322945 1.832057 1.98
v 7.322945 1.710992 1.98
v 7.388058 1.710992 1.98
v 7.154902 1.724794 1.98
v 7.203117 1.724794 1.98
v 7.154902 1.832057 1.98
v 7.139274 1.832057 1.98
v 7.139274 1.710992 1.98
v 7.203117 1.710992 1.98
usemtl 1
f 1// 2// 3//
f 4// 5// 6//
f 7// 4// 8//
f 9// 7// 10//
f 11// 12// 13//
f 14// 15// 16//
f 17// 18// 19//
f 20// 21// 22//
f 23// 24// 25//
f 26// 27// 25//
f 25// 27// 28//
f 25// 28// 23//
f 24// 23// 29//
f 29// 23// 30//
f 29// 30// 31//
f 27// 32// 28//
f 28// 32// 33//
f 28// 33// 34//
f 34// 33// 35//
f 34// 35// 36//
f 36// 35// 37//
f 36// 37// 31//
f 31// 37// 38//
f 31// 38// 29//
f 39// 40// 41//
f 41// 40// 42//
f 39// 43// 40//
f 40// 43// 44//
f 40// 44// 45//
f 45// 44// 46//
f 40// 47// 48//
f 49// 50// 40//
f 40// 50// 51//
f 40// 51// 47//
f 48// 52// 40//
f 40// 52// 53//
f 40// 53// 42//
f 54// 55// 56//
f 57// 58// 44//
f 44// 58// 59//
f 44// 59// 46//
f 54// 56// 44//
f 44// 56// 60//
f 44// 60// 57//
f 61// 62// 63//
f 49// 40// 64//
f 64// 40// 65//
f 64// 65// 61//
f 66// 67// 68//
f 68// 67// 69//
f 68// 69// 63//
f 63// 69// 70//
f 63// 70// 61//
f 71// 72// 73//
f 73// 72// 74//
f 73// 74// 75//
f 76// 77// 78//
f 79// 80// 76//
f 76// 80// 81//
f 76// 81// 77//
f 82// 83// 76//
f 76// 83// 84//
f 76// 84// 79//
f 21// 85// 86//
f 86// 85// 87//
f 86// 87// 82//
f 82// 87// 88//
f 82// 88// 83//
f 89// 90// 22//
f 22// 90// 91//
f 22// 91// 20//
f 92// 93// 94//
f 94// 93// 95//
f 93// 96// 95//
f 95// 96// 97//
f 95// 97// 22//
f 22// 97// 98//
f 22// 98// 89//
f 61// 65// 62//
f 62// 65// 99//
f 62// 99// 100//
f 100// 99// 101//
f 100// 101// 102//
f 103// 104// 105//
f 106// 107// 108//
f 109// 110// 111//
f 112// 113// 114//
f 114// 113// 115//
f 114// 115// 116//
f 116// 115// 109//
f 116// 109// 117//
f 117// 109// 111//
f 118// 119// 16//
f 118// 16// 120//
f 119// 118// 113//
f 113// 118// 121//
f 113// 121// 115//
f 16// 122// 120//
f 120// 122// 123//
f 120// 123// 124//
f 125// 126// 122//
f 122// 126// 127//
f 122// 127// 123//
f 128// 129// 130//
f 122// 131// 132//
f 133// 134// 135//
f 135// 134// 136//
f 135// 136// 128//
f 128// 136// 137//
f 128// 137// 129//
f 132// 138// 122//
f 122// 138// 139//
f 122// 139// 125//
f 140// 141// 142//
f 140// 142// 143//
f 141// 144// 142//
f 142// 144// 145//
f 142// 145// 135//
f 135// 145// 146//
f 135// 146// 133//
f 147// 148// 149//
f 150// 151// 152//
f 152// 151// 153//
f 154// 155// 156//
f 156// 155// 157//
f 157// 158// 159//
f 160// 156// 161//
f 161// 156// 157//
f 161// 157// 162//
f 162// 157// 159//
f 163// 164// 165//
f 16// 166// 167//
f 168// 169// 170//
f 170// 169// 171//
f 172// 173// 16//
f 16// 173// 174//
f 16// 174// 166//
f 168// 175// 169//
f 169// 175// 176//
f 169// 176// 119//
f 164// 172// 165//
f 165// 172// 16//
f 165// 16// 177//
f 177// 16// 119//
f 177// 119// 178//
f 178// 119// 176//
f 167// 179// 16//
f 16// 179// 180//
f 16// 180// 14//
f 181// 182// 183//
f 183// 182// 184//
f 183// 184// 185//
f 183// 186// 181//
f 181// 186// 187//
f 181// 187// 188//
f 188// 189// 181//
f 181// 189// 190//
f 181// 190// 191//
f 191// 190// 192//
f 191// 192// 193//
f 193// 192// 194//
f 193// 194// 165//
f 165// 194// 195//
f 165// 195// 163//
f 196// 197// 185//
f 185// 197// 198//
f 185// 198// 183//
f 199// 94// 200//
f 171// 169// 201//
f 201// 169// 94//
f 201// 94// 202//
f 203// 204// 205//
f 206// 207// 199//
f 207// 208// 199//
f 199// 208// 209//
f 199// 209// 94//
f 94// 209// 210//
f 94// 210// 202//
f 203// 205// 199//
f 199// 205// 211//
f 199// 211// 206//
f 212// 213// 204//
f 204// 213// 214//
f 204// 214// 205//
f 212// 215// 213//
f 213// 215// 216//
f 213// 216// 217//
f 217// 216// 218//
f 217// 219// 220//
f 218// 221// 217//
f 217// 221// 222//
f 217// 222// 223//
f 223// 224// 217//
f 217// 224// 225//
f 217// 225// 219//
f 220// 226// 217//
f 217// 226// 227//
f 217// 227// 228//
f 229// 230// 231//
f 231// 230// 232//
f 231// 232// 200//
f 200// 232// 233//
f 200// 233// 199//
f 234// 147// 15//
f 15// 147// 128//
f 15// 128// 16//
f 16// 128// 130//
f 16// 130// 122//
f 122// 130// 235//
f 122// 235// 131//
f 236// 237// 238//
f 238// 237// 239//
f 240// 241// 242//
f 243// 244// 94//
f 244// 245// 94//
f 94// 245// 246//
f 94// 246// 247//
f 236// 248// 237//
f 237// 248// 249//
f 237// 249// 250//
f 250// 249// 251//
f 252// 253// 251//
f 251// 253// 254//
f 251// 254// 250//
f 255// 256// 240//
f 240// 256// 257//
f 240// 257// 241//
f 258// 259// 260//
f 260// 259// 261//
f 260// 261// 262//
f 242// 263// 240//
f 240// 263// 264//
f 240// 264// 95//
f 95// 264// 239//
f 95// 239// 265//
f 265// 239// 237//
f 265// 266// 95//
f 95// 266// 267//
f 95// 267// 94//
f 94// 267// 268//
f 94// 268// 243//
f 247// 269// 94//
f 94// 269// 270//
f 94// 270// 200//
f 200// 270// 271//
f 200// 271// 260//
f 272// 273// 251//
f 251// 273// 274//
f 251// 274// 275//
f 275// 276// 251//
f 251// 276// 277//
f 251// 277// 252//
f 278// 279// 148//
f 279// 280// 148//
f 148// 280// 281//
f 148// 281// 149//
f 279// 282// 280//
f 280// 282// 283//
f 280// 283// 240//
f 240// 283// 284//
f 240// 284// 255//
f 285// 286// 287//
f 287// 286// 288//
f 289// 290// 287//
f 287// 290// 291//
f 287// 291// 292//
f 292// 293// 287//
f 287// 293// 294//
f 287// 294// 285//
f 295// 296// 297//
f 297// 296// 298//
f 298// 296// 299//
f 299// 296// 300//
f 299// 300// 301//
f 301// 300// 302//
f 301// 302// 303//
f 304// 305// 302//
f 302// 305// 306//
f 302// 306// 307//
f 302// 308// 303//
f 303// 308// 309//
f 303// 309// 310//
f 310// 309// 311//
f 310// 311// 312//
f 307// 313// 302//
f 302// 313// 314//
f 302// 314// 308//
f 315// 316// 317//
f 318// 319// 320//
f 321// 322// 317//
f 317// 322// 323//
f 317// 323// 304//
f 304// 323// 324//
f 304// 324// 305//
f 316// 325// 317//
f 317// 325// 326//
f 317// 326// 321//
f 153// 156// 152//
f 152// 156// 160//
f 152// 160// 327//
f 327// 160// 328//
f 327// 328// 329//
f 329// 330// 327//
f 327// 330// 318//
f 327// 318// 317//
f 317// 318// 320//
f 317// 320// 315//
f 13// 12// 331//
f 331// 12// 332//
f 331// 332// 333//
f 333// 334// 331//
f 331// 334// 335//
f 331// 335// 158//
f 158// 335// 336//
f 158// 336// 159//
f 337// 338// 339//
f 340// 341// 342//
f 342// 341// 343//
f 344// 345// 346//
f 347// 348// 341//
f 341// 348// 349//
f 341// 349// 350//
f 345// 351// 346//
f 346// 351// 352//
f 346// 352// 353//
f 354// 355// 356//
f 356// 355// 357//
f 356// 357// 358//
f 359// 360// 13//
f 13// 360// 361//
f 13// 361// 362//
f 363// 350// 364//
f 364// 350// 365//
f 364// 365// 356//
f 356// 365// 366//
f 356// 366// 354//
f 339// 338// 13//
f 13// 338// 367//
f 13// 367// 359//
f 353// 368// 346//
f 346// 368// 369//
f 346// 369// 370//
f 371// 372// 373//
f 373// 372// 374//
f 373// 374// 346//
f 346// 374// 375//
f 346// 375// 344//
f 376// 377// 346//
f 346// 377// 378//
f 346// 378// 341//
f 341// 378// 379//
f 341// 379// 347//
f 380// 381// 11//
f 11// 381// 382//
f 382// 383// 11//
f 11// 383// 384//
f 11// 384// 385//
f 385// 384// 371//
f 385// 371// 386//
f 386// 371// 373//
f 363// 387// 350//
f 350// 387// 388//
f 350// 388// 341//
f 341// 388// 389//
f 341// 389// 343//
f 362// 390// 13//
f 13// 390// 391//
f 13// 391// 11//
f 11// 391// 392//
f 11// 392// 380//
f 370// 393// 346//
f 346// 393// 394//
f 346// 394// 376//
f 395// 396// 397//
f 397// 350// 395//
f 395// 350// 349//
f 395// 349// 398//
f 398// 349// 399//
f 399// 400// 398//
f 398// 400// 401//
f 398// 401// 402//
f 403// 404// 405//
f 404// 406// 405//
f 405// 406// 407//
f 405// 407// 408//
f 409// 405// 410//
f 396// 395// 409//
f 409// 395// 411//
f 409// 411// 405//
f 405// 411// 412//
f 405// 412// 403//
f 410// 413// 409//
f 409// 413// 414//
f 409// 414// 415//
f 408// 407// 416//
f 416// 407// 417//
f 416// 417// 418//
f 418// 417// 419//
f 418// 419// 420//
f 421// 422// 415//
f 415// 422// 423//
f 415// 423// 409//
f 286// 424// 288//
f 288// 424// 425//
f 288// 425// 339//
f 339// 425// 426//
f 339// 426// 337//
f 107// 106// 427//
f 427// 106// 428//
f 427// 428// 429//
f 105// 104// 430//
f 430// 104// 431//
f 430// 431// 432//
f 433// 434// 435//
f 435// 434// 436//
f 435// 436// 437//
f 437// 436// 429//
f 437// 429// 438//
f 439// 440// 441//
f 441// 440// 442//
f 441// 442// 432//
f 443// 444// 445//
f 445// 444// 446//
f 447// 448// 449//
f 449// 448// 450//
f 449// 450// 451//
f 451// 450// 452//
f 451// 452// 453//
f 453// 452// 454//
f 453// 454// 455//
f 455// 454// 456//
f 455// 456// 457//
f 457// 456// 458//
f 445// 454// 443//
f 443// 454// 452//
f 443// 452// 459//
f 459// 452// 460//
f 459// 460// 461//
f 461// 460// 462//
f 461// 462// 463//
f 446// 444// 464//
f 464// 444// 63//
f 464// 63// 463//
f 463// 63// 62//
f 463// 62// 461//
f 9// 465// 466//
f 466// 465// 142//
f 466// 142// 467//
f 467// 142// 135//
f 467// 135// 468//
f 468// 135// 128//
f 468// 128// 19//
f 19// 128// 147//
f 19// 147// 17//
f 17// 147// 149//
f 234// 229// 147//
f 147// 229// 231//
f 147// 231// 148//
f 148// 231// 200//
f 148// 200// 278//
f 278// 200// 260//
f 278// 260// 469//
f 469// 260// 262//
f 465// 428// 142//
f 142// 428// 106//
f 142// 106// 143//
f 143// 106// 108//
f 143// 108// 112//
f 112// 108// 103//
f 112// 103// 113//
f 113// 103// 105//
f 7// 8// 10//
f 10// 8// 470//
f 10// 470// 471//
f 472// 339// 473//
f 473// 339// 13//
f 473// 13// 474//
f 474// 13// 331//
f 474// 331// 475//
f 475// 331// 158//
f 475// 158// 476//
f 472// 477// 478//
f 477// 479// 478//
f 478// 479// 480//
f 478// 480// 474//
f 474// 480// 481//
f 474// 481// 473//
f 482// 483// 484//
f 484// 483// 480//
f 484// 480// 485//
f 485// 480// 479//
f 485// 479// 486//
f 486// 479// 487//
f 442// 438// 432//
f 432// 438// 429//
f 432// 429// 430//
f 430// 429// 428//
f 430// 428// 488//
f 471// 489// 490//
f 491// 492// 471//
f 9// 10// 465//
f 465// 10// 471//
f 465// 471// 428//
f 428// 471// 490//
f 428// 490// 488//
f 492// 493// 471//
f 471// 493// 494//
f 471// 494// 489//
f 488// 495// 430//
f 430// 495// 496//
f 430// 496// 497//
f 497// 496// 498//
f 497// 498// 499//
f 500// 501// 497//
f 497// 501// 502//
f 497// 502// 471//
f 471// 502// 503//
f 471// 503// 491//
f 499// 504// 497//
f 497// 504// 505//
f 497// 505// 500//
f 506// 507// 471//
f 508// 509// 510//
f 471// 507// 497//
f 497// 507// 511//
f 497// 511// 512//
f 21// 86// 22//
f 22// 86// 478//
f 22// 478// 95//
f 95// 478// 474//
f 95// 474// 240//
f 240// 474// 475//
f 240// 475// 280//
f 280// 475// 476//
f 280// 476// 281//
f 497// 23// 430//
f 430// 23// 28//
f 430// 28// 105//
f 105// 28// 34//
f 105// 34// 113//
f 113// 34// 459//
f 113// 459// 119//
f 119// 459// 461//
f 119// 461// 169//
f 169// 461// 62//
f 169// 62// 94//
f 94// 62// 100//
f 94// 100// 92//
f 92// 100// 102//
f 472// 478// 339//
f 339// 478// 86//
f 339// 86// 288//
f 288// 86// 513//
f 288// 513// 287//
f 513// 514// 287//
f 287// 514// 1//
f 287// 1// 82//
f 82// 1// 3//
f 82// 3// 86//
f 86// 3// 515//
f 86// 515// 513//
f 516// 517// 34//
f 34// 517// 518//
f 34// 518// 519//
f 443// 520// 36//
f 36// 520// 521//
f 36// 521// 522//
f 519// 523// 34//
f 34// 523// 524//
f 34// 524// 459//
f 459// 524// 525//
f 459// 525// 443//
f 443// 525// 526//
f 443// 526// 520//
f 527// 528// 36//
f 36// 528// 529//
f 36// 529// 34//
f 34// 529// 530//
f 34// 530// 516//
f 522// 531// 36//
f 36// 531// 532//
f 36// 532// 527//
f 510// 506// 508//
f 508// 506// 471//
f 508// 471// 533//
f 533// 471// 470//
f 533// 470// 512//
f 512// 470// 534//
f 512// 534// 497//
f 497// 534// 535//
f 497// 535// 23//
f 23// 535// 536//
f 23// 536// 30//
f 4// 6// 8//
f 8// 6// 537//
f 8// 537// 470//
f 470// 537// 538//
f 470// 538// 534//
f 534// 538// 539//
f 534// 539// 535//
f 535// 539// 540//
f 535// 540// 536//
f 78// 75// 76//
f 76// 75// 74//
f 76// 74// 82//
f 82// 74// 541//
f 82// 541// 287//
f 287// 541// 296//
f 287// 296// 289//
f 289// 296// 295//
f 540// 542// 536//
f 536// 542// 543//
f 536// 543// 30//
f 30// 543// 544//
f 30// 544// 31//
f 31// 544// 545//
f 31// 545// 36//
f 36// 545// 546//
f 36// 546// 443//
f 443// 546// 547//
f 443// 547// 444//
f 444// 547// 548//
f 444// 548// 63//
f 63// 548// 549//
f 63// 549// 68//
f 68// 549// 72//
f 68// 72// 66//
f 66// 72// 71//
f 550// 551// 552//
f 552// 551// 553//
f 552// 553// 554//
f 554// 553// 555//
f 542// 5// 556//
f 556// 5// 557//
f 556// 557// 558//
f 558// 557// 559//
f 552// 560// 550//
f 550// 560// 561//
usemtl 2
f 562// 563// 564//
f 564// 563// 565//
f 563// 562// 566//
f 567// 568// 569//
f 570// 569// 571//
f 571// 569// 568//
f 571// 568// 572//
f 572// 568// 573//
f 572// 573// 574//
f 575// 576// 577//
f 577// 576// 567//
f 577// 567// 566//
f 566// 567// 569//
f 566// 569// 563//
usemtl 3
f 564// 565// 578//
f 578// 565// 579//
f 578// 579// 580//
f 580// 579// 581//
usemtl 1
f 577// 18// 575//
f 575// 18// 17//
f 575// 17// 582//
f 582// 17// 583//
f 582// 583// 584//
f 584// 583// 585//
usemtl 2
f 586// 587// 588//
f 588// 589// 586//
f 586// 589// 590//
f 586// 590// 591//
f 591// 592// 586//
f 586// 592// 593//
f 586// 593// 594//
f 594// 595// 586//
f 586// 595// 596//
f 586// 596// 597//
f 597// 598// 586//
f 586// 598// 599//
f 586// 599// 600//
f 600// 601// 586//
f 586// 601// 602//
f 586// 602// 585//
f 602// 603// 585//
f 585// 603// 604//
f 585// 604// 605//
f 585// 606// 607//
f 608// 609// 585//
f 585// 610// 611//
f 611// 612// 585//
f 585// 612// 613//
f 585// 613// 608//
f 609// 614// 585//
f 585// 614// 615//
f 585// 615// 584//
f 605// 616// 585//
f 585// 616// 617//
f 585// 617// 618//
f 607// 619// 585//
f 585// 619// 620//
f 585// 620// 621//
f 621// 622// 585//
f 585// 622// 623//
f 585// 623// 610//
f 618// 624// 585//
f 585// 624// 625//
f 585// 625// 626//
f 626// 627// 585//
f 585// 627// 628//
f 585// 628// 629//
f 629// 630// 585//
f 585// 630// 631//
f 585// 631// 632//
f 632// 633// 585//
f 585// 633// 634//
f 585// 634// 635//
f 635// 636// 585//
f 585// 636// 637//
f 585// 637// 606//
usemtl 1
f 638// 639// 640//
f 640// 639// 641//
f 640// 641// 642//
f 642// 641// 643//
f 644// 645// 646//
f 646// 645// 647//
f 646// 647// 648//
f 648// 647// 649//
f 650// 651// 652//
f 652// 651// 653//
f 652// 653// 654//
f 654// 653// 655//
f 656// 657// 658//
f 658// 657// 659//
f 658// 659// 660//
f 660// 659// 661//
f 662// 663// 664//
f 664// 663// 665//
f 664// 665// 666//
f 666// 665// 667//
f 668// 669// 670//
f 670// 669// 671//
f 670// 671// 672//
f 672// 671// 673//
f 674// 675// 676//
f 676// 675// 677//
f 676// 677// 678//
f 678// 677// 679//
f 680// 681// 682//
f 682// 681// 683//
f 682// 683// 684//
f 684// 683// 685//
f 686// 687// 688//
f 688// 687// 689//
f 688// 689// 690//
f 690// 689// 691//
f 692// 693// 694//
f 694// 693// 695//
f 694// 695// 696//
f 696// 695// 697//
f 698// 699// 700//
f 700// 699// 701//
f 700// 701// 702//
f 702// 701// 703//
f 704// 705// 706//
f 706// 705// 707//
f 706// 707// 708//
f 708// 707// 709//
f 710// 711// 712//
f 712// 711// 713//
f 712// 713// 714//
f 714// 713// 715//
f 716// 717// 718//
f 718// 717// 719//
f 718// 719// 720//
f 720// 719// 721//
f 722// 723// 724//
f 724// 723// 725//
f 724// 725// 726//
f 726// 725// 727//
f 728// 729// 730//
f 730// 729// 731//
f 730// 731// 732//
f 732// 731// 733//
f 734// 735// 736//
f 736// 735// 737//
f 736// 737// 738//
f 738// 737// 739//
f 740// 741// 742//
f 742// 741// 743//
f 742// 743// 744//
f 744// 743// 745//
f 746// 747// 748//
f 748// 747// 749//
f 748// 749// 750//
f 750// 749// 751//
f 752// 753// 754//
f 754// 753// 755//
f 754// 755// 756//
f 756// 755// 757//
f 758// 759// 760//
f 760// 759// 761//
f 760// 761// 762//
f 762// 761// 763//
f 764// 765// 766//
f 766// 765// 767//
f 766// 767// 768//
f 768// 767// 769//
f 770// 771// 772//
f 772// 771// 773//
f 772// 773// 774//
f 774// 773// 775//
f 776// 642// 777//
f 777// 642// 643//
f 649// 778// 648//
f 648// 778// 779//
f 655// 780// 654//
f 654// 780// 781//
f 656// 782// 657//
f 657// 782// 783//
f 662// 784// 663//
f 663// 784// 785//
f 668// 786// 669//
f 669// 786// 787//
f 679// 788// 678//
f 678// 788// 789//
f 685// 790// 684//
f 684// 790// 791//
f 686// 792// 687//
f 687// 792// 793//
f 692// 794// 693//
f 693// 794// 795//
f 703// 796// 702//
f 702// 796// 797//
f 709// 798// 708//
f 708// 798// 799//
f 710// 800// 711//
f 711// 800// 801//
f 716// 802// 717//
f 717// 802// 803//
f 722// 804// 723//
f 723// 804// 805//
f 728// 806// 729//
f 729// 806// 807//
f 734// 808// 735//
f 735// 808// 809//
f 740// 810// 741//
f 741// 810// 811//
f 746// 812// 747//
f 747// 812// 813//
f 752// 814// 753//
f 753// 814// 815//
f 763// 816// 762//
f 762// 816// 817//
f 764// 818// 765//
f 765// 818// 819//
f 770// 820// 771//
f 771// 820// 821//
f 822// 823// 824//
f 824// 823// 825//
f 824// 825// 826//
f 823// 822// 827//
f 827// 822// 828//
f 827// 828// 829//
f 830// 831// 832//
f 832// 831// 833//
f 832// 833// 834//
f 834// 833// 835//
f 836// 837// 838//
f 838// 837// 839//
f 838// 839// 840//
f 840// 839// 841//
f 842// 843// 844//
f 844// 843// 845//
f 844// 845// 846//
usemtl 4
f 847// 848// 849//
f 849// 848// 850//
f 849// 850// 851//
f 851// 850// 852//
usemtl 1
f 853// 854// 555//
f 555// 854// 554//
f 833// 831// 845//
f 845// 831// 855//
f 845// 855// 846//
f 856// 857// 858//
f 858// 857// 859//
f 858// 859// 860//
f 860// 859// 861//
usemtl 4
f 862// 863// 834//
f 834// 863// 836//
f 834// 836// 832//
f 832// 836// 838//
usemtl 1
f 857// 856// 864//
f 864// 856// 865//
f 560// 552// 854//
f 854// 552// 554//
f 856// 858// 865//
f 865// 858// 866//
usemtl 2
f 867// 868// 567//
f 567// 868// 568//
usemtl 1
f 869// 870// 155//
f 871// 872// 873//
f 155// 870// 874//
f 874// 870// 875//
f 874// 875// 876//
f 873// 872// 877//
f 877// 872// 878//
f 877// 878// 879//
f 155// 877// 869//
f 869// 877// 879//
f 869// 879// 876//
f 876// 879// 871//
f 876// 871// 874//
f 874// 871// 873//
f 874// 873// 880//
f 881// 882// 883//
f 883// 882// 884//
f 883// 884// 885//
f 885// 884// 873//
f 885// 873// 886//
f 886// 873// 877//
f 886// 877// 881//
f 881// 877// 882//
f 884// 887// 888//
f 887// 884// 889//
f 889// 884// 882//
f 889// 882// 890//
f 890// 882// 891//
f 890// 891// 888//
f 888// 891// 892//
f 888// 892// 884//
f 892// 893// 894//
f 893// 892// 895//
f 895// 892// 891//
f 895// 891// 896//
f 896// 891// 897//
f 896// 897// 894//
f 894// 897// 898//
f 894// 898// 892//
f 898// 899// 900//
f 899// 898// 901//
f 901// 898// 897//
f 901// 897// 902//
f 902// 897// 903//
f 902// 903// 900//
f 900// 903// 904//
f 900// 904// 898//
f 905// 906// 907//
f 907// 906// 908//
f 907// 908// 909//
f 908// 904// 909//
f 909// 904// 910//
f 909// 910// 911//
f 911// 910// 912//
f 905// 911// 906//
f 906// 911// 912//
f 906// 912// 903//
f 903// 912// 913//
f 903// 913// 904//
f 904// 913// 914//
f 904// 914// 910//
f 908// 915// 916//
f 915// 908// 917//
f 917// 908// 906//
f 917// 906// 918//
f 918// 906// 919//
f 918// 919// 916//
f 916// 919// 920//
f 916// 920// 908//
f 920// 921// 922//
f 921// 920// 923//
f 923// 920// 919//
f 923// 919// 924//
f 924// 919// 925//
f 924// 925// 922//
f 922// 925// 926//
f 922// 926// 920//
f 926// 927// 928//
f 927// 926// 929//
f 929// 926// 925//
f 929// 925// 930//
f 930// 925// 931//
f 930// 931// 928//
f 928// 931// 932//
f 928// 932// 926//
f 932// 933// 934//
f 933// 932// 935//
f 935// 932// 931//
f 935// 931// 936//
f 936// 931// 937//
f 936// 937// 934//
f 934// 937// 938//
f 934// 938// 932//
f 939// 940// 941//
f 941// 940// 942//
f 941// 942// 943//
f 942// 938// 943//
f 943// 938// 944//
f 943// 944// 945//
f 945// 944// 946//
f 939// 945// 940//
f 940// 945// 946//
f 940// 946// 937//
f 937// 946// 947//
f 937// 947// 938//
f 938// 947// 948//
f 938// 948// 944//
f 942// 949// 950//
f 949// 942// 951//
f 951// 942// 940//
f 951// 940// 952//
f 952// 940// 953//
f 952// 953// 950//
f 950// 953// 954//
f 950// 954// 942//
f 954// 955// 956//
f 955// 954// 957//
f 957// 954// 953//
f 957// 953// 958//
f 958// 953// 959//
f 958// 959// 956//
f 956// 959// 960//
f 956// 960// 954//
f 960// 961// 962//
f 961// 960// 963//
f 963// 960// 959//
f 963// 959// 964//
f 964// 959// 965//
f 964// 965// 962//
f 962// 965// 966//
f 962// 966// 960//
f 966// 967// 968//
f 967// 966// 969//
f 969// 966// 965//
f 969// 965// 970//
f 970// 965// 971//
f 970// 971// 968//
f 968// 971// 972//
f 968// 972// 966//
f 973// 974// 975//
f 975// 974// 976//
f 975// 976// 977//
f 976// 972// 977//
f 977// 972// 978//
f 977// 978// 979//
f 979// 978// 980//
f 973// 979// 974//
f 974// 979// 980//
f 974// 980// 971//
f 971// 980// 981//
f 971// 981// 972//
f 972// 981// 982//
f 972// 982// 978//
f 976// 983// 984//
f 983// 976// 985//
f 985// 976// 974//
f 985// 974// 986//
f 986// 974// 987//
f 986// 987// 984//
f 984// 987// 988//
f 984// 988// 976//
f 989// 990// 991//
f 991// 990// 992//
f 991// 992// 993//
f 993// 992// 988//
f 993// 988// 994//
f 994// 988// 987//
f 994// 987// 989//
f 989// 987// 990//
f 992// 995// 996//
f 995// 992// 997//
f 997// 992// 990//
f 997// 990// 998//
f 998// 990// 999//
f 998// 999// 996//
f 996// 999// 1000//
f 996// 1000// 992//
f 1001// 1000// 1002//
f 1002// 1000// 1003//
f 1003// 1000// 1004//
f 1004// 1000// 999//
f 1004// 999// 1005//
f 1005// 999// 1006//
f 1005// 1006// 1002//
f 1002// 1006// 1001//
f 1001// 1006// 154//
f 1001// 154// 1007//
f 880// 873// 1008//
f 1008// 873// 884//
f 1008// 884// 1009//
f 1009// 884// 892//
f 1009// 892// 1010//
f 1010// 892// 898//
f 1010// 898// 1011//
f 1011// 898// 904//
f 1011// 904// 1012//
f 1012// 904// 908//
f 1012// 908// 1013//
f 1013// 908// 920//
f 1013// 920// 1014//
f 1014// 920// 926//
f 1014// 926// 1015//
f 1015// 926// 932//
f 1015// 932// 1016//
f 1016// 932// 938//
f 1016// 938// 1017//
f 1017// 938// 942//
f 1017// 942// 1018//
f 1018// 942// 954//
f 1018// 954// 1019//
f 1019// 954// 960//
f 1019// 960// 1020//
f 1020// 960// 966//
f 1020// 966// 1021//
f 1021// 966// 972//
f 1021// 972// 1022//
f 1022// 972// 976//
f 1022// 976// 1023//
f 1023// 976// 988//
f 1023// 988// 1024//
f 1024// 988// 992//
f 1024// 992// 1025//
f 1025// 992// 1000//
f 1025// 1000// 1026//
f 1026// 1000// 1001//
f 1026// 1001// 1027//
f 1027// 1001// 1007//
f 1027// 1007// 1028//
f 1029// 150// 1030//
f 1030// 150// 300//
f 1031// 1032// 1033//
f 1034// 1035// 1036//
f 1036// 1035// 1031//
f 1036// 1031// 1037//
f 1037// 1031// 1033//
usemtl 4
f 1038// 1035// 1039//
f 1038// 1039// 1040//
f 1041// 1042// 1039//
f 1039// 1042// 1043//
f 1039// 1043// 1044//
f 1044// 1045// 1039//
f 1039// 1045// 1046//
f 1039// 1046// 1040//
usemtl 1
f 1047// 1048// 1049//
f 1049// 1048// 1050//
f 1049// 1050// 1051//
f 1051// 1050// 1052//
f 1051// 1052// 1053//
usemtl 4
f 1054// 1055// 1056//
f 1056// 1055// 1057//
f 1052// 1058// 1057//
f 1057// 1058// 1059//
f 1057// 1059// 1060//
f 1060// 1061// 1057//
f 1057// 1061// 1062//
f 1057// 1062// 1056//
usemtl 1
f 849// 1063// 1064//
f 826// 825// 1064//
f 1064// 825// 1065//
f 1064// 1065// 849//
f 1066// 553// 850//
f 850// 553// 551//
f 850// 551// 1067//
f 1067// 551// 1068//
f 1067// 1068// 1032//
f 1032// 1068// 1033//
f 1069// 1070// 834//
f 834// 835// 1069//
f 1069// 835// 843//
f 1069// 843// 842//
f 1071// 1072// 1073//
f 1071// 1073// 1074//
f 1074// 1073// 1075//
f 1074// 1075// 1076//
f 1077// 1078// 1079//
f 1080// 1081// 1076//
f 1079// 1080// 1077//
f 1077// 1080// 1076//
f 1077// 1076// 1082//
f 1082// 1076// 1075//
f 1082// 1075// 1083//
f 1083// 1075// 1084//
f 1085// 1086// 1087//
f 1088// 1089// 1076//
f 1087// 1088// 1085//
f 1085// 1088// 1076//
f 1085// 1076// 1090//
f 1090// 1076// 1081//
f 1090// 1081// 1091//
f 1091// 1081// 1092//
f 1093// 1094// 1095//
f 1096// 1097// 1076//
f 1095// 1096// 1093//
f 1093// 1096// 1076//
f 1093// 1076// 1098//
f 1098// 1076// 1089//
f 1098// 1089// 1099//
f 1099// 1089// 1100//
f 1101// 1102// 1103//
f 1104// 1105// 1076//
f 1103// 1104// 1101//
f 1101// 1104// 1076//
f 1101// 1076// 1106//
f 1106// 1076// 1097//
f 1106// 1097// 1107//
f 1107// 1097// 1108//
f 1109// 1110// 1111//
f 1112// 1113// 1076//
f 1111// 1112// 1109//
f 1109// 1112// 1076//
f 1109// 1076// 1114//
f 1114// 1076// 1105//
f 1114// 1105// 1115//
f 1115// 1105// 1116//
f 1117// 1118// 1119//
f 1120// 1121// 1076//
f 1119// 1120// 1117//
f 1117// 1120// 1076//
f 1117// 1076// 1122//
f 1122// 1076// 1113//
f 1122// 1113// 1123//
f 1123// 1113// 1124//
f 1125// 1126// 1127//
f 1128// 1129// 1076//
f 1127// 1128// 1125//
f 1125// 1128// 1076//
f 1125// 1076// 1130//
f 1130// 1076// 1121//
f 1130// 1121// 1131//
f 1131// 1121// 1132//
f 1133// 1134// 1135//
f 1136// 1137// 1076//
f 1135// 1136// 1133//
f 1133// 1136// 1076//
f 1133// 1076// 1138//
f 1138// 1076// 1129//
f 1138// 1129// 1139//
f 1139// 1129// 1140//
f 1141// 1142// 1143//
f 1144// 1145// 1076//
f 1143// 1144// 1141//
f 1141// 1144// 1076//
f 1141// 1076// 1146//
f 1146// 1076// 1137//
f 1146// 1137// 1147//
f 1147// 1137// 1148//
f 1149// 1150// 1151//
f 1152// 1153// 1076//
f 1151// 1152// 1149//
f 1149// 1152// 1076//
f 1149// 1076// 1154//
f 1154// 1076// 1145//
f 1154// 1145// 1155//
f 1155// 1145// 1156//
f 1157// 1158// 1159//
f 1160// 1161// 1076//
f 1159// 1160// 1157//
f 1157// 1160// 1076//
f 1157// 1076// 1162//
f 1162// 1076// 1153//
f 1162// 1153// 1163//
f 1163// 1153// 1164//
f 1165// 1166// 1167//
f 1167// 1166// 1076//
f 1167// 1076// 1168//
f 1168// 1076// 1161//
f 1168// 1161// 1169//
f 1169// 1161// 1170//
f 1171// 1172// 1173//
f 1173// 1172// 1072//
f 1173// 1072// 1174//
f 1174// 1072// 1071//
f 1175// 1176// 1177//
f 1172// 1171// 1178//
f 1178// 1171// 1179//
f 1178// 1179// 1177//
f 1177// 1179// 1180//
f 1177// 1180// 1175//
f 1176// 1175// 1181//
f 1182// 1183// 1184//
f 1184// 1183// 1083//
f 1184// 1083// 1181//
f 1181// 1083// 1084//
f 1181// 1084// 1176//
f 1185// 1186// 1187//
f 1183// 1182// 1188//
f 1188// 1182// 1189//
f 1188// 1189// 1187//
f 1187// 1189// 1190//
f 1187// 1190// 1185//
f 1186// 1185// 1191//
f 1192// 1193// 1194//
f 1194// 1193// 1079//
f 1194// 1079// 1191//
f 1191// 1079// 1078//
f 1191// 1078// 1186//
f 1195// 1196// 1197//
f 1193// 1192// 1198//
f 1198// 1192// 1199//
f 1198// 1199// 1197//
f 1197// 1199// 1200//
f 1197// 1200// 1195//
f 1196// 1195// 1201//
f 1202// 1203// 1204//
f 1204// 1203// 1091//
f 1204// 1091// 1201//
f 1201// 1091// 1092//
f 1201// 1092// 1196//
f 1205// 1206// 1207//
f 1203// 1202// 1208//
f 1208// 1202// 1209//
f 1208// 1209// 1207//
f 1207// 1209// 1210//
f 1207// 1210// 1205//
f 1206// 1205// 1211//
f 1212// 1213// 1214//
f 1214// 1213// 1087//
f 1214// 1087// 1211//
f 1211// 1087// 1086//
f 1211// 1086// 1206//
f 1215// 1216// 1217//
f 1213// 1212// 1218//
f 1218// 1212// 1219//
f 1218// 1219// 1217//
f 1217// 1219// 1220//
f 1217// 1220// 1215//
f 1216// 1215// 1221//
f 1222// 1223// 1224//
f 1224// 1223// 1099//
f 1224// 1099// 1221//
f 1221// 1099// 1100//
f 1221// 1100// 1216//
f 1225// 1226// 1227//
f 1223// 1222// 1228//
f 1228// 1222// 1229//
f 1228// 1229// 1227//
f 1227// 1229// 1230//
f 1227// 1230// 1225//
f 1226// 1225// 1231//
f 1232// 1233// 1234//
f 1234// 1233// 1095//
f 1234// 1095// 1231//
f 1231// 1095// 1094//
f 1231// 1094// 1226//
f 1235// 1236// 1237//
f 1233// 1232// 1238//
f 1238// 1232// 1239//
f 1238// 1239// 1237//
f 1237// 1239// 1240//
f 1237// 1240// 1235//
f 1236// 1235// 1241//
f 1242// 1243// 1244//
f 1244// 1243// 1107//
f 1244// 1107// 1241//
f 1241// 1107// 1108//
f 1241// 1108// 1236//
f 1245// 1246// 1247//
f 1243// 1242// 1248//
f 1248// 1242// 1249//
f 1248// 1249// 1247//
f 1247// 1249// 1250//
f 1247// 1250// 1245//
f 1246// 1245// 1251//
f 1252// 1253// 1254//
f 1254// 1253// 1103//
f 1254// 1103// 1251//
f 1251// 1103// 1102//
f 1251// 1102// 1246//
f 1255// 1256// 1257//
f 1253// 1252// 1258//
f 1258// 1252// 1259//
f 1258// 1259// 1257//
f 1257// 1259// 1260//
f 1257// 1260// 1255//
f 1256// 1255// 1261//
f 1262// 1263// 1264//
f 1264// 1263// 1115//
f 1264// 1115// 1261//
f 1261// 1115// 1116//
f 1261// 1116// 1256//
f 1265// 1266// 1267//
f 1263// 1262// 1268//
f 1268// 1262// 1269//
f 1268// 1269// 1267//
f 1267// 1269// 1270//
f 1267// 1270// 1265//
f 1266// 1265// 1271//
f 1272// 1273// 1274//
f 1274// 1273// 1111//
f 1274// 1111// 1271//
f 1271// 1111// 1110//
f 1271// 1110// 1266//
f 1275// 1276// 1277//
f 1273// 1272// 1278//
f 1278// 1272// 1279//
f 1278// 1279// 1277//
f 1277// 1279// 1280//
f 1277// 1280// 1275//
f 1276// 1275// 1281//
f 1282// 1283// 1284//
f 1284// 1283// 1123//
f 1284// 1123// 1281//
f 1281// 1123// 1124//
f 1281// 1124// 1276//
f 1285// 1286// 1287//
f 1283// 1282// 1288//
f 1288// 1282// 1289//
f 1288// 1289// 1287//
f 1287// 1289// 1290//
f 1287// 1290// 1285//
f 1286// 1285// 1291//
f 1292// 1293// 1294//
f 1294// 1293// 1119//
f 1294// 1119// 1291//
f 1291// 1119// 1118//
f 1291// 1118// 1286//
f 1295// 1296// 1297//
f 1293// 1292// 1298//
f 1298// 1292// 1299//
f 1298// 1299// 1297//
f 1297// 1299// 1300//
f 1297// 1300// 1295//
f 1296// 1295// 1301//
f 1302// 1303// 1304//
f 1304// 1303// 1131//
f 1304// 1131// 1301//
f 1301// 1131// 1132//
f 1301// 1132// 1296//
f 1305// 1306// 1307//
f 1303// 1302// 1308//
f 1308// 1302// 1309//
f 1308// 1309// 1307//
f 1307// 1309// 1310//
f 1307// 1310// 1305//
f 1306// 1305// 1311//
f 1312// 1313// 1314//
f 1314// 1313// 1127//
f 1314// 1127// 1311//
f 1311// 1127// 1126//
f 1311// 1126// 1306//
f 1315// 1316// 1317//
f 1313// 1312// 1318//
f 1318// 1312// 1319//
f 1318// 1319// 1317//
f 1317// 1319// 1320//
f 1317// 1320// 1315//
f 1316// 1315// 1321//
f 1322// 1323// 1324//
f 1324// 1323// 1139//
f 1324// 1139// 1321//
f 1321// 1139// 1140//
f 1321// 1140// 1316//
f 1325// 1326// 1327//
f 1323// 1322// 1328//
f 1328// 1322// 1329//
f 1328// 1329// 1327//
f 1327// 1329// 1330//
f 1327// 1330// 1325//
f 1326// 1325// 1331//
f 1332// 1333// 1334//
f 1334// 1333// 1135//
f 1334// 1135// 1331//
f 1331// 1135// 1134//
f 1331// 1134// 1326//
f 1335// 1336// 1337//
f 1333// 1332// 1338//
f 1338// 1332// 1339//
f 1338// 1339// 1337//
f 1337// 1339// 1340//
f 1337// 1340// 1335//
f 1336// 1335// 1341//
f 1342// 1343// 1344//
f 1344// 1343// 1147//
f 1344// 1147// 1341//
f 1341// 1147// 1148//
f 1341// 1148// 1336//
f 1345// 1346// 1347//
f 1343// 1342// 1348//
f 1348// 1342// 1349//
f 1348// 1349// 1347//
f 1347// 1349// 1350//
f 1347// 1350// 1345//
f 1346// 1345// 1351//
f 1352// 1353// 1354//
f 1354// 1353// 1143//
f 1354// 1143// 1351//
f 1351// 1143// 1142//
f 1351// 1142// 1346//
f 1355// 1356// 1357//
f 1353// 1352// 1358//
f 1358// 1352// 1359//
f 1358// 1359// 1357//
f 1357// 1359// 1360//
f 1357// 1360// 1355//
f 1356// 1355// 1361//
f 1362// 1363// 1364//
f 1364// 1363// 1155//
f 1364// 1155// 1361//
f 1361// 1155// 1156//
f 1361// 1156// 1356//
f 1365// 1366// 1367//
f 1363// 1362// 1368//
f 1368// 1362// 1369//
f 1368// 1369// 1367//
f 1367// 1369// 1370//
f 1367// 1370// 1365//
f 1366// 1365// 1371//
f 1372// 1373// 1374//
f 1374// 1373// 1151//
f 1374// 1151// 1371//
f 1371// 1151// 1150//
f 1371// 1150// 1366//
f 1375// 1376// 1377//
f 1373// 1372// 1378//
f 1378// 1372// 1379//
f 1378// 1379// 1377//
f 1377// 1379// 1380//
f 1377// 1380// 1375//
f 1376// 1375// 1381//
f 1382// 1383// 1384//
f 1384// 1383// 1163//
f 1384// 1163// 1381//
f 1381// 1163// 1164//
f 1381// 1164// 1376//
f 1385// 1386// 1387//
f 1383// 1382// 1388//
f 1388// 1382// 1389//
f 1388// 1389// 1387//
f 1387// 1389// 1390//
f 1387// 1390// 1385//
f 1386// 1385// 1391//
f 1392// 1393// 1394//
f 1394// 1393// 1159//
f 1394// 1159// 1391//
f 1391// 1159// 1158//
f 1391// 1158// 1386//
f 1395// 1396// 1397//
f 1393// 1392// 1398//
f 1398// 1392// 1399//
f 1398// 1399// 1397//
f 1397// 1399// 1400//
f 1397// 1400// 1395//
f 1396// 1395// 1401//
f 1402// 1403// 1404//
f 1404// 1403// 1169//
f 1404// 1169// 1401//
f 1401// 1169// 1170//
f 1401// 1170// 1396//
f 1405// 1406// 1407//
f 1403// 1402// 1408//
f 1408// 1402// 1409//
f 1408// 1409// 1407//
f 1407// 1409// 1410//
f 1407// 1410// 1405//
f 1394// 1391// 1411//
f 1411// 1391// 1412//
f 1384// 1381// 1413//
f 1413// 1381// 1414//
f 1374// 1371// 1415//
f 1415// 1371// 1416//
f 1364// 1361// 1417//
f 1417// 1361// 1418//
f 1354// 1351// 1419//
f 1419// 1351// 1420//
f 1344// 1341// 1421//
f 1421// 1341// 1422//
f 1334// 1331// 1423//
f 1423// 1331// 1424//
f 1324// 1321// 1425//
f 1425// 1321// 1426//
f 1314// 1311// 1427//
f 1427// 1311// 1428//
f 1304// 1301// 1429//
f 1429// 1301// 1430//
f 1294// 1291// 1431//
f 1431// 1291// 1432//
f 1284// 1281// 1433//
f 1433// 1281// 1434//
f 1274// 1271// 1435//
f 1435// 1271// 1436//
f 1264// 1261// 1437//
f 1437// 1261// 1438//
f 1254// 1251// 1439//
f 1439// 1251// 1440//
f 1244// 1241// 1441//
f 1441// 1241// 1442//
f 1234// 1231// 1443//
f 1443// 1231// 1444//
f 1224// 1221// 1445//
f 1445// 1221// 1446//
f 1214// 1211// 1447//
f 1447// 1211// 1448//
f 1204// 1201// 1449//
f 1449// 1201// 1450//
f 1194// 1191// 1451//
f 1451// 1191// 1452//
f 1184// 1181// 1453//
f 1453// 1181// 1454//
f 1173// 1174// 1455//
f 1455// 1174// 1456//
f 1457// 1458// 1401//
f 1401// 1458// 1404//
usemtl 2
f 1459// 1460// 1461//
f 1461// 1460// 1462//
f 1461// 1462// 1463//
f 1464// 1465// 1466//
f 1466// 1465// 1467//
usemtl 1
f 559// 577// 1068//
f 1068// 577// 580//
f 559// 557// 577//
f 577// 557// 5//
f 577// 5// 18//
f 1463// 1462// 581//
f 581// 1462// 1468//
f 581// 1468// 580//
f 580// 1468// 1033//
f 580// 1033// 1068//
f 1458// 1457// 1409//
f 1409// 1457// 1400//
f 1369// 1417// 1418//
f 1360// 1359// 1049//
f 1468// 1469// 1033//
f 1033// 1469// 1410//
f 1033// 1410// 1037//
f 1037// 1410// 1409//
f 1037// 1409// 1049//
f 1049// 1409// 1400//
f 1049// 1400// 1399//
f 1339// 1423// 1424//
f 1411// 1412// 1399//
f 1399// 1412// 1390//
f 1399// 1390// 1049//
f 1049// 1390// 1389//
f 1413// 1414// 1389//
f 1389// 1414// 1380//
f 1389// 1380// 1049//
f 1049// 1380// 1379//
f 1419// 1420// 1359//
f 1359// 1420// 1350//
f 1359// 1350// 1049//
f 1049// 1350// 1349//
f 1319// 1427// 1428//
f 1415// 1416// 1379//
f 1379// 1416// 1370//
f 1379// 1370// 1049//
f 1049// 1370// 1369//
f 1049// 1369// 1360//
f 1360// 1369// 1418//
f 1330// 1329// 1049//
f 1424// 1330// 1339//
f 1339// 1330// 1049//
f 1339// 1049// 1340//
f 1340// 1049// 1349//
f 1340// 1349// 1422//
f 1422// 1349// 1421//
f 1310// 1309// 1049//
f 1299// 1431// 1432//
f 1428// 1310// 1319//
f 1319// 1310// 1049//
f 1319// 1049// 1320//
f 1320// 1049// 1329//
f 1320// 1329// 1426//
f 1426// 1329// 1425//
f 1290// 1289// 1049//
f 1279// 1435// 1436//
f 1432// 1290// 1299//
f 1299// 1290// 1049//
f 1299// 1049// 1300//
f 1300// 1049// 1309//
f 1300// 1309// 1430//
f 1430// 1309// 1429//
f 1270// 1269// 1049//
f 1433// 1434// 1289//
f 1289// 1434// 1280//
f 1289// 1280// 1049//
f 1049// 1280// 1279//
f 1049// 1279// 1270//
f 1270// 1279// 1436//
f 1259// 1439// 1440//
f 1250// 1249// 1049//
f 1440// 1250// 1259//
f 1259// 1250// 1049//
f 1259// 1049// 1260//
f 1260// 1049// 1269//
f 1260// 1269// 1438//
f 1438// 1269// 1437//
f 1239// 1443// 1444//
f 1230// 1229// 1049//
f 1444// 1230// 1239//
f 1239// 1230// 1049//
f 1239// 1049// 1240//
f 1240// 1049// 1249//
f 1240// 1249// 1442//
f 1442// 1249// 1441//
f 1219// 1447// 1448//
f 1210// 1209// 1049//
f 1448// 1210// 1219//
f 1219// 1210// 1049//
f 1219// 1049// 1220//
f 1220// 1049// 1229//
f 1220// 1229// 1446//
f 1446// 1229// 1445//
f 1199// 1451// 1452//
f 1190// 1189// 1049//
f 1452// 1190// 1199//
f 1199// 1190// 1049//
f 1199// 1049// 1200//
f 1200// 1049// 1209//
f 1200// 1209// 1450//
f 1450// 1209// 1449//
f 1453// 1454// 1189//
f 1189// 1454// 1180//
f 1189// 1180// 1049//
f 1049// 1180// 1179//
f 1049// 1179// 1047//
f 1179// 1455// 1456//
f 1456// 1470// 1471//
f 1471// 1470// 1472//
f 572// 151// 150//
f 1179// 1456// 1047//
f 1047// 1456// 1471//
f 1047// 1471// 1473//
f 150// 1029// 572//
f 572// 1029// 1474//
f 572// 1474// 1473//
f 1473// 1474// 1475//
f 1473// 1475// 1047//
usemtl 2
f 1465// 1476// 1467//
f 1467// 1476// 1477//
f 1467// 1477// 1472//
f 1472// 1477// 1471//
f 1478// 1479// 1461//
f 1463// 581// 1461//
f 1461// 581// 579//
f 1461// 579// 1478//
usemtl 3
f 1473// 1471// 1480//
f 1480// 1471// 1477//
f 1480// 1477// 1481//
f 1481// 1477// 1482//
usemtl 1
f 775// 1483// 774//
f 774// 1483// 1484//
f 769// 1485// 768//
f 768// 1485// 1486//
f 758// 1487// 759//
f 759// 1487// 1488//
f 757// 1489// 756//
f 756// 1489// 1490//
f 751// 1491// 750//
f 750// 1491// 1492//
f 745// 1493// 744//
f 744// 1493// 1494//
f 739// 1495// 738//
f 738// 1495// 1496//
f 733// 1497// 732//
f 732// 1497// 1498//
f 727// 1499// 726//
f 726// 1499// 1500//
f 721// 1501// 720//
f 720// 1501// 1502//
f 715// 1503// 714//
f 714// 1503// 1504//
f 704// 1505// 705//
f 705// 1505// 1506//
f 698// 1507// 699//
f 699// 1507// 1508//
f 697// 1509// 696//
f 696// 1509// 1510//
f 691// 1511// 690//
f 690// 1511// 1512//
f 680// 1513// 681//
f 681// 1513// 1514//
f 674// 1515// 675//
f 675// 1515// 1516//
f 673// 1517// 672//
f 672// 1517// 1518//
f 667// 1519// 666//
f 666// 1519// 1520//
f 661// 1521// 660//
f 660// 1521// 1522//
f 650// 1523// 651//
f 651// 1523// 1524//
f 644// 1525// 645//
f 645// 1525// 1526//
f 638// 1527// 639//
f 639// 1527// 1528//
f 849// 1065// 847//
f 847// 1065// 827//
f 847// 827// 1529//
f 1529// 827// 829//
f 1048// 1047// 1530//
f 1530// 1047// 1475//
f 1530// 1475// 836//
f 836// 1475// 861//
f 836// 861// 837//
f 837// 861// 859//
f 579// 565// 1478//
f 1478// 565// 563//
f 1478// 563// 1476//
f 1476// 563// 569//
f 1476// 569// 1477//
f 1477// 569// 1482//
usemtl 2
f 1481// 1482// 570//
f 570// 1482// 569//
usemtl 1
f 1037// 1049// 1036//
f 1036// 1049// 1051//
f 151// 572// 574//
f 587// 586// 1531//
f 1531// 586// 1532//
f 1531// 1532// 574//
f 574// 1532// 153//
f 574// 153// 151//
f 1036// 1051// 1034//
f 1034// 1051// 1053//
f 1070// 1069// 1053//
f 1053// 1069// 1484//
f 1484// 1483// 1053//
f 1053// 1483// 1486//
f 1053// 1486// 1485//
f 1485// 1488// 1053//
f 1053// 1488// 1487//
f 1053// 1487// 1490//
f 1490// 1489// 1053//
f 1053// 1489// 1492//
f 1053// 1492// 1491//
f 1034// 1507// 1510//
f 1491// 1494// 1053//
f 1053// 1494// 1493//
f 1053// 1493// 1496//
f 1502// 1501// 1053//
f 1053// 1501// 1504//
f 1053// 1504// 1503//
f 1510// 1509// 1034//
f 1034// 1509// 1512//
f 1034// 1512// 1511//
f 1522// 1521// 1034//
f 1034// 1521// 1524//
f 1034// 1524// 1523//
f 1523// 1526// 1034//
f 1034// 1526// 1525//
f 1034// 1525// 1528//
f 1528// 1527// 1034//
f 1034// 1527// 1064//
f 1034// 1064// 1063//
f 1496// 1495// 1053//
f 1053// 1495// 1498//
f 1053// 1498// 1497//
f 1503// 1506// 1053//
f 1053// 1506// 1505//
f 1053// 1505// 1034//
f 1034// 1505// 1508//
f 1034// 1508// 1507//
f 1497// 1500// 1053//
f 1053// 1500// 1499//
f 1053// 1499// 1502//
f 1511// 1514// 1034//
f 1034// 1514// 1513//
f 1034// 1513// 1516//
f 1516// 1515// 1034//
f 1034// 1515// 1518//
f 1034// 1518// 1517//
f 1517// 1520// 1034//
f 1034// 1520// 1519//
f 1034// 1519// 1522//
usemtl 4
f 1533// 1534// 1042//
f 1042// 1534// 1043//
f 1043// 1534// 1535//
f 1043// 1535// 1536//
f 1042// 1537// 1538//
f 1536// 1539// 1043//
f 1043// 1539// 1540//
f 1043// 1540// 1541//
f 1541// 1540// 1542//
f 1542// 1543// 1541//
f 1541// 1543// 1544//
f 1541// 1544// 1545//
f 1546// 1547// 1042//
f 1042// 1547// 1548//
f 1042// 1548// 1537//
f 1546// 1549// 1547//
f 1547// 1549// 1550//
f 1547// 1550// 1551//
f 1538// 1552// 1042//
f 1042// 1552// 1553//
f 1042// 1553// 1533//
f 1544// 1554// 1545//
f 1545// 1554// 1555//
f 1545// 1555// 1556//
f 1556// 1557// 1545//
f 1545// 1557// 1558//
f 1545// 1558// 1559//
f 1560// 1561// 1562//
f 1562// 1561// 1563//
f 1559// 1564// 1545//
f 1545// 1564// 1561//
f 1545// 1561// 1565//
f 1565// 1561// 1560//
f 1043// 1541// 1566//
f 1043// 1566// 1044//
f 1044// 1566// 1567//
f 1044// 1567// 1045//
f 1045// 1567// 1568//
f 1045// 1568// 1046//
f 1046// 1568// 1569//
f 1046// 1569// 1040//
f 1040// 1569// 1570//
f 1040// 1570// 1038//
f 1038// 1570// 1031//
f 1038// 1031// 1035//
f 852// 850// 1039//
f 1039// 850// 1067//
f 1039// 1067// 1571//
f 1572// 1571// 1573//
f 1573// 1571// 1574//
f 1573// 1574// 1575//
f 1574// 1576// 1577//
f 1572// 1578// 1571//
f 1571// 1578// 1579//
f 1571// 1579// 1039//
f 1039// 1579// 1580//
f 1039// 1580// 1581//
f 1581// 1582// 1039//
f 1039// 1582// 1583//
f 1039// 1583// 1041//
f 1584// 1585// 1574//
f 1574// 1585// 1586//
f 1574// 1586// 1576//
f 1584// 1587// 1585//
f 1585// 1587// 1588//
f 1585// 1588// 1589//
f 1577// 1590// 1574//
f 1574// 1590// 1591//
f 1574// 1591// 1575//
f 1583// 1592// 1041//
f 1041// 1592// 1593//
f 1041// 1593// 1594//
f 1594// 1595// 1041//
f 1041// 1595// 1596//
f 1041// 1596// 1597//
f 1598// 1599// 1600//
f 1600// 1599// 1601//
f 1597// 1602// 1041//
f 1041// 1602// 1599//
f 1041// 1599// 1603//
f 1603// 1599// 1598//
f 1545// 1574// 1541//
f 1541// 1574// 1571//
f 1541// 1571// 1566//
f 1566// 1571// 1567//
f 1067// 1032// 1571//
f 1571// 1032// 1031//
f 1571// 1031// 1570//
f 1570// 1569// 1571//
f 1571// 1569// 1568//
f 1571// 1568// 1567//
f 1604// 1605// 1606//
f 1607// 1608// 1056//
f 1056// 1608// 1609//
f 1056// 1609// 1054//
f 1610// 1611// 1612//
f 1606// 1605// 1056//
f 1056// 1605// 1613//
f 1056// 1613// 1607//
f 1612// 1611// 1606//
f 1606// 1611// 1614//
f 1606// 1614// 1604//
f 1612// 1615// 1616//
f 1609// 1617// 1054//
f 1054// 1617// 1618//
f 1054// 1618// 1619//
f 1619// 1620// 1054//
f 1054// 1620// 1621//
f 1054// 1621// 1622//
f 1623// 1624// 1625//
f 1625// 1624// 1626//
f 1622// 1627// 1054//
f 1054// 1627// 1624//
f 1054// 1624// 1628//
f 1628// 1624// 1623//
f 1629// 1630// 1612//
f 1612// 1630// 1631//
f 1612// 1631// 1615//
f 1629// 1632// 1630//
f 1630// 1632// 1633//
f 1630// 1633// 1634//
f 1616// 1635// 1612//
f 1612// 1635// 1636//
f 1612// 1636// 1610//
f 1637// 1638// 1055//
f 1055// 1638// 1057//
f 1057// 1638// 1639//
f 1057// 1639// 1640//
f 1641// 1642// 1643//
f 1643// 1642// 1057//
f 1643// 1057// 1644//
f 1644// 1057// 1640//
f 1055// 1645// 1646//
f 1641// 1647// 1642//
f 1642// 1647// 1648//
f 1642// 1648// 1649//
f 1650// 1651// 1055//
f 1055// 1651// 1652//
f 1055// 1652// 1645//
f 1650// 1653// 1651//
f 1651// 1653// 1654//
f 1651// 1654// 1655//
f 1646// 1656// 1055//
f 1055// 1656// 1657//
f 1055// 1657// 1637//
f 1648// 1658// 1649//
f 1649// 1658// 1659//
f 1649// 1659// 1660//
f 1660// 1661// 1649//
f 1649// 1661// 1662//
f 1649// 1662// 1663//
f 1664// 1665// 1666//
f 1666// 1665// 1667//
f 1663// 1668// 1649//
f 1649// 1668// 1665//
f 1649// 1665// 1669//
f 1669// 1665// 1664//
f 1642// 1530// 1057//
f 1057// 1530// 836//
f 1057// 836// 863//
f 1052// 1050// 1670//
f 1052// 1670// 1058//
f 1058// 1670// 1671//
f 1058// 1671// 1059//
f 1059// 1671// 1672//
f 1059// 1672// 1060//
f 1060// 1672// 1673//
f 1060// 1673// 1061//
f 1061// 1673// 1674//
f 1061// 1674// 1062//
f 1062// 1674// 1606//
f 1062// 1606// 1056//
f 1048// 1530// 1050//
f 1050// 1530// 1642//
f 1050// 1642// 1670//
f 1670// 1642// 1671//
f 1649// 1612// 1642//
f 1642// 1612// 1606//
f 1642// 1606// 1674//
f 1674// 1673// 1642//
f 1642// 1673// 1672//
f 1642// 1672// 1671//
f 1675// 824// 1676//
f 1676// 824// 826//
f 1676// 826// 1677//
f 1064// 1678// 826//
f 826// 1678// 1679//
f 826// 1679// 1677//
f 1677// 1679// 1680//
f 1677// 1680// 1681//
f 1681// 1680// 1682//
f 1681// 1682// 1683//
f 1684// 1685// 1683//
f 1683// 1685// 1686//
f 1683// 1686// 1681//
f 1687// 1527// 638//
f 1688// 638// 1689//
f 1689// 638// 640//
f 1689// 640// 1690//
f 1687// 638// 1691//
f 1691// 638// 1688//
f 1691// 1688// 1692//
f 1692// 1688// 1693//
f 1692// 1693// 1694//
f 1695// 1696// 1697//
f 1694// 1693// 1697//
f 1697// 1693// 1698//
f 1697// 1698// 1695//
f 1675// 1676// 1690//
f 1690// 1676// 1689//
f 1678// 1064// 1687//
f 1687// 1064// 1527//
f 1679// 1678// 1691//
f 1691// 1678// 1687//
f 1680// 1679// 1692//
f 1692// 1679// 1691//
f 1680// 1692// 1694//
f 1680// 1694// 1682//
f 1682// 1694// 1697//
f 1682// 1697// 1683//
f 1683// 1697// 1696//
f 1683// 1696// 1684//
f 1684// 1696// 1695//
f 1684// 1695// 1685//
f 1685// 1695// 1698//
f 1685// 1698// 1686//
f 1686// 1698// 1693//
f 1686// 1693// 1681//
f 1677// 1681// 1688//
f 1688// 1681// 1693//
f 1676// 1677// 1689//
f 1689// 1677// 1688//
f 1699// 641// 1700//
f 1700// 641// 639//
f 1700// 639// 1701//
f 1528// 1702// 639//
f 639// 1702// 1703//
f 639// 1703// 1701//
f 1701// 1703// 1704//
f 1701// 1704// 1705//
f 1705// 1704// 1706//
f 1705// 1706// 1707//
f 1708// 1709// 1707//
f 1707// 1709// 1710//
f 1707// 1710// 1705//
f 1711// 1525// 644//
f 1712// 644// 1713//
f 1713// 644// 646//
f 1713// 646// 1714//
f 1711// 644// 1715//
f 1715// 644// 1712//
f 1715// 1712// 1716//
f 1716// 1712// 1717//
f 1716// 1717// 1718//
f 1719// 1720// 1721//
f 1718// 1717// 1721//
f 1721// 1717// 1722//
f 1721// 1722// 1719//
f 1699// 1700// 1714//
f 1714// 1700// 1713//
f 1702// 1528// 1711//
f 1711// 1528// 1525//
f 1703// 1702// 1715//
f 1715// 1702// 1711//
f 1704// 1703// 1716//
f 1716// 1703// 1715//
f 1704// 1716// 1718//
f 1704// 1718// 1706//
f 1706// 1718// 1721//
f 1706// 1721// 1707//
f 1707// 1721// 1720//
f 1707// 1720// 1708//
f 1708// 1720// 1719//
f 1708// 1719// 1709//
f 1709// 1719// 1722//
f 1709// 1722// 1710//
f 1710// 1722// 1717//
f 1710// 1717// 1705//
f 1701// 1705// 1712//
f 1712// 1705// 1717//
f 1700// 1701// 1713//
f 1713// 1701// 1712//
f 1723// 647// 1724//
f 1724// 647// 645//
f 1724// 645// 1725//
f 1526// 1726// 645//
f 645// 1726// 1727//
f 645// 1727// 1725//
f 1725// 1727// 1728//
f 1725// 1728// 1729//
f 1729// 1728// 1730//
f 1729// 1730// 1731//
f 1732// 1733// 1731//
f 1731// 1733// 1734//
f 1731// 1734// 1729//
f 1735// 1523// 650//
f 1736// 650// 1737//
f 1737// 650// 652//
f 1737// 652// 1738//
f 1735// 650// 1739//
f 1739// 650// 1736//
f 1739// 1736// 1740//
f 1740// 1736// 1741//
f 1740// 1741// 1742//
f 1743// 1744// 1745//
f 1742// 1741// 1745//
f 1745// 1741// 1746//
f 1745// 1746// 1743//
f 1723// 1724// 1738//
f 1738// 1724// 1737//
f 1726// 1526// 1735//
f 1735// 1526// 1523//
f 1727// 1726// 1739//
f 1739// 1726// 1735//
f 1728// 1727// 1740//
f 1740// 1727// 1739//
f 1728// 1740// 1742//
f 1728// 1742// 1730//
f 1730// 1742// 1745//
f 1730// 1745// 1731//
f 1731// 1745// 1744//
f 1731// 1744// 1732//
f 1732// 1744// 1743//
f 1732// 1743// 1733//
f 1733// 1743// 1746//
f 1733// 1746// 1734//
f 1734// 1746// 1741//
f 1734// 1741// 1729//
f 1725// 1729// 1736//
f 1736// 1729// 1741//
f 1724// 1725// 1737//
f 1737// 1725// 1736//
f 1747// 653// 1748//
f 1748// 653// 651//
f 1748// 651// 1749//
f 1524// 1750// 651//
f 651// 1750// 1751//
f 651// 1751// 1749//
f 1749// 1751// 1752//
f 1749// 1752// 1753//
f 1753// 1752// 1754//
f 1753// 1754// 1755//
f 1756// 1757// 1755//
f 1755// 1757// 1758//
f 1755// 1758// 1753//
f 1759// 1521// 661//
f 1760// 661// 1761//
f 1761// 661// 659//
f 1761// 659// 1762//
f 1759// 661// 1763//
f 1763// 661// 1760//
f 1763// 1760// 1764//
f 1764// 1760// 1765//
f 1764// 1765// 1766//
f 1767// 1768// 1769//
f 1766// 1765// 1769//
f 1769// 1765// 1770//
f 1769// 1770// 1767//
f 1747// 1748// 1762//
f 1762// 1748// 1761//
f 1750// 1524// 1759//
f 1759// 1524// 1521//
f 1751// 1750// 1763//
f 1763// 1750// 1759//
f 1752// 1751// 1764//
f 1764// 1751// 1763//
f 1752// 1764// 1766//
f 1752// 1766// 1754//
f 1754// 1766// 1769//
f 1754// 1769// 1755//
f 1755// 1769// 1768//
f 1755// 1768// 1756//
f 1756// 1768// 1767//
f 1756// 1767// 1757//
f 1757// 1767// 1770//
f 1757// 1770// 1758//
f 1758// 1770// 1765//
f 1758// 1765// 1753//
f 1749// 1753// 1760//
f 1760// 1753// 1765//
f 1748// 1749// 1761//
f 1761// 1749// 1760//
f 1771// 658// 1772//
f 1772// 658// 660//
f 1772// 660// 1773//
f 1522// 1774// 660//
f 660// 1774// 1775//
f 660// 1775// 1773//
f 1773// 1775// 1776//
f 1773// 1776// 1777//
f 1777// 1776// 1778//
f 1777// 1778// 1779//
f 1780// 1781// 1779//
f 1779// 1781// 1782//
f 1779// 1782// 1777//
f 1783// 1519// 667//
f 1784// 667// 1785//
f 1785// 667// 665//
f 1785// 665// 1786//
f 1783// 667// 1787//
f 1787// 667// 1784//
f 1787// 1784// 1788//
f 1788// 1784// 1789//
f 1788// 1789// 1790//
f 1791// 1792// 1793//
f 1790// 1789// 1793//
f 1793// 1789// 1794//
f 1793// 1794// 1791//
f 1771// 1772// 1786//
f 1786// 1772// 1785//
f 1774// 1522// 1783//
f 1783// 1522// 1519//
f 1775// 1774// 1787//
f 1787// 1774// 1783//
f 1776// 1775// 1788//
f 1788// 1775// 1787//
f 1776// 1788// 1790//
f 1776// 1790// 1778//
f 1778// 1790// 1793//
f 1778// 1793// 1779//
f 1779// 1793// 1792//
f 1779// 1792// 1780//
f 1780// 1792// 1791//
f 1780// 1791// 1781//
f 1781// 1791// 1794//
f 1781// 1794// 1782//
f 1782// 1794// 1789//
f 1782// 1789// 1777//
f 1773// 1777// 1784//
f 1784// 1777// 1789//
f 1772// 1773// 1785//
f 1785// 1773// 1784//
f 1795// 664// 1796//
f 1796// 664// 666//
f 1796// 666// 1797//
f 1520// 1798// 666//
f 666// 1798// 1799//
f 666// 1799// 1797//
f 1797// 1799// 1800//
f 1797// 1800// 1801//
f 1801// 1800// 1802//
f 1801// 1802// 1803//
f 1804// 1805// 1803//
f 1803// 1805// 1806//
f 1803// 1806// 1801//
f 1807// 1517// 673//
f 1808// 673// 1809//
f 1809// 673// 671//
f 1809// 671// 1810//
f 1807// 673// 1811//
f 1811// 673// 1808//
f 1811// 1808// 1812//
f 1812// 1808// 1813//
f 1812// 1813// 1814//
f 1815// 1816// 1817//
f 1814// 1813// 1817//
f 1817// 1813// 1818//
f 1817// 1818// 1815//
f 1795// 1796// 1810//
f 1810// 1796// 1809//
f 1798// 1520// 1807//
f 1807// 1520// 1517//
f 1799// 1798// 1811//
f 1811// 1798// 1807//
f 1800// 1799// 1812//
f 1812// 1799// 1811//
f 1800// 1812// 1814//
f 1800// 1814// 1802//
f 1802// 1814// 1817//
f 1802// 1817// 1803//
f 1803// 1817// 1816//
f 1803// 1816// 1804//
f 1804// 1816// 1815//
f 1804// 1815// 1805//
f 1805// 1815// 1818//
f 1805// 1818// 1806//
f 1806// 1818// 1813//
f 1806// 1813// 1801//
f 1797// 1801// 1808//
f 1808// 1801// 1813//
f 1796// 1797// 1809//
f 1809// 1797// 1808//
f 1819// 670// 1820//
f 1820// 670// 672//
f 1820// 672// 1821//
f 1518// 1822// 672//
f 672// 1822// 1823//
f 672// 1823// 1821//
f 1821// 1823// 1824//
f 1821// 1824// 1825//
f 1825// 1824// 1826//
f 1825// 1826// 1827//
f 1828// 1829// 1827//
f 1827// 1829// 1830//
f 1827// 1830// 1825//
f 1831// 1515// 674//
f 1832// 674// 1833//
f 1833// 674// 676//
f 1833// 676// 1834//
f 1831// 674// 1835//
f 1835// 674// 1832//
f 1835// 1832// 1836//
f 1836// 1832// 1837//
f 1836// 1837// 1838//
f 1839// 1840// 1841//
f 1838// 1837// 1841//
f 1841// 1837// 1842//
f 1841// 1842// 1839//
f 1819// 1820// 1834//
f 1834// 1820// 1833//
f 1822// 1518// 1831//
f 1831// 1518// 1515//
f 1823// 1822// 1835//
f 1835// 1822// 1831//
f 1824// 1823// 1836//
f 1836// 1823// 1835//
f 1824// 1836// 1838//
f 1824// 1838// 1826//
f 1826// 1838// 1841//
f 1826// 1841// 1827//
f 1827// 1841// 1840//
f 1827// 1840// 1828//
f 1828// 1840// 1839//
f 1828// 1839// 1829//
f 1829// 1839// 1842//
f 1829// 1842// 1830//
f 1830// 1842// 1837//
f 1830// 1837// 1825//
f 1821// 1825// 1832//
f 1832// 1825// 1837//
f 1820// 1821// 1833//
f 1833// 1821// 1832//
f 1843// 677// 1844//
f 1844// 677// 675//
f 1844// 675// 1845//
f 1516// 1846// 675//
f 675// 1846// 1847//
f 675// 1847// 1845//
f 1845// 1847// 1848//
f 1845// 1848// 1849//
f 1849// 1848// 1850//
f 1849// 1850// 1851//
f 1852// 1853// 1851//
f 1851// 1853// 1854//
f 1851// 1854// 1849//
f 1855// 1513// 680//
f 1856// 680// 1857//
f 1857// 680// 682//
f 1857// 682// 1858//
f 1855// 680// 1859//
f 1859// 680// 1856//
f 1859// 1856// 1860//
f 1860// 1856// 1861//
f 1860// 1861// 1862//
f 1863// 1864// 1865//
f 1862// 1861// 1865//
f 1865// 1861// 1866//
f 1865// 1866// 1863//
f 1843// 1844// 1858//
f 1858// 1844// 1857//
f 1846// 1516// 1855//
f 1855// 1516// 1513//
f 1847// 1846// 1859//
f 1859// 1846// 1855//
f 1848// 1847// 1860//
f 1860// 1847// 1859//
f 1848// 1860// 1862//
f 1848// 1862// 1850//
f 1850// 1862// 1865//
f 1850// 1865// 1851//
f 1851// 1865// 1864//
f 1851// 1864// 1852//
f 1852// 1864// 1863//
f 1852// 1863// 1853//
f 1853// 1863// 1866//
f 1853// 1866// 1854//
f 1854// 1866// 1861//
f 1854// 1861// 1849//
f 1845// 1849// 1856//
f 1856// 1849// 1861//
f 1844// 1845// 1857//
f 1857// 1845// 1856//
f 1867// 683// 1868//
f 1868// 683// 681//
f 1868// 681// 1869//
f 1514// 1870// 681//
f 681// 1870// 1871//
f 681// 1871// 1869//
f 1869// 1871// 1872//
f 1869// 1872// 1873//
f 1873// 1872// 1874//
f 1873// 1874// 1875//
f 1876// 1877// 1875//
f 1875// 1877// 1878//
f 1875// 1878// 1873//
f 1879// 1511// 691//
f 1880// 691// 1881//
f 1881// 691// 689//
f 1881// 689// 1882//
f 1879// 691// 1883//
f 1883// 691// 1880//
f 1883// 1880// 1884//
f 1884// 1880// 1885//
f 1884// 1885// 1886//
f 1887// 1888// 1889//
f 1886// 1885// 1889//
f 1889// 1885// 1890//
f 1889// 1890// 1887//
f 1867// 1868// 1882//
f 1882// 1868// 1881//
f 1870// 1514// 1879//
f 1879// 1514// 1511//
f 1871// 1870// 1883//
f 1883// 1870// 1879//
f 1872// 1871// 1884//
f 1884// 1871// 1883//
f 1872// 1884// 1886//
f 1872// 1886// 1874//
f 1874// 1886// 1889//
f 1874// 1889// 1875//
f 1875// 1889// 1888//
f 1875// 1888// 1876//
f 1876// 1888// 1887//
f 1876// 1887// 1877//
f 1877// 1887// 1890//
f 1877// 1890// 1878//
f 1878// 1890// 1885//
f 1878// 1885// 1873//
f 1869// 1873// 1880//
f 1880// 1873// 1885//
f 1868// 1869// 1881//
f 1881// 1869// 1880//
f 1891// 688// 1892//
f 1892// 688// 690//
f 1892// 690// 1893//
f 1512// 1894// 690//
f 690// 1894// 1895//
f 690// 1895// 1893//
f 1893// 1895// 1896//
f 1893// 1896// 1897//
f 1897// 1896// 1898//
f 1897// 1898// 1899//
f 1900// 1901// 1899//
f 1899// 1901// 1902//
f 1899// 1902// 1897//
f 1903// 1509// 697//
f 1904// 697// 1905//
f 1905// 697// 695//
f 1905// 695// 1906//
f 1903// 697// 1907//
f 1907// 697// 1904//
f 1907// 1904// 1908//
f 1908// 1904// 1909//
f 1908// 1909// 1910//
f 1911// 1912// 1913//
f 1910// 1909// 1913//
f 1913// 1909// 1914//
f 1913// 1914// 1911//
f 1891// 1892// 1906//
f 1906// 1892// 1905//
f 1894// 1512// 1903//
f 1903// 1512// 1509//
f 1895// 1894// 1907//
f 1907// 1894// 1903//
f 1896// 1895// 1908//
f 1908// 1895// 1907//
f 1896// 1908// 1910//
f 1896// 1910// 1898//
f 1898// 1910// 1913//
f 1898// 1913// 1899//
f 1899// 1913// 1912//
f 1899// 1912// 1900//
f 1900// 1912// 1911//
f 1900// 1911// 1901//
f 1901// 1911// 1914//
f 1901// 1914// 1902//
f 1902// 1914// 1909//
f 1902// 1909// 1897//
f 1893// 1897// 1904//
f 1904// 1897// 1909//
f 1892// 1893// 1905//
f 1905// 1893// 1904//
f 1915// 694// 1916//
f 1916// 694// 696//
f 1916// 696// 1917//
f 1510// 1918// 696//
f 696// 1918// 1919//
f 696// 1919// 1917//
f 1917// 1919// 1920//
f 1917// 1920// 1921//
f 1921// 1920// 1922//
f 1921// 1922// 1923//
f 1924// 1925// 1923//
f 1923// 1925// 1926//
f 1923// 1926// 1921//
f 1927// 1507// 698//
f 1928// 698// 1929//
f 1929// 698// 700//
f 1929// 700// 1930//
f 1927// 698// 1931//
f 1931// 698// 1928//
f 1931// 1928// 1932//
f 1932// 1928// 1933//
f 1932// 1933// 1934//
f 1935// 1936// 1937//
f 1934// 1933// 1937//
f 1937// 1933// 1938//
f 1937// 1938// 1935//
f 1915// 1916// 1930//
f 1930// 1916// 1929//
f 1918// 1510// 1927//
f 1927// 1510// 1507//
f 1919// 1918// 1931//
f 1931// 1918// 1927//
f 1920// 1919// 1932//
f 1932// 1919// 1931//
f 1920// 1932// 1934//
f 1920// 1934// 1922//
f 1922// 1934// 1937//
f 1922// 1937// 1923//
f 1923// 1937// 1936//
f 1923// 1936// 1924//
f 1924// 1936// 1935//
f 1924// 1935// 1925//
f 1925// 1935// 1938//
f 1925// 1938// 1926//
f 1926// 1938// 1933//
f 1926// 1933// 1921//
f 1917// 1921// 1928//
f 1928// 1921// 1933//
f 1916// 1917// 1929//
f 1929// 1917// 1928//
f 1939// 701// 1940//
f 1940// 701// 699//
f 1940// 699// 1941//
f 1508// 1942// 699//
f 699// 1942// 1943//
f 699// 1943// 1941//
f 1941// 1943// 1944//
f 1941// 1944// 1945//
f 1945// 1944// 1946//
f 1945// 1946// 1947//
f 1948// 1949// 1947//
f 1947// 1949// 1950//
f 1947// 1950// 1945//
f 1951// 1505// 704//
f 1952// 704// 1953//
f 1953// 704// 706//
f 1953// 706// 1954//
f 1951// 704// 1955//
f 1955// 704// 1952//
f 1955// 1952// 1956//
f 1956// 1952// 1957//
f 1956// 1957// 1958//
f 1959// 1960// 1961//
f 1958// 1957// 1961//
f 1961// 1957// 1962//
f 1961// 1962// 1959//
f 1939// 1940// 1954//
f 1954// 1940// 1953//
f 1942// 1508// 1951//
f 1951// 1508// 1505//
f 1943// 1942// 1955//
f 1955// 1942// 1951//
f 1944// 1943// 1956//
f 1956// 1943// 1955//
f 1944// 1956// 1958//
f 1944// 1958// 1946//
f 1946// 1958// 1961//
f 1946// 1961// 1947//
f 1947// 1961// 1960//
f 1947// 1960// 1948//
f 1948// 1960// 1959//
f 1948// 1959// 1949//
f 1949// 1959// 1962//
f 1949// 1962// 1950//
f 1950// 1962// 1957//
f 1950// 1957// 1945//
f 1941// 1945// 1952//
f 1952// 1945// 1957//
f 1940// 1941// 1953//
f 1953// 1941// 1952//
f 1963// 707// 1964//
f 1964// 707// 705//
f 1964// 705// 1965//
f 1506// 1966// 705//
f 705// 1966// 1967//
f 705// 1967// 1965//
f 1965// 1967// 1968//
f 1965// 1968// 1969//
f 1969// 1968// 1970//
f 1969// 1970// 1971//
f 1972// 1973// 1971//
f 1971// 1973// 1974//
f 1971// 1974// 1969//
f 1975// 1503// 715//
f 1976// 715// 1977//
f 1977// 715// 713//
f 1977// 713// 1978//
f 1975// 715// 1979//
f 1979// 715// 1976//
f 1979// 1976// 1980//
f 1980// 1976// 1981//
f 1980// 1981// 1982//
f 1983// 1984// 1985//
f 1982// 1981// 1985//
f 1985// 1981// 1986//
f 1985// 1986// 1983//
f 1963// 1964// 1978//
f 1978// 1964// 1977//
f 1966// 1506// 1975//
f 1975// 1506// 1503//
f 1967// 1966// 1979//
f 1979// 1966// 1975//
f 1968// 1967// 1980//
f 1980// 1967// 1979//
f 1968// 1980// 1982//
f 1968// 1982// 1970//
f 1970// 1982// 1985//
f 1970// 1985// 1971//
f 1971// 1985// 1984//
f 1971// 1984// 1972//
f 1972// 1984// 1983//
f 1972// 1983// 1973//
f 1973// 1983// 1986//
f 1973// 1986// 1974//
f 1974// 1986// 1981//
f 1974// 1981// 1969//
f 1965// 1969// 1976//
f 1976// 1969// 1981//
f 1964// 1965// 1977//
f 1977// 1965// 1976//
f 1987// 712// 1988//
f 1988// 712// 714//
f 1988// 714// 1989//
f 1504// 1990// 714//
f 714// 1990// 1991//
f 714// 1991// 1989//
f 1989// 1991// 1992//
f 1989// 1992// 1993//
f 1993// 1992// 1994//
f 1993// 1994// 1995//
f 1996// 1997// 1995//
f 1995// 1997// 1998//
f 1995// 1998// 1993//
f 1999// 1501// 721//
f 2000// 721// 2001//
f 2001// 721// 719//
f 2001// 719// 2002//
f 1999// 721// 2003//
f 2003// 721// 2000//
f 2003// 2000// 2004//
f 2004// 2000// 2005//
f 2004// 2005// 2006//
f 2007// 2008// 2009//
f 2006// 2005// 2009//
f 2009// 2005// 2010//
f 2009// 2010// 2007//
f 1987// 1988// 2002//
f 2002// 1988// 2001//
f 1990// 1504// 1999//
f 1999// 1504// 1501//
f 1991// 1990// 2003//
f 2003// 1990// 1999//
f 1992// 1991// 2004//
f 2004// 1991// 2003//
f 1992// 2004// 2006//
f 1992// 2006// 1994//
f 1994// 2006// 2009//
f 1994// 2009// 1995//
f 1995// 2009// 2008//
f 1995// 2008// 1996//
f 1996// 2008// 2007//
f 1996// 2007// 1997//
f 1997// 2007// 2010//
f 1997// 2010// 1998//
f 1998// 2010// 2005//
f 1998// 2005// 1993//
f 1989// 1993// 2000//
f 2000// 1993// 2005//
f 1988// 1989// 2001//
f 2001// 1989// 2000//
f 2011// 718// 2012//
f 2012// 718// 720//
f 2012// 720// 2013//
f 1502// 2014// 720//
f 720// 2014// 2015//
f 720// 2015// 2013//
f 2013// 2015// 2016//
f 2013// 2016// 2017//
f 2017// 2016// 2018//
f 2017// 2018// 2019//
f 2020// 2021// 2019//
f 2019// 2021// 2022//
f 2019// 2022// 2017//
f 2023// 1499// 727//
f 2024// 727// 2025//
f 2025// 727// 725//
f 2025// 725// 2026//
f 2023// 727// 2027//
f 2027// 727// 2024//
f 2027// 2024// 2028//
f 2028// 2024// 2029//
f 2028// 2029// 2030//
f 2031// 2032// 2033//
f 2030// 2029// 2033//
f 2033// 2029// 2034//
f 2033// 2034// 2031//
f 2011// 2012// 2026//
f 2026// 2012// 2025//
f 2014// 1502// 2023//
f 2023// 1502// 1499//
f 2015// 2014// 2027//
f 2027// 2014// 2023//
f 2016// 2015// 2028//
f 2028// 2015// 2027//
f 2016// 2028// 2030//
f 2016// 2030// 2018//
f 2018// 2030// 2033//
f 2018// 2033// 2019//
f 2019// 2033// 2032//
f 2019// 2032// 2020//
f 2020// 2032// 2031//
f 2020// 2031// 2021//
f 2021// 2031// 2034//
f 2021// 2034// 2022//
f 2022// 2034// 2029//
f 2022// 2029// 2017//
f 2013// 2017// 2024//
f 2024// 2017// 2029//
f 2012// 2013// 2025//
f 2025// 2013// 2024//
f 2035// 724// 2036//
f 2036// 724// 726//
f 2036// 726// 2037//
f 1500// 2038// 726//
f 726// 2038// 2039//
f 726// 2039// 2037//
f 2037// 2039// 2040//
f 2037// 2040// 2041//
f 2041// 2040// 2042//
f 2041// 2042// 2043//
f 2044// 2045// 2043//
f 2043// 2045// 2046//
f 2043// 2046// 2041//
f 2047// 1497// 733//
f 2048// 733// 2049//
f 2049// 733// 731//
f 2049// 731// 2050//
f 2047// 733// 2051//
f 2051// 733// 2048//
f 2051// 2048// 2052//
f 2052// 2048// 2053//
f 2052// 2053// 2054//
f 2055// 2056// 2057//
f 2054// 2053// 2057//
f 2057// 2053// 2058//
f 2057// 2058// 2055//
f 2035// 2036// 2050//
f 2050// 2036// 2049//
f 2038// 1500// 2047//
f 2047// 1500// 1497//
f 2039// 2038// 2051//
f 2051// 2038// 2047//
f 2040// 2039// 2052//
f 2052// 2039// 2051//
f 2040// 2052// 2054//
f 2040// 2054// 2042//
f 2042// 2054// 2057//
f 2042// 2057// 2043//
f 2043// 2057// 2056//
f 2043// 2056// 2044//
f 2044// 2056// 2055//
f 2044// 2055// 2045//
f 2045// 2055// 2058//
f 2045// 2058// 2046//
f 2046// 2058// 2053//
f 2046// 2053// 2041//
f 2037// 2041// 2048//
f 2048// 2041// 2053//
f 2036// 2037// 2049//
f 2049// 2037// 2048//
f 2059// 730// 2060//
f 2060// 730// 732//
f 2060// 732// 2061//
f 1498// 2062// 732//
f 732// 2062// 2063//
f 732// 2063// 2061//
f 2061// 2063// 2064//
f 2061// 2064// 2065//
f 2065// 2064// 2066//
f 2065// 2066// 2067//
f 2068// 2069// 2067//
f 2067// 2069// 2070//
f 2067// 2070// 2065//
f 2071// 1495// 739//
f 2072// 739// 2073//
f 2073// 739// 737//
f 2073// 737// 2074//
f 2071// 739// 2075//
f 2075// 739// 2072//
f 2075// 2072// 2076//
f 2076// 2072// 2077//
f 2076// 2077// 2078//
f 2079// 2080// 2081//
f 2078// 2077// 2081//
f 2081// 2077// 2082//
f 2081// 2082// 2079//
f 2059// 2060// 2074//
f 2074// 2060// 2073//
f 2062// 1498// 2071//
f 2071// 1498// 1495//
f 2063// 2062// 2075//
f 2075// 2062// 2071//
f 2064// 2063// 2076//
f 2076// 2063// 2075//
f 2064// 2076// 2078//
f 2064// 2078// 2066//
f 2066// 2078// 2081//
f 2066// 2081// 2067//
f 2067// 2081// 2080//
f 2067// 2080// 2068//
f 2068// 2080// 2079//
f 2068// 2079// 2069//
f 2069// 2079// 2082//
f 2069// 2082// 2070//
f 2070// 2082// 2077//
f 2070// 2077// 2065//
f 2061// 2065// 2072//
f 2072// 2065// 2077//
f 2060// 2061// 2073//
f 2073// 2061// 2072//
f 2083// 736// 2084//
f 2084// 736// 738//
f 2084// 738// 2085//
f 1496// 2086// 738//
f 738// 2086// 2087//
f 738// 2087// 2085//
f 2085// 2087// 2088//
f 2085// 2088// 2089//
f 2089// 2088// 2090//
f 2089// 2090// 2091//
f 2092// 2093// 2091//
f 2091// 2093// 2094//
f 2091// 2094// 2089//
f 2095// 1493// 745//
f 2096// 745// 2097//
f 2097// 745// 743//
f 2097// 743// 2098//
f 2095// 745// 2099//
f 2099// 745// 2096//
f 2099// 2096// 2100//
f 2100// 2096// 2101//
f 2100// 2101// 2102//
f 2103// 2104// 2105//
f 2102// 2101// 2105//
f 2105// 2101// 2106//
f 2105// 2106// 2103//
f 2083// 2084// 2098//
f 2098// 2084// 2097//
f 2086// 1496// 2095//
f 2095// 1496// 1493//
f 2087// 2086// 2099//
f 2099// 2086// 2095//
f 2088// 2087// 2100//
f 2100// 2087// 2099//
f 2088// 2100// 2102//
f 2088// 2102// 2090//
f 2090// 2102// 2105//
f 2090// 2105// 2091//
f 2091// 2105// 2104//
f 2091// 2104// 2092//
f 2092// 2104// 2103//
f 2092// 2103// 2093//
f 2093// 2103// 2106//
f 2093// 2106// 2094//
f 2094// 2106// 2101//
f 2094// 2101// 2089//
f 2085// 2089// 2096//
f 2096// 2089// 2101//
f 2084// 2085// 2097//
f 2097// 2085// 2096//
f 2107// 742// 2108//
f 2108// 742// 744//
f 2108// 744// 2109//
f 1494// 2110// 744//
f 744// 2110// 2111//
f 744// 2111// 2109//
f 2109// 2111// 2112//
f 2109// 2112// 2113//
f 2113// 2112// 2114//
f 2113// 2114// 2115//
f 2116// 2117// 2115//
f 2115// 2117// 2118//
f 2115// 2118// 2113//
f 2119// 1491// 751//
f 2120// 751// 2121//
f 2121// 751// 749//
f 2121// 749// 2122//
f 2119// 751// 2123//
f 2123// 751// 2120//
f 2123// 2120// 2124//
f 2124// 2120// 2125//
f 2124// 2125// 2126//
f 2127// 2128// 2129//
f 2126// 2125// 2129//
f 2129// 2125// 2130//
f 2129// 2130// 2127//
f 2107// 2108// 2122//
f 2122// 2108// 2121//
f 2110// 1494// 2119//
f 2119// 1494// 1491//
f 2111// 2110// 2123//
f 2123// 2110// 2119//
f 2112// 2111// 2124//
f 2124// 2111// 2123//
f 2112// 2124// 2126//
f 2112// 2126// 2114//
f 2114// 2126// 2129//
f 2114// 2129// 2115//
f 2115// 2129// 2128//
f 2115// 2128// 2116//
f 2116// 2128// 2127//
f 2116// 2127// 2117//
f 2117// 2127// 2130//
f 2117// 2130// 2118//
f 2118// 2130// 2125//
f 2118// 2125// 2113//
f 2109// 2113// 2120//
f 2120// 2113// 2125//
f 2108// 2109// 2121//
f 2121// 2109// 2120//
f 2131// 748// 2132//
f 2132// 748// 750//
f 2132// 750// 2133//
f 1492// 2134// 750//
f 750// 2134// 2135//
f 750// 2135// 2133//
f 2133// 2135// 2136//
f 2133// 2136// 2137//
f 2137// 2136// 2138//
f 2137// 2138// 2139//
f 2140// 2141// 2139//
f 2139// 2141// 2142//
f 2139// 2142// 2137//
f 2143// 1489// 757//
f 2144// 757// 2145//
f 2145// 757// 755//
f 2145// 755// 2146//
f 2143// 757// 2147//
f 2147// 757// 2144//
f 2147// 2144// 2148//
f 2148// 2144// 2149//
f 2148// 2149// 2150//
f 2151// 2152// 2153//
f 2150// 2149// 2153//
f 2153// 2149// 2154//
f 2153// 2154// 2151//
f 2131// 2132// 2146//
f 2146// 2132// 2145//
f 2134// 1492// 2143//
f 2143// 1492// 1489//
f 2135// 2134// 2147//
f 2147// 2134// 2143//
f 2136// 2135// 2148//
f 2148// 2135// 2147//
f 2136// 2148// 2150//
f 2136// 2150// 2138//
f 2138// 2150// 2153//
f 2138// 2153// 2139//
f 2139// 2153// 2152//
f 2139// 2152// 2140//
f 2140// 2152// 2151//
f 2140// 2151// 2141//
f 2141// 2151// 2154//
f 2141// 2154// 2142//
f 2142// 2154// 2149//
f 2142// 2149// 2137//
f 2133// 2137// 2144//
f 2144// 2137// 2149//
f 2132// 2133// 2145//
f 2145// 2133// 2144//
f 2155// 754// 2156//
f 2156// 754// 756//
f 2156// 756// 2157//
f 1490// 2158// 756//
f 756// 2158// 2159//
f 756// 2159// 2157//
f 2157// 2159// 2160//
f 2157// 2160// 2161//
f 2161// 2160// 2162//
f 2161// 2162// 2163//
f 2164// 2165// 2163//
f 2163// 2165// 2166//
f 2163// 2166// 2161//
f 2167// 1487// 758//
f 2168// 758// 2169//
f 2169// 758// 760//
f 2169// 760// 2170//
f 2167// 758// 2171//
f 2171// 758// 2168//
f 2171// 2168// 2172//
f 2172// 2168// 2173//
f 2172// 2173// 2174//
f 2175// 2176// 2177//
f 2174// 2173// 2177//
f 2177// 2173// 2178//
f 2177// 2178// 2175//
f 2155// 2156// 2170//
f 2170// 2156// 2169//
f 2158// 1490// 2167//
f 2167// 1490// 1487//
f 2159// 2158// 2171//
f 2171// 2158// 2167//
f 2160// 2159// 2172//
f 2172// 2159// 2171//
f 2160// 2172// 2174//
f 2160// 2174// 2162//
f 2162// 2174// 2177//
f 2162// 2177// 2163//
f 2163// 2177// 2176//
f 2163// 2176// 2164//
f 2164// 2176// 2175//
f 2164// 2175// 2165//
f 2165// 2175// 2178//
f 2165// 2178// 2166//
f 2166// 2178// 2173//
f 2166// 2173// 2161//
f 2157// 2161// 2168//
f 2168// 2161// 2173//
f 2156// 2157// 2169//
f 2169// 2157// 2168//
f 2179// 761// 2180//
f 2180// 761// 759//
f 2180// 759// 2181//
f 1488// 2182// 759//
f 759// 2182// 2183//
f 759// 2183// 2181//
f 2181// 2183// 2184//
f 2181// 2184// 2185//
f 2185// 2184// 2186//
f 2185// 2186// 2187//
f 2188// 2189// 2187//
f 2187// 2189// 2190//
f 2187// 2190// 2185//
f 2191// 1485// 769//
f 2192// 769// 2193//
f 2193// 769// 767//
f 2193// 767// 2194//
f 2191// 769// 2195//
f 2195// 769// 2192//
f 2195// 2192// 2196//
f 2196// 2192// 2197//
f 2196// 2197// 2198//
f 2199// 2200// 2201//
f 2198// 2197// 2201//
f 2201// 2197// 2202//
f 2201// 2202// 2199//
f 2179// 2180// 2194//
f 2194// 2180// 2193//
f 2182// 1488// 2191//
f 2191// 1488// 1485//
f 2183// 2182// 2195//
f 2195// 2182// 2191//
f 2184// 2183// 2196//
f 2196// 2183// 2195//
f 2184// 2196// 2198//
f 2184// 2198// 2186//
f 2186// 2198// 2201//
f 2186// 2201// 2187//
f 2187// 2201// 2200//
f 2187// 2200// 2188//
f 2188// 2200// 2199//
f 2188// 2199// 2189//
f 2189// 2199// 2202//
f 2189// 2202// 2190//
f 2190// 2202// 2197//
f 2190// 2197// 2185//
f 2181// 2185// 2192//
f 2192// 2185// 2197//
f 2180// 2181// 2193//
f 2193// 2181// 2192//
f 2203// 766// 2204//
f 2204// 766// 768//
f 2204// 768// 2205//
f 1486// 2206// 768//
f 768// 2206// 2207//
f 768// 2207// 2205//
f 2205// 2207// 2208//
f 2205// 2208// 2209//
f 2209// 2208// 2210//
f 2209// 2210// 2211//
f 2212// 2213// 2211//
f 2211// 2213// 2214//
f 2211// 2214// 2209//
f 2215// 1483// 775//
f 2216// 775// 2217//
f 2217// 775// 773//
f 2217// 773// 2218//
f 2215// 775// 2219//
f 2219// 775// 2216//
f 2219// 2216// 2220//
f 2220// 2216// 2221//
f 2220// 2221// 2222//
f 2223// 2224// 2225//
f 2222// 2221// 2225//
f 2225// 2221// 2226//
f 2225// 2226// 2223//
f 2203// 2204// 2218//
f 2218// 2204// 2217//
f 2206// 1486// 2215//
f 2215// 1486// 1483//
f 2207// 2206// 2219//
f 2219// 2206// 2215//
f 2208// 2207// 2220//
f 2220// 2207// 2219//
f 2208// 2220// 2222//
f 2208// 2222// 2210//
f 2210// 2222// 2225//
f 2210// 2225// 2211//
f 2211// 2225// 2224//
f 2211// 2224// 2212//
f 2212// 2224// 2223//
f 2212// 2223// 2213//
f 2213// 2223// 2226//
f 2213// 2226// 2214//
f 2214// 2226// 2221//
f 2214// 2221// 2209//
f 2205// 2209// 2216//
f 2216// 2209// 2221//
f 2204// 2205// 2217//
f 2217// 2205// 2216//
f 2227// 772// 2228//
f 2228// 772// 774//
f 2228// 774// 2229//
f 1484// 2230// 774//
f 774// 2230// 2231//
f 774// 2231// 2229//
f 2229// 2231// 2232//
f 2229// 2232// 2233//
f 2233// 2232// 2234//
f 2233// 2234// 2235//
f 2236// 2237// 2235//
f 2235// 2237// 2238//
f 2235// 2238// 2233//
f 2239// 1069// 842//
f 2240// 842// 2241//
f 2241// 842// 844//
f 2241// 844// 2242//
f 2239// 842// 2243//
f 2243// 842// 2240//
f 2243// 2240// 2244//
f 2244// 2240// 2245//
f 2244// 2245// 2246//
f 2247// 2248// 2249//
f 2246// 2245// 2249//
f 2249// 2245// 2250//
f 2249// 2250// 2247//
f 2227// 2228// 2242//
f 2242// 2228// 2241//
f 2230// 1484// 2239//
f 2239// 1484// 1069//
f 2231// 2230// 2243//
f 2243// 2230// 2239//
f 2232// 2231// 2244//
f 2244// 2231// 2243//
f 2232// 2244// 2246//
f 2232// 2246// 2234//
f 2234// 2246// 2249//
f 2234// 2249// 2235//
f 2235// 2249// 2248//
f 2235// 2248// 2236//
f 2236// 2248// 2247//
f 2236// 2247// 2237//
f 2237// 2247// 2250//
f 2237// 2250// 2238//
f 2238// 2250// 2245//
f 2238// 2245// 2233//
f 2229// 2233// 2240//
f 2240// 2233// 2245//
f 2228// 2229// 2241//
f 2241// 2229// 2240//
usemtl 1
f 559// 1068// 558//
f 558// 1068// 551//
f 558// 551// 561//
f 561// 551// 550//
f 2251// 860// 2252//
f 2252// 860// 861//
f 2252// 861// 1474//
f 1474// 861// 1475//
f 1474// 1029// 2252//
f 2252// 1029// 1030//
usemtl 2
f 2253// 1479// 1478//
f 1476// 1465// 1464//
f 2254// 2255// 1464//
f 1464// 2255// 2253//
f 1464// 2253// 1476//
f 1476// 2253// 1478//
f 2256// 1466// 1470//
f 1470// 1466// 1467//
f 1470// 1467// 1472//
f 1459// 1461// 2253//
f 2253// 1461// 1479//
f 2257// 2254// 2256//
f 2256// 2254// 1464//
f 2256// 1464// 1466//
f 2258// 2255// 2257//
f 2257// 2255// 2254//
f 2255// 2258// 2253//
f 2253// 2258// 1460//
f 2253// 1460// 1459//
usemtl 1
f 2256// 1470// 2257//
f 2257// 1470// 1074//
f 2257// 1074// 2258//
f 2258// 1074// 1076//
f 2258// 1076// 1460//
f 1460// 1076// 1462//
f 1076// 1166// 1462//
f 1462// 1166// 2259//
f 1462// 2259// 1468//
f 1469// 1468// 2260//
f 2260// 1468// 2259//
f 1456// 1174// 1470//
f 1470// 1174// 1071//
f 1470// 1071// 1074//
f 1406// 1405// 2260//
f 2259// 1166// 2260//
f 2260// 1166// 1165//
f 2260// 1165// 1406//
f 1402// 1404// 1409//
f 1409// 1404// 1458//
f 2260// 1405// 1469//
f 1469// 1405// 1410//
f 1171// 1173// 1179//
f 1179// 1173// 1455//
f 1181// 1175// 1454//
f 1454// 1175// 1180//
f 1182// 1184// 1189//
f 1189// 1184// 1453//
f 1191// 1185// 1452//
f 1452// 1185// 1190//
f 1192// 1194// 1199//
f 1199// 1194// 1451//
f 1201// 1195// 1450//
f 1450// 1195// 1200//
f 1202// 1204// 1209//
f 1209// 1204// 1449//
f 1211// 1205// 1448//
f 1448// 1205// 1210//
f 1212// 1214// 1219//
f 1219// 1214// 1447//
f 1221// 1215// 1446//
f 1446// 1215// 1220//
f 1222// 1224// 1229//
f 1229// 1224// 1445//
f 1231// 1225// 1444//
f 1444// 1225// 1230//
f 1232// 1234// 1239//
f 1239// 1234// 1443//
f 1241// 1235// 1442//
f 1442// 1235// 1240//
f 1242// 1244// 1249//
f 1249// 1244// 1441//
f 1251// 1245// 1440//
f 1440// 1245// 1250//
f 1252// 1254// 1259//
f 1259// 1254// 1439//
f 1261// 1255// 1438//
f 1438// 1255// 1260//
f 1262// 1264// 1269//
f 1269// 1264// 1437//
f 1271// 1265// 1436//
f 1436// 1265// 1270//
f 1272// 1274// 1279//
f 1279// 1274// 1435//
f 1281// 1275// 1434//
f 1434// 1275// 1280//
f 1282// 1284// 1289//
f 1289// 1284// 1433//
f 1291// 1285// 1432//
f 1432// 1285// 1290//
f 1292// 1294// 1299//
f 1299// 1294// 1431//
f 1301// 1295// 1430//
f 1430// 1295// 1300//
f 1302// 1304// 1309//
f 1309// 1304// 1429//
f 1311// 1305// 1428//
f 1428// 1305// 1310//
f 1312// 1314// 1319//
f 1319// 1314// 1427//
f 1321// 1315// 1426//
f 1426// 1315// 1320//
f 1322// 1324// 1329//
f 1329// 1324// 1425//
f 1331// 1325// 1424//
f 1424// 1325// 1330//
f 1332// 1334// 1339//
f 1339// 1334// 1423//
f 1341// 1335// 1422//
f 1422// 1335// 1340//
f 1342// 1344// 1349//
f 1349// 1344// 1421//
f 1351// 1345// 1420//
f 1420// 1345// 1350//
f 1352// 1354// 1359//
f 1359// 1354// 1419//
f 1361// 1355// 1418//
f 1418// 1355// 1360//
f 1362// 1364// 1369//
f 1369// 1364// 1417//
f 1371// 1365// 1416//
f 1416// 1365// 1370//
f 1372// 1374// 1379//
f 1379// 1374// 1415//
f 1381// 1375// 1414//
f 1414// 1375// 1380//
f 1382// 1384// 1389//
f 1389// 1384// 1413//
f 1391// 1385// 1412//
f 1412// 1385// 1390//
f 1392// 1394// 1399//
f 1399// 1394// 1411//
f 1401// 1395// 1457//
f 1457// 1395// 1400//
usemtl 4
f 1168// 2261// 1167//
f 1167// 2261// 2262//
f 2263// 2264// 2265//
f 1168// 1169// 2261//
f 2261// 1169// 1403//
f 2261// 1403// 2265//
f 2265// 1403// 1408//
f 1408// 2266// 2265//
f 2265// 2266// 2267//
f 2265// 2267// 2263//
f 2263// 2267// 2268//
f 2268// 2269// 2263//
f 2263// 2269// 2270//
f 2263// 2270// 2271//
f 2271// 2272// 2263//
f 2263// 2272// 2273//
f 2263// 2273// 2274//
f 2274// 2273// 2275//
f 1165// 1167// 2262//
f 2276// 2277// 2278//
f 2278// 2277// 1407//
f 2278// 1407// 2262//
f 2262// 1407// 1406//
f 2262// 1406// 1165//
f 2279// 2280// 2281//
f 2281// 2280// 2282//
f 2281// 2282// 2283//
f 2279// 2284// 2280//
f 2280// 2284// 2285//
f 2280// 2285// 2286//
f 2278// 2287// 2276//
f 2276// 2287// 2280//
f 2276// 2280// 2288//
f 2288// 2280// 2286//
f 2265// 2264// 2278//
f 2278// 2264// 2287//
f 2261// 2265// 2262//
f 2262// 2265// 2278//
f 1408// 1407// 2277//
f 1408// 2277// 2266//
f 2266// 2277// 2276//
f 2266// 2276// 2267//
f 2267// 2276// 2288//
f 2267// 2288// 2268//
f 2268// 2288// 2286//
f 2268// 2286// 2269//
f 2269// 2286// 2285//
f 2269// 2285// 2270//
f 2270// 2285// 2284//
f 2270// 2284// 2271//
f 2271// 2284// 2279//
f 2271// 2279// 2272//
f 2272// 2279// 2281//
f 2272// 2281// 2273//
f 2273// 2281// 2283//
f 2273// 2283// 2275//
f 2275// 2283// 2282//
f 2275// 2282// 2274//
f 2274// 2282// 2280//
f 2274// 2280// 2263//
f 2264// 2263// 2287//
f 2287// 2263// 2280//
f 1160// 2289// 1161//
f 1161// 2289// 2290//
f 2291// 2292// 2293//
f 1160// 1159// 2289//
f 2289// 1159// 1393//
f 2289// 1393// 2293//
f 2293// 1393// 1398//
f 1398// 2294// 2293//
f 2293// 2294// 2295//
f 2293// 2295// 2291//
f 2291// 2295// 2296//
f 2296// 2297// 2291//
f 2291// 2297// 2298//
f 2291// 2298// 2299//
f 2299// 2300// 2291//
f 2291// 2300// 2301//
f 2291// 2301// 2302//
f 2302// 2301// 2303//
f 1170// 1161// 2290//
f 2304// 2305// 2306//
f 2306// 2305// 1397//
f 2306// 1397// 2290//
f 2290// 1397// 1396//
f 2290// 1396// 1170//
f 2307// 2308// 2309//
f 2309// 2308// 2310//
f 2309// 2310// 2311//
f 2307// 2312// 2308//
f 2308// 2312// 2313//
f 2308// 2313// 2314//
f 2306// 2315// 2304//
f 2304// 2315// 2308//
f 2304// 2308// 2316//
f 2316// 2308// 2314//
f 2293// 2292// 2306//
f 2306// 2292// 2315//
f 2289// 2293// 2290//
f 2290// 2293// 2306//
f 1398// 1397// 2305//
f 1398// 2305// 2294//
f 2294// 2305// 2304//
f 2294// 2304// 2295//
f 2295// 2304// 2316//
f 2295// 2316// 2296//
f 2296// 2316// 2314//
f 2296// 2314// 2297//
f 2297// 2314// 2313//
f 2297// 2313// 2298//
f 2298// 2313// 2312//
f 2298// 2312// 2299//
f 2299// 2312// 2307//
f 2299// 2307// 2300//
f 2300// 2307// 2309//
f 2300// 2309// 2301//
f 2301// 2309// 2311//
f 2301// 2311// 2303//
f 2303// 2311// 2310//
f 2303// 2310// 2302//
f 2302// 2310// 2308//
f 2302// 2308// 2291//
f 2292// 2291// 2315//
f 2315// 2291// 2308//
f 1162// 2317// 1157//
f 1157// 2317// 2318//
f 2319// 2320// 2321//
f 1162// 1163// 2317//
f 2317// 1163// 1383//
f 2317// 1383// 2321//
f 2321// 1383// 1388//
f 1388// 2322// 2321//
f 2321// 2322// 2323//
f 2321// 2323// 2319//
f 2319// 2323// 2324//
f 2324// 2325// 2319//
f 2319// 2325// 2326//
f 2319// 2326// 2327//
f 2327// 2328// 2319//
f 2319// 2328// 2329//
f 2319// 2329// 2330//
f 2330// 2329// 2331//
f 1158// 1157// 2318//
f 2332// 2333// 2334//
f 2334// 2333// 1387//
f 2334// 1387// 2318//
f 2318// 1387// 1386//
f 2318// 1386// 1158//
f 2335// 2336// 2337//
f 2337// 2336// 2338//
f 2337// 2338// 2339//
f 2335// 2340// 2336//
f 2336// 2340// 2341//
f 2336// 2341// 2342//
f 2334// 2343// 2332//
f 2332// 2343// 2336//
f 2332// 2336// 2344//
f 2344// 2336// 2342//
f 2321// 2320// 2334//
f 2334// 2320// 2343//
f 2317// 2321// 2318//
f 2318// 2321// 2334//
f 1388// 1387// 2333//
f 1388// 2333// 2322//
f 2322// 2333// 2332//
f 2322// 2332// 2323//
f 2323// 2332// 2344//
f 2323// 2344// 2324//
f 2324// 2344// 2342//
f 2324// 2342// 2325//
f 2325// 2342// 2341//
f 2325// 2341// 2326//
f 2326// 2341// 2340//
f 2326// 2340// 2327//
f 2327// 2340// 2335//
f 2327// 2335// 2328//
f 2328// 2335// 2337//
f 2328// 2337// 2329//
f 2329// 2337// 2339//
f 2329// 2339// 2331//
f 2331// 2339// 2338//
f 2331// 2338// 2330//
f 2330// 2338// 2336//
f 2330// 2336// 2319//
f 2320// 2319// 2343//
f 2343// 2319// 2336//
f 1152// 2345// 1153//
f 1153// 2345// 2346//
f 2347// 2348// 2349//
f 1152// 1151// 2345//
f 2345// 1151// 1373//
f 2345// 1373// 2349//
f 2349// 1373// 1378//
f 1378// 2350// 2349//
f 2349// 2350// 2351//
f 2349// 2351// 2347//
f 2347// 2351// 2352//
f 2352// 2353// 2347//
f 2347// 2353// 2354//
f 2347// 2354// 2355//
f 2355// 2356// 2347//
f 2347// 2356// 2357//
f 2347// 2357// 2358//
f 2358// 2357// 2359//
f 1164// 1153// 2346//
f 2360// 2361// 2362//
f 2362// 2361// 1377//
f 2362// 1377// 2346//
f 2346// 1377// 1376//
f 2346// 1376// 1164//
f 2363// 2364// 2365//
f 2365// 2364// 2366//
f 2365// 2366// 2367//
f 2363// 2368// 2364//
f 2364// 2368// 2369//
f 2364// 2369// 2370//
f 2362// 2371// 2360//
f 2360// 2371// 2364//
f 2360// 2364// 2372//
f 2372// 2364// 2370//
f 2349// 2348// 2362//
f 2362// 2348// 2371//
f 2345// 2349// 2346//
f 2346// 2349// 2362//
f 1378// 1377// 2361//
f 1378// 2361// 2350//
f 2350// 2361// 2360//
f 2350// 2360// 2351//
f 2351// 2360// 2372//
f 2351// 2372// 2352//
f 2352// 2372// 2370//
f 2352// 2370// 2353//
f 2353// 2370// 2369//
f 2353// 2369// 2354//
f 2354// 2369// 2368//
f 2354// 2368// 2355//
f 2355// 2368// 2363//
f 2355// 2363// 2356//
f 2356// 2363// 2365//
f 2356// 2365// 2357//
f 2357// 2365// 2367//
f 2357// 2367// 2359//
f 2359// 2367// 2366//
f 2359// 2366// 2358//
f 2358// 2366// 2364//
f 2358// 2364// 2347//
f 2348// 2347// 2371//
f 2371// 2347// 2364//
f 1154// 2373// 1149//
f 1149// 2373// 2374//
f 2375// 2376// 2377//
f 1154// 1155// 2373//
f 2373// 1155// 1363//
f 2373// 1363// 2377//
f 2377// 1363// 1368//
f 1368// 2378// 2377//
f 2377// 2378// 2379//
f 2377// 2379// 2375//
f 2375// 2379// 2380//
f 2380// 2381// 2375//
f 2375// 2381// 2382//
f 2375// 2382// 2383//
f 2383// 2384// 2375//
f 2375// 2384// 2385//
f 2375// 2385// 2386//
f 2386// 2385// 2387//
f 1150// 1149// 2374//
f 2388// 2389// 2390//
f 2390// 2389// 1367//
f 2390// 1367// 2374//
f 2374// 1367// 1366//
f 2374// 1366// 1150//
f 2391// 2392// 2393//
f 2393// 2392// 2394//
f 2393// 2394// 2395//
f 2391// 2396// 2392//
f 2392// 2396// 2397//
f 2392// 2397// 2398//
f 2390// 2399// 2388//
f 2388// 2399// 2392//
f 2388// 2392// 2400//
f 2400// 2392// 2398//
f 2377// 2376// 2390//
f 2390// 2376// 2399//
f 2373// 2377// 2374//
f 2374// 2377// 2390//
f 1368// 1367// 2389//
f 1368// 2389// 2378//
f 2378// 2389// 2388//
f 2378// 2388// 2379//
f 2379// 2388// 2400//
f 2379// 2400// 2380//
f 2380// 2400// 2398//
f 2380// 2398// 2381//
f 2381// 2398// 2397//
f 2381// 2397// 2382//
f 2382// 2397// 2396//
f 2382// 2396// 2383//
f 2383// 2396// 2391//
f 2383// 2391// 2384//
f 2384// 2391// 2393//
f 2384// 2393// 2385//
f 2385// 2393// 2395//
f 2385// 2395// 2387//
f 2387// 2395// 2394//
f 2387// 2394// 2386//
f 2386// 2394// 2392//
f 2386// 2392// 2375//
f 2376// 2375// 2399//
f 2399// 2375// 2392//
f 1144// 2401// 1145//
f 1145// 2401// 2402//
f 2403// 2404// 2405//
f 1144// 1143// 2401//
f 2401// 1143// 1353//
f 2401// 1353// 2405//
f 2405// 1353// 1358//
f 1358// 2406// 2405//
f 2405// 2406// 2407//
f 2405// 2407// 2403//
f 2403// 2407// 2408//
f 2408// 2409// 2403//
f 2403// 2409// 2410//
f 2403// 2410// 2411//
f 2411// 2412// 2403//
f 2403// 2412// 2413//
f 2403// 2413// 2414//
f 2414// 2413// 2415//
f 1156// 1145// 2402//
f 2416// 2417// 2418//
f 2418// 2417// 1357//
f 2418// 1357// 2402//
f 2402// 1357// 1356//
f 2402// 1356// 1156//
f 2419// 2420// 2421//
f 2421// 2420// 2422//
f 2421// 2422// 2423//
f 2419// 2424// 2420//
f 2420// 2424// 2425//
f 2420// 2425// 2426//
f 2418// 2427// 2416//
f 2416// 2427// 2420//
f 2416// 2420// 2428//
f 2428// 2420// 2426//
f 2405// 2404// 2418//
f 2418// 2404// 2427//
f 2401// 2405// 2402//
f 2402// 2405// 2418//
f 1358// 1357// 2417//
f 1358// 2417// 2406//
f 2406// 2417// 2416//
f 2406// 2416// 2407//
f 2407// 2416// 2428//
f 2407// 2428// 2408//
f 2408// 2428// 2426//
f 2408// 2426// 2409//
f 2409// 2426// 2425//
f 2409// 2425// 2410//
f 2410// 2425// 2424//
f 2410// 2424// 2411//
f 2411// 2424// 2419//
f 2411// 2419// 2412//
f 2412// 2419// 2421//
f 2412// 2421// 2413//
f 2413// 2421// 2423//
f 2413// 2423// 2415//
f 2415// 2423// 2422//
f 2415// 2422// 2414//
f 2414// 2422// 2420//
f 2414// 2420// 2403//
f 2404// 2403// 2427//
f 2427// 2403// 2420//
f 1146// 2429// 1141//
f 1141// 2429// 2430//
f 2431// 2432// 2433//
f 1146// 1147// 2429//
f 2429// 1147// 1343//
f 2429// 1343// 2433//
f 2433// 1343// 1348//
f 1348// 2434// 2433//
f 2433// 2434// 2435//
f 2433// 2435// 2431//
f 2431// 2435// 2436//
f 2436// 2437// 2431//
f 2431// 2437// 2438//
f 2431// 2438// 2439//
f 2439// 2440// 2431//
f 2431// 2440// 2441//
f 2431// 2441// 2442//
f 2442// 2441// 2443//
f 1142// 1141// 2430//
f 2444// 2445// 2446//
f 2446// 2445// 1347//
f 2446// 1347// 2430//
f 2430// 1347// 1346//
f 2430// 1346// 1142//
f 2447// 2448// 2449//
f 2449// 2448// 2450//
f 2449// 2450// 2451//
f 2447// 2452// 2448//
f 2448// 2452// 2453//
f 2448// 2453// 2454//
f 2446// 2455// 2444//
f 2444// 2455// 2448//
f 2444// 2448// 2456//
f 2456// 2448// 2454//
f 2433// 2432// 2446//
f 2446// 2432// 2455//
f 2429// 2433// 2430//
f 2430// 2433// 2446//
f 1348// 1347// 2445//
f 1348// 2445// 2434//
f 2434// 2445// 2444//
f 2434// 2444// 2435//
f 2435// 2444// 2456//
f 2435// 2456// 2436//
f 2436// 2456// 2454//
f 2436// 2454// 2437//
f 2437// 2454// 2453//
f 2437// 2453// 2438//
f 2438// 2453// 2452//
f 2438// 2452// 2439//
f 2439// 2452// 2447//
f 2439// 2447// 2440//
f 2440// 2447// 2449//
f 2440// 2449// 2441//
f 2441// 2449// 2451//
f 2441// 2451// 2443//
f 2443// 2451// 2450//
f 2443// 2450// 2442//
f 2442// 2450// 2448//
f 2442// 2448// 2431//
f 2432// 2431// 2455//
f 2455// 2431// 2448//
f 1136// 2457// 1137//
f 1137// 2457// 2458//
f 2459// 2460// 2461//
f 1136// 1135// 2457//
f 2457// 1135// 1333//
f 2457// 1333// 2461//
f 2461// 1333// 1338//
f 1338// 2462// 2461//
f 2461// 2462// 2463//
f 2461// 2463// 2459//
f 2459// 2463// 2464//
f 2464// 2465// 2459//
f 2459// 2465// 2466//
f 2459// 2466// 2467//
f 2467// 2468// 2459//
f 2459// 2468// 2469//
f 2459// 2469// 2470//
f 2470// 2469// 2471//
f 1148// 1137// 2458//
f 2472// 2473// 2474//
f 2474// 2473// 1337//
f 2474// 1337// 2458//
f 2458// 1337// 1336//
f 2458// 1336// 1148//
f 2475// 2476// 2477//
f 2477// 2476// 2478//
f 2477// 2478// 2479//
f 2475// 2480// 2476//
f 2476// 2480// 2481//
f 2476// 2481// 2482//
f 2474// 2483// 2472//
f 2472// 2483// 2476//
f 2472// 2476// 2484//
f 2484// 2476// 2482//
f 2461// 2460// 2474//
f 2474// 2460// 2483//
f 2457// 2461// 2458//
f 2458// 2461// 2474//
f 1338// 1337// 2473//
f 1338// 2473// 2462//
f 2462// 2473// 2472//
f 2462// 2472// 2463//
f 2463// 2472// 2484//
f 2463// 2484// 2464//
f 2464// 2484// 2482//
f 2464// 2482// 2465//
f 2465// 2482// 2481//
f 2465// 2481// 2466//
f 2466// 2481// 2480//
f 2466// 2480// 2467//
f 2467// 2480// 2475//
f 2467// 2475// 2468//
f 2468// 2475// 2477//
f 2468// 2477// 2469//
f 2469// 2477// 2479//
f 2469// 2479// 2471//
f 2471// 2479// 2478//
f 2471// 2478// 2470//
f 2470// 2478// 2476//
f 2470// 2476// 2459//
f 2460// 2459// 2483//
f 2483// 2459// 2476//
f 1138// 2485// 1133//
f 1133// 2485// 2486//
f 2487// 2488// 2489//
f 1138// 1139// 2485//
f 2485// 1139// 1323//
f 2485// 1323// 2489//
f 2489// 1323// 1328//
f 1328// 2490// 2489//
f 2489// 2490// 2491//
f 2489// 2491// 2487//
f 2487// 2491// 2492//
f 2492// 2493// 2487//
f 2487// 2493// 2494//
f 2487// 2494// 2495//
f 2495// 2496// 2487//
f 2487// 2496// 2497//
f 2487// 2497// 2498//
f 2498// 2497// 2499//
f 1134// 1133// 2486//
f 2500// 2501// 2502//
f 2502// 2501// 1327//
f 2502// 1327// 2486//
f 2486// 1327// 1326//
f 2486// 1326// 1134//
f 2503// 2504// 2505//
f 2505// 2504// 2506//
f 2505// 2506// 2507//
f 2503// 2508// 2504//
f 2504// 2508// 2509//
f 2504// 2509// 2510//
f 2502// 2511// 2500//
f 2500// 2511// 2504//
f 2500// 2504// 2512//
f 2512// 2504// 2510//
f 2489// 2488// 2502//
f 2502// 2488// 2511//
f 2485// 2489// 2486//
f 2486// 2489// 2502//
f 1328// 1327// 2501//
f 1328// 2501// 2490//
f 2490// 2501// 2500//
f 2490// 2500// 2491//
f 2491// 2500// 2512//
f 2491// 2512// 2492//
f 2492// 2512// 2510//
f 2492// 2510// 2493//
f 2493// 2510// 2509//
f 2493// 2509// 2494//
f 2494// 2509// 2508//
f 2494// 2508// 2495//
f 2495// 2508// 2503//
f 2495// 2503// 2496//
f 2496// 2503// 2505//
f 2496// 2505// 2497//
f 2497// 2505// 2507//
f 2497// 2507// 2499//
f 2499// 2507// 2506//
f 2499// 2506// 2498//
f 2498// 2506// 2504//
f 2498// 2504// 2487//
f 2488// 2487// 2511//
f 2511// 2487// 2504//
f 1128// 2513// 1129//
f 1129// 2513// 2514//
f 2515// 2516// 2517//
f 1128// 1127// 2513//
f 2513// 1127// 1313//
f 2513// 1313// 2517//
f 2517// 1313// 1318//
f 1318// 2518// 2517//
f 2517// 2518// 2519//
f 2517// 2519// 2515//
f 2515// 2519// 2520//
f 2520// 2521// 2515//
f 2515// 2521// 2522//
f 2515// 2522// 2523//
f 2523// 2524// 2515//
f 2515// 2524// 2525//
f 2515// 2525// 2526//
f 2526// 2525// 2527//
f 1140// 1129// 2514//
f 2528// 2529// 2530//
f 2530// 2529// 1317//
f 2530// 1317// 2514//
f 2514// 1317// 1316//
f 2514// 1316// 1140//
f 2531// 2532// 2533//
f 2533// 2532// 2534//
f 2533// 2534// 2535//
f 2531// 2536// 2532//
f 2532// 2536// 2537//
f 2532// 2537// 2538//
f 2530// 2539// 2528//
f 2528// 2539// 2532//
f 2528// 2532// 2540//
f 2540// 2532// 2538//
f 2517// 2516// 2530//
f 2530// 2516// 2539//
f 2513// 2517// 2514//
f 2514// 2517// 2530//
f 1318// 1317// 2529//
f 1318// 2529// 2518//
f 2518// 2529// 2528//
f 2518// 2528// 2519//
f 2519// 2528// 2540//
f 2519// 2540// 2520//
f 2520// 2540// 2538//
f 2520// 2538// 2521//
f 2521// 2538// 2537//
f 2521// 2537// 2522//
f 2522// 2537// 2536//
f 2522// 2536// 2523//
f 2523// 2536// 2531//
f 2523// 2531// 2524//
f 2524// 2531// 2533//
f 2524// 2533// 2525//
f 2525// 2533// 2535//
f 2525// 2535// 2527//
f 2527// 2535// 2534//
f 2527// 2534// 2526//
f 2526// 2534// 2532//
f 2526// 2532// 2515//
f 2516// 2515// 2539//
f 2539// 2515// 2532//
f 1130// 2541// 1125//
f 1125// 2541// 2542//
f 2543// 2544// 2545//
f 1130// 1131// 2541//
f 2541// 1131// 1303//
f 2541// 1303// 2545//
f 2545// 1303// 1308//
f 1308// 2546// 2545//
f 2545// 2546// 2547//
f 2545// 2547// 2543//
f 2543// 2547// 2548//
f 2548// 2549// 2543//
f 2543// 2549// 2550//
f 2543// 2550// 2551//
f 2551// 2552// 2543//
f 2543// 2552// 2553//
f 2543// 2553// 2554//
f 2554// 2553// 2555//
f 1126// 1125// 2542//
f 2556// 2557// 2558//
f 2558// 2557// 1307//
f 2558// 1307// 2542//
f 2542// 1307// 1306//
f 2542// 1306// 1126//
f 2559// 2560// 2561//
f 2561// 2560// 2562//
f 2561// 2562// 2563//
f 2559// 2564// 2560//
f 2560// 2564// 2565//
f 2560// 2565// 2566//
f 2558// 2567// 2556//
f 2556// 2567// 2560//
f 2556// 2560// 2568//
f 2568// 2560// 2566//
f 2545// 2544// 2558//
f 2558// 2544// 2567//
f 2541// 2545// 2542//
f 2542// 2545// 2558//
f 1308// 1307// 2557//
f 1308// 2557// 2546//
f 2546// 2557// 2556//
f 2546// 2556// 2547//
f 2547// 2556// 2568//
f 2547// 2568// 2548//
f 2548// 2568// 2566//
f 2548// 2566// 2549//
f 2549// 2566// 2565//
f 2549// 2565// 2550//
f 2550// 2565// 2564//
f 2550// 2564// 2551//
f 2551// 2564// 2559//
f 2551// 2559// 2552//
f 2552// 2559// 2561//
f 2552// 2561// 2553//
f 2553// 2561// 2563//
f 2553// 2563// 2555//
f 2555// 2563// 2562//
f 2555// 2562// 2554//
f 2554// 2562// 2560//
f 2554// 2560// 2543//
f 2544// 2543// 2567//
f 2567// 2543// 2560//
f 1120// 2569// 1121//
f 1121// 2569// 2570//
f 2571// 2572// 2573//
f 1120// 1119// 2569//
f 2569// 1119// 1293//
f 2569// 1293// 2573//
f 2573// 1293// 1298//
f 1298// 2574// 2573//
f 2573// 2574// 2575//
f 2573// 2575// 2571//
f 2571// 2575// 2576//
f 2576// 2577// 2571//
f 2571// 2577// 2578//
f 2571// 2578// 2579//
f 2579// 2580// 2571//
f 2571// 2580// 2581//
f 2571// 2581// 2582//
f 2582// 2581// 2583//
f 1132// 1121// 2570//
f 2584// 2585// 2586//
f 2586// 2585// 1297//
f 2586// 1297// 2570//
f 2570// 1297// 1296//
f 2570// 1296// 1132//
f 2587// 2588// 2589//
f 2589// 2588// 2590//
f 2589// 2590// 2591//
f 2587// 2592// 2588//
f 2588// 2592// 2593//
f 2588// 2593// 2594//
f 2586// 2595// 2584//
f 2584// 2595// 2588//
f 2584// 2588// 2596//
f 2596// 2588// 2594//
f 2573// 2572// 2586//
f 2586// 2572// 2595//
f 2569// 2573// 2570//
f 2570// 2573// 2586//
f 1298// 1297// 2585//
f 1298// 2585// 2574//
f 2574// 2585// 2584//
f 2574// 2584// 2575//
f 2575// 2584// 2596//
f 2575// 2596// 2576//
f 2576// 2596// 2594//
f 2576// 2594// 2577//
f 2577// 2594// 2593//
f 2577// 2593// 2578//
f 2578// 2593// 2592//
f 2578// 2592// 2579//
f 2579// 2592// 2587//
f 2579// 2587// 2580//
f 2580// 2587// 2589//
f 2580// 2589// 2581//
f 2581// 2589// 2591//
f 2581// 2591// 2583//
f 2583// 2591// 2590//
f 2583// 2590// 2582//
f 2582// 2590// 2588//
f 2582// 2588// 2571//
f 2572// 2571// 2595//
f 2595// 2571// 2588//
f 1122// 2597// 1117//
f 1117// 2597// 2598//
f 2599// 2600// 2601//
f 1122// 1123// 2597//
f 2597// 1123// 1283//
f 2597// 1283// 2601//
f 2601// 1283// 1288//
f 1288// 2602// 2601//
f 2601// 2602// 2603//
f 2601// 2603// 2599//
f 2599// 2603// 2604//
f 2604// 2605// 2599//
f 2599// 2605// 2606//
f 2599// 2606// 2607//
f 2607// 2608// 2599//
f 2599// 2608// 2609//
f 2599// 2609// 2610//
f 2610// 2609// 2611//
f 1118// 1117// 2598//
f 2612// 2613// 2614//
f 2614// 2613// 1287//
f 2614// 1287// 2598//
f 2598// 1287// 1286//
f 2598// 1286// 1118//
f 2615// 2616// 2617//
f 2617// 2616// 2618//
f 2617// 2618// 2619//
f 2615// 2620// 2616//
f 2616// 2620// 2621//
f 2616// 2621// 2622//
f 2614// 2623// 2612//
f 2612// 2623// 2616//
f 2612// 2616// 2624//
f 2624// 2616// 2622//
f 2601// 2600// 2614//
f 2614// 2600// 2623//
f 2597// 2601// 2598//
f 2598// 2601// 2614//
f 1288// 1287// 2613//
f 1288// 2613// 2602//
f 2602// 2613// 2612//
f 2602// 2612// 2603//
f 2603// 2612// 2624//
f 2603// 2624// 2604//
f 2604// 2624// 2622//
f 2604// 2622// 2605//
f 2605// 2622// 2621//
f 2605// 2621// 2606//
f 2606// 2621// 2620//
f 2606// 2620// 2607//
f 2607// 2620// 2615//
f 2607// 2615// 2608//
f 2608// 2615// 2617//
f 2608// 2617// 2609//
f 2609// 2617// 2619//
f 2609// 2619// 2611//
f 2611// 2619// 2618//
f 2611// 2618// 2610//
f 2610// 2618// 2616//
f 2610// 2616// 2599//
f 2600// 2599// 2623//
f 2623// 2599// 2616//
f 1112// 2625// 1113//
f 1113// 2625// 2626//
f 2627// 2628// 2629//
f 1112// 1111// 2625//
f 2625// 1111// 1273//
f 2625// 1273// 2629//
f 2629// 1273// 1278//
f 1278// 2630// 2629//
f 2629// 2630// 2631//
f 2629// 2631// 2627//
f 2627// 2631// 2632//
f 2632// 2633// 2627//
f 2627// 2633// 2634//
f 2627// 2634// 2635//
f 2635// 2636// 2627//
f 2627// 2636// 2637//
f 2627// 2637// 2638//
f 2638// 2637// 2639//
f 1124// 1113// 2626//
f 2640// 2641// 2642//
f 2642// 2641// 1277//
f 2642// 1277// 2626//
f 2626// 1277// 1276//
f 2626// 1276// 1124//
f 2643// 2644// 2645//
f 2645// 2644// 2646//
f 2645// 2646// 2647//
f 2643// 2648// 2644//
f 2644// 2648// 2649//
f 2644// 2649// 2650//
f 2642// 2651// 2640//
f 2640// 2651// 2644//
f 2640// 2644// 2652//
f 2652// 2644// 2650//
f 2629// 2628// 2642//
f 2642// 2628// 2651//
f 2625// 2629// 2626//
f 2626// 2629// 2642//
f 1278// 1277// 2641//
f 1278// 2641// 2630//
f 2630// 2641// 2640//
f 2630// 2640// 2631//
f 2631// 2640// 2652//
f 2631// 2652// 2632//
f 2632// 2652// 2650//
f 2632// 2650// 2633//
f 2633// 2650// 2649//
f 2633// 2649// 2634//
f 2634// 2649// 2648//
f 2634// 2648// 2635//
f 2635// 2648// 2643//
f 2635// 2643// 2636//
f 2636// 2643// 2645//
f 2636// 2645// 2637//
f 2637// 2645// 2647//
f 2637// 2647// 2639//
f 2639// 2647// 2646//
f 2639// 2646// 2638//
f 2638// 2646// 2644//
f 2638// 2644// 2627//
f 2628// 2627// 2651//
f 2651// 2627// 2644//
f 1114// 2653// 1109//
f 1109// 2653// 2654//
f 2655// 2656// 2657//
f 1114// 1115// 2653//
f 2653// 1115// 1263//
f 2653// 1263// 2657//
f 2657// 1263// 1268//
f 1268// 2658// 2657//
f 2657// 2658// 2659//
f 2657// 2659// 2655//
f 2655// 2659// 2660//
f 2660// 2661// 2655//
f 2655// 2661// 2662//
f 2655// 2662// 2663//
f 2663// 2664// 2655//
f 2655// 2664// 2665//
f 2655// 2665// 2666//
f 2666// 2665// 2667//
f 1110// 1109// 2654//
f 2668// 2669// 2670//
f 2670// 2669// 1267//
f 2670// 1267// 2654//
f 2654// 1267// 1266//
f 2654// 1266// 1110//
f 2671// 2672// 2673//
f 2673// 2672// 2674//
f 2673// 2674// 2675//
f 2671// 2676// 2672//
f 2672// 2676// 2677//
f 2672// 2677// 2678//
f 2670// 2679// 2668//
f 2668// 2679// 2672//
f 2668// 2672// 2680//
f 2680// 2672// 2678//
f 2657// 2656// 2670//
f 2670// 2656// 2679//
f 2653// 2657// 2654//
f 2654// 2657// 2670//
f 1268// 1267// 2669//
f 1268// 2669// 2658//
f 2658// 2669// 2668//
f 2658// 2668// 2659//
f 2659// 2668// 2680//
f 2659// 2680// 2660//
f 2660// 2680// 2678//
f 2660// 2678// 2661//
f 2661// 2678// 2677//
f 2661// 2677// 2662//
f 2662// 2677// 2676//
f 2662// 2676// 2663//
f 2663// 2676// 2671//
f 2663// 2671// 2664//
f 2664// 2671// 2673//
f 2664// 2673// 2665//
f 2665// 2673// 2675//
f 2665// 2675// 2667//
f 2667// 2675// 2674//
f 2667// 2674// 2666//
f 2666// 2674// 2672//
f 2666// 2672// 2655//
f 2656// 2655// 2679//
f 2679// 2655// 2672//
f 1104// 2681// 1105//
f 1105// 2681// 2682//
f 2683// 2684// 2685//
f 1104// 1103// 2681//
f 2681// 1103// 1253//
f 2681// 1253// 2685//
f 2685// 1253// 1258//
f 1258// 2686// 2685//
f 2685// 2686// 2687//
f 2685// 2687// 2683//
f 2683// 2687// 2688//
f 2688// 2689// 2683//
f 2683// 2689// 2690//
f 2683// 2690// 2691//
f 2691// 2692// 2683//
f 2683// 2692// 2693//
f 2683// 2693// 2694//
f 2694// 2693// 2695//
f 1116// 1105// 2682//
f 2696// 2697// 2698//
f 2698// 2697// 1257//
f 2698// 1257// 2682//
f 2682// 1257// 1256//
f 2682// 1256// 1116//
f 2699// 2700// 2701//
f 2701// 2700// 2702//
f 2701// 2702// 2703//
f 2699// 2704// 2700//
f 2700// 2704// 2705//
f 2700// 2705// 2706//
f 2698// 2707// 2696//
f 2696// 2707// 2700//
f 2696// 2700// 2708//
f 2708// 2700// 2706//
f 2685// 2684// 2698//
f 2698// 2684// 2707//
f 2681// 2685// 2682//
f 2682// 2685// 2698//
f 1258// 1257// 2697//
f 1258// 2697// 2686//
f 2686// 2697// 2696//
f 2686// 2696// 2687//
f 2687// 2696// 2708//
f 2687// 2708// 2688//
f 2688// 2708// 2706//
f 2688// 2706// 2689//
f 2689// 2706// 2705//
f 2689// 2705// 2690//
f 2690// 2705// 2704//
f 2690// 2704// 2691//
f 2691// 2704// 2699//
f 2691// 2699// 2692//
f 2692// 2699// 2701//
f 2692// 2701// 2693//
f 2693// 2701// 2703//
f 2693// 2703// 2695//
f 2695// 2703// 2702//
f 2695// 2702// 2694//
f 2694// 2702// 2700//
f 2694// 2700// 2683//
f 2684// 2683// 2707//
f 2707// 2683// 2700//
f 1106// 2709// 1101//
f 1101// 2709// 2710//
f 2711// 2712// 2713//
f 1106// 1107// 2709//
f 2709// 1107// 1243//
f 2709// 1243// 2713//
f 2713// 1243// 1248//
f 1248// 2714// 2713//
f 2713// 2714// 2715//
f 2713// 2715// 2711//
f 2711// 2715// 2716//
f 2716// 2717// 2711//
f 2711// 2717// 2718//
f 2711// 2718// 2719//
f 2719// 2720// 2711//
f 2711// 2720// 2721//
f 2711// 2721// 2722//
f 2722// 2721// 2723//
f 1102// 1101// 2710//
f 2724// 2725// 2726//
f 2726// 2725// 1247//
f 2726// 1247// 2710//
f 2710// 1247// 1246//
f 2710// 1246// 1102//
f 2727// 2728// 2729//
f 2729// 2728// 2730//
f 2729// 2730// 2731//
f 2727// 2732// 2728//
f 2728// 2732// 2733//
f 2728// 2733// 2734//
f 2726// 2735// 2724//
f 2724// 2735// 2728//
f 2724// 2728// 2736//
f 2736// 2728// 2734//
f 2713// 2712// 2726//
f 2726// 2712// 2735//
f 2709// 2713// 2710//
f 2710// 2713// 2726//
f 1248// 1247// 2725//
f 1248// 2725// 2714//
f 2714// 2725// 2724//
f 2714// 2724// 2715//
f 2715// 2724// 2736//
f 2715// 2736// 2716//
f 2716// 2736// 2734//
f 2716// 2734// 2717//
f 2717// 2734// 2733//
f 2717// 2733// 2718//
f 2718// 2733// 2732//
f 2718// 2732// 2719//
f 2719// 2732// 2727//
f 2719// 2727// 2720//
f 2720// 2727// 2729//
f 2720// 2729// 2721//
f 2721// 2729// 2731//
f 2721// 2731// 2723//
f 2723// 2731// 2730//
f 2723// 2730// 2722//
f 2722// 2730// 2728//
f 2722// 2728// 2711//
f 2712// 2711// 2735//
f 2735// 2711// 2728//
f 1096// 2737// 1097//
f 1097// 2737// 2738//
f 2739// 2740// 2741//
f 1096// 1095// 2737//
f 2737// 1095// 1233//
f 2737// 1233// 2741//
f 2741// 1233// 1238//
f 1238// 2742// 2741//
f 2741// 2742// 2743//
f 2741// 2743// 2739//
f 2739// 2743// 2744//
f 2744// 2745// 2739//
f 2739// 2745// 2746//
f 2739// 2746// 2747//
f 2747// 2748// 2739//
f 2739// 2748// 2749//
f 2739// 2749// 2750//
f 2750// 2749// 2751//
f 1108// 1097// 2738//
f 2752// 2753// 2754//
f 2754// 2753// 1237//
f 2754// 1237// 2738//
f 2738// 1237// 1236//
f 2738// 1236// 1108//
f 2755// 2756// 2757//
f 2757// 2756// 2758//
f 2757// 2758// 2759//
f 2755// 2760// 2756//
f 2756// 2760// 2761//
f 2756// 2761// 2762//
f 2754// 2763// 2752//
f 2752// 2763// 2756//
f 2752// 2756// 2764//
f 2764// 2756// 2762//
f 2741// 2740// 2754//
f 2754// 2740// 2763//
f 2737// 2741// 2738//
f 2738// 2741// 2754//
f 1238// 1237// 2753//
f 1238// 2753// 2742//
f 2742// 2753// 2752//
f 2742// 2752// 2743//
f 2743// 2752// 2764//
f 2743// 2764// 2744//
f 2744// 2764// 2762//
f 2744// 2762// 2745//
f 2745// 2762// 2761//
f 2745// 2761// 2746//
f 2746// 2761// 2760//
f 2746// 2760// 2747//
f 2747// 2760// 2755//
f 2747// 2755// 2748//
f 2748// 2755// 2757//
f 2748// 2757// 2749//
f 2749// 2757// 2759//
f 2749// 2759// 2751//
f 2751// 2759// 2758//
f 2751// 2758// 2750//
f 2750// 2758// 2756//
f 2750// 2756// 2739//
f 2740// 2739// 2763//
f 2763// 2739// 2756//
f 1098// 2765// 1093//
f 1093// 2765// 2766//
f 2767// 2768// 2769//
f 1098// 1099// 2765//
f 2765// 1099// 1223//
f 2765// 1223// 2769//
f 2769// 1223// 1228//
f 1228// 2770// 2769//
f 2769// 2770// 2771//
f 2769// 2771// 2767//
f 2767// 2771// 2772//
f 2772// 2773// 2767//
f 2767// 2773// 2774//
f 2767// 2774// 2775//
f 2775// 2776// 2767//
f 2767// 2776// 2777//
f 2767// 2777// 2778//
f 2778// 2777// 2779//
f 1094// 1093// 2766//
f 2780// 2781// 2782//
f 2782// 2781// 1227//
f 2782// 1227// 2766//
f 2766// 1227// 1226//
f 2766// 1226// 1094//
f 2783// 2784// 2785//
f 2785// 2784// 2786//
f 2785// 2786// 2787//
f 2783// 2788// 2784//
f 2784// 2788// 2789//
f 2784// 2789// 2790//
f 2782// 2791// 2780//
f 2780// 2791// 2784//
f 2780// 2784// 2792//
f 2792// 2784// 2790//
f 2769// 2768// 2782//
f 2782// 2768// 2791//
f 2765// 2769// 2766//
f 2766// 2769// 2782//
f 1228// 1227// 2781//
f 1228// 2781// 2770//
f 2770// 2781// 2780//
f 2770// 2780// 2771//
f 2771// 2780// 2792//
f 2771// 2792// 2772//
f 2772// 2792// 2790//
f 2772// 2790// 2773//
f 2773// 2790// 2789//
f 2773// 2789// 2774//
f 2774// 2789// 2788//
f 2774// 2788// 2775//
f 2775// 2788// 2783//
f 2775// 2783// 2776//
f 2776// 2783// 2785//
f 2776// 2785// 2777//
f 2777// 2785// 2787//
f 2777// 2787// 2779//
f 2779// 2787// 2786//
f 2779// 2786// 2778//
f 2778// 2786// 2784//
f 2778// 2784// 2767//
f 2768// 2767// 2791//
f 2791// 2767// 2784//
f 1088// 2793// 1089//
f 1089// 2793// 2794//
f 2795// 2796// 2797//
f 1088// 1087// 2793//
f 2793// 1087// 1213//
f 2793// 1213// 2797//
f 2797// 1213// 1218//
f 1218// 2798// 2797//
f 2797// 2798// 2799//
f 2797// 2799// 2795//
f 2795// 2799// 2800//
f 2800// 2801// 2795//
f 2795// 2801// 2802//
f 2795// 2802// 2803//
f 2803// 2804// 2795//
f 2795// 2804// 2805//
f 2795// 2805// 2806//
f 2806// 2805// 2807//
f 1100// 1089// 2794//
f 2808// 2809// 2810//
f 2810// 2809// 1217//
f 2810// 1217// 2794//
f 2794// 1217// 1216//
f 2794// 1216// 1100//
f 2811// 2812// 2813//
f 2813// 2812// 2814//
f 2813// 2814// 2815//
f 2811// 2816// 2812//
f 2812// 2816// 2817//
f 2812// 2817// 2818//
f 2810// 2819// 2808//
f 2808// 2819// 2812//
f 2808// 2812// 2820//
f 2820// 2812// 2818//
f 2797// 2796// 2810//
f 2810// 2796// 2819//
f 2793// 2797// 2794//
f 2794// 2797// 2810//
f 1218// 1217// 2809//
f 1218// 2809// 2798//
f 2798// 2809// 2808//
f 2798// 2808// 2799//
f 2799// 2808// 2820//
f 2799// 2820// 2800//
f 2800// 2820// 2818//
f 2800// 2818// 2801//
f 2801// 2818// 2817//
f 2801// 2817// 2802//
f 2802// 2817// 2816//
f 2802// 2816// 2803//
f 2803// 2816// 2811//
f 2803// 2811// 2804//
f 2804// 2811// 2813//
f 2804// 2813// 2805//
f 2805// 2813// 2815//
f 2805// 2815// 2807//
f 2807// 2815// 2814//
f 2807// 2814// 2806//
f 2806// 2814// 2812//
f 2806// 2812// 2795//
f 2796// 2795// 2819//
f 2819// 2795// 2812//
f 1090// 2821// 1085//
f 1085// 2821// 2822//
f 2823// 2824// 2825//
f 1090// 1091// 2821//
f 2821// 1091// 1203//
f 2821// 1203// 2825//
f 2825// 1203// 1208//
f 1208// 2826// 2825//
f 2825// 2826// 2827//
f 2825// 2827// 2823//
f 2823// 2827// 2828//
f 2828// 2829// 2823//
f 2823// 2829// 2830//
f 2823// 2830// 2831//
f 2831// 2832// 2823//
f 2823// 2832// 2833//
f 2823// 2833// 2834//
f 2834// 2833// 2835//
f 1086// 1085// 2822//
f 2836// 2837// 2838//
f 2838// 2837// 1207//
f 2838// 1207// 2822//
f 2822// 1207// 1206//
f 2822// 1206// 1086//
f 2839// 2840// 2841//
f 2841// 2840// 2842//
f 2841// 2842// 2843//
f 2839// 2844// 2840//
f 2840// 2844// 2845//
f 2840// 2845// 2846//
f 2838// 2847// 2836//
f 2836// 2847// 2840//
f 2836// 2840// 2848//
f 2848// 2840// 2846//
f 2825// 2824// 2838//
f 2838// 2824// 2847//
f 2821// 2825// 2822//
f 2822// 2825// 2838//
f 1208// 1207// 2837//
f 1208// 2837// 2826//
f 2826// 2837// 2836//
f 2826// 2836// 2827//
f 2827// 2836// 2848//
f 2827// 2848// 2828//
f 2828// 2848// 2846//
f 2828// 2846// 2829//
f 2829// 2846// 2845//
f 2829// 2845// 2830//
f 2830// 2845// 2844//
f 2830// 2844// 2831//
f 2831// 2844// 2839//
f 2831// 2839// 2832//
f 2832// 2839// 2841//
f 2832// 2841// 2833//
f 2833// 2841// 2843//
f 2833// 2843// 2835//
f 2835// 2843// 2842//
f 2835// 2842// 2834//
f 2834// 2842// 2840//
f 2834// 2840// 2823//
f 2824// 2823// 2847//
f 2847// 2823// 2840//
f 1080// 2849// 1081//
f 1081// 2849// 2850//
f 2851// 2852// 2853//
f 1080// 1079// 2849//
f 2849// 1079// 1193//
f 2849// 1193// 2853//
f 2853// 1193// 1198//
f 1198// 2854// 2853//
f 2853// 2854// 2855//
f 2853// 2855// 2851//
f 2851// 2855// 2856//
f 2856// 2857// 2851//
f 2851// 2857// 2858//
f 2851// 2858// 2859//
f 2859// 2860// 2851//
f 2851// 2860// 2861//
f 2851// 2861// 2862//
f 2862// 2861// 2863//
f 1092// 1081// 2850//
f 2864// 2865// 2866//
f 2866// 2865// 1197//
f 2866// 1197// 2850//
f 2850// 1197// 1196//
f 2850// 1196// 1092//
f 2867// 2868// 2869//
f 2869// 2868// 2870//
f 2869// 2870// 2871//
f 2867// 2872// 2868//
f 2868// 2872// 2873//
f 2868// 2873// 2874//
f 2866// 2875// 2864//
f 2864// 2875// 2868//
f 2864// 2868// 2876//
f 2876// 2868// 2874//
f 2853// 2852// 2866//
f 2866// 2852// 2875//
f 2849// 2853// 2850//
f 2850// 2853// 2866//
f 1198// 1197// 2865//
f 1198// 2865// 2854//
f 2854// 2865// 2864//
f 2854// 2864// 2855//
f 2855// 2864// 2876//
f 2855// 2876// 2856//
f 2856// 2876// 2874//
f 2856// 2874// 2857//
f 2857// 2874// 2873//
f 2857// 2873// 2858//
f 2858// 2873// 2872//
f 2858// 2872// 2859//
f 2859// 2872// 2867//
f 2859// 2867// 2860//
f 2860// 2867// 2869//
f 2860// 2869// 2861//
f 2861// 2869// 2871//
f 2861// 2871// 2863//
f 2863// 2871// 2870//
f 2863// 2870// 2862//
f 2862// 2870// 2868//
f 2862// 2868// 2851//
f 2852// 2851// 2875//
f 2875// 2851// 2868//
f 1082// 2877// 1077//
f 1077// 2877// 2878//
f 2879// 2880// 2881//
f 1082// 1083// 2877//
f 2877// 1083// 1183//
f 2877// 1183// 2881//
f 2881// 1183// 1188//
f 1188// 2882// 2881//
f 2881// 2882// 2883//
f 2881// 2883// 2879//
f 2879// 2883// 2884//
f 2884// 2885// 2879//
f 2879// 2885// 2886//
f 2879// 2886// 2887//
f 2887// 2888// 2879//
f 2879// 2888// 2889//
f 2879// 2889// 2890//
f 2890// 2889// 2891//
f 1078// 1077// 2878//
f 2892// 2893// 2894//
f 2894// 2893// 1187//
f 2894// 1187// 2878//
f 2878// 1187// 1186//
f 2878// 1186// 1078//
f 2895// 2896// 2897//
f 2897// 2896// 2898//
f 2897// 2898// 2899//
f 2895// 2900// 2896//
f 2896// 2900// 2901//
f 2896// 2901// 2902//
f 2894// 2903// 2892//
f 2892// 2903// 2896//
f 2892// 2896// 2904//
f 2904// 2896// 2902//
f 2881// 2880// 2894//
f 2894// 2880// 2903//
f 2877// 2881// 2878//
f 2878// 2881// 2894//
f 1188// 1187// 2893//
f 1188// 2893// 2882//
f 2882// 2893// 2892//
f 2882// 2892// 2883//
f 2883// 2892// 2904//
f 2883// 2904// 2884//
f 2884// 2904// 2902//
f 2884// 2902// 2885//
f 2885// 2902// 2901//
f 2885// 2901// 2886//
f 2886// 2901// 2900//
f 2886// 2900// 2887//
f 2887// 2900// 2895//
f 2887// 2895// 2888//
f 2888// 2895// 2897//
f 2888// 2897// 2889//
f 2889// 2897// 2899//
f 2889// 2899// 2891//
f 2891// 2899// 2898//
f 2891// 2898// 2890//
f 2890// 2898// 2896//
f 2890// 2896// 2879//
f 2880// 2879// 2903//
f 2903// 2879// 2896//
f 1073// 2905// 1075//
f 1075// 2905// 2906//
f 2907// 2908// 2909//
f 1073// 1072// 2905//
f 2905// 1072// 1172//
f 2905// 1172// 2909//
f 2909// 1172// 1178//
f 1178// 2910// 2909//
f 2909// 2910// 2911//
f 2909// 2911// 2907//
f 2907// 2911// 2912//
f 2912// 2913// 2907//
f 2907// 2913// 2914//
f 2907// 2914// 2915//
f 2915// 2916// 2907//
f 2907// 2916// 2917//
f 2907// 2917// 2918//
f 2918// 2917// 2919//
f 1084// 1075// 2906//
f 2920// 2921// 2922//
f 2922// 2921// 1177//
f 2922// 1177// 2906//
f 2906// 1177// 1176//
f 2906// 1176// 1084//
f 2923// 2924// 2925//
f 2925// 2924// 2926//
f 2925// 2926// 2927//
f 2923// 2928// 2924//
f 2924// 2928// 2929//
f 2924// 2929// 2930//
f 2922// 2931// 2920//
f 2920// 2931// 2924//
f 2920// 2924// 2932//
f 2932// 2924// 2930//
f 2909// 2908// 2922//
f 2922// 2908// 2931//
f 2905// 2909// 2906//
f 2906// 2909// 2922//
f 1178// 1177// 2921//
f 1178// 2921// 2910//
f 2910// 2921// 2920//
f 2910// 2920// 2911//
f 2911// 2920// 2932//
f 2911// 2932// 2912//
f 2912// 2932// 2930//
f 2912// 2930// 2913//
f 2913// 2930// 2929//
f 2913// 2929// 2914//
f 2914// 2929// 2928//
f 2914// 2928// 2915//
f 2915// 2928// 2923//
f 2915// 2923// 2916//
f 2916// 2923// 2925//
f 2916// 2925// 2917//
f 2917// 2925// 2927//
f 2917// 2927// 2919//
f 2919// 2927// 2926//
f 2919// 2926// 2918//
f 2918// 2926// 2924//
f 2918// 2924// 2907//
f 2908// 2907// 2931//
f 2931// 2907// 2924//
usemtl 1
f 2933// 2934// 848//
f 848// 2934// 2935//
f 848// 2935// 850//
f 850// 2935// 1066//
usemtl 4
f 1070// 1053// 834//
f 834// 1053// 862//
f 1052// 1057// 1053//
f 1053// 1057// 863//
f 1053// 863// 862//
f 851// 1034// 849//
f 849// 1034// 1063//
f 851// 852// 1034//
f 1034// 852// 1039//
f 1034// 1039// 1035//
f 1637// 1618// 1638//
f 1638// 1618// 1617//
f 1638// 1617// 1639//
f 1639// 1617// 1609//
f 1639// 1609// 1640//
f 1640// 1609// 1608//
f 1640// 1608// 1644//
f 1644// 1608// 1607//
f 1644// 1607// 1643//
f 1643// 1607// 1613//
f 1643// 1613// 1641//
f 1641// 1613// 1605//
f 1641// 1605// 1647//
f 1647// 1605// 1604//
f 1647// 1604// 1648//
f 1648// 1604// 1614//
f 1648// 1614// 1658//
f 1658// 1614// 1611//
f 1658// 1611// 1659//
f 1659// 1611// 1610//
f 1575// 1555// 1573//
f 1573// 1555// 1554//
f 1573// 1554// 1572//
f 1572// 1554// 1544//
f 1572// 1544// 1578//
f 1578// 1544// 1543//
f 1578// 1543// 1579//
f 1579// 1543// 1542//
f 1579// 1542// 1580//
f 1580// 1542// 1540//
f 1580// 1540// 1581//
f 1581// 1540// 1539//
f 1581// 1539// 1582//
f 1582// 1539// 1536//
f 1582// 1536// 1583//
f 1583// 1536// 1535//
f 1583// 1535// 1592//
f 1592// 1535// 1534//
f 1592// 1534// 1593//
f 1593// 1534// 1533//
usemtl 1
f 864// 865// 300//
f 542// 556// 561//
f 561// 556// 558//
f 830// 840// 831//
f 831// 840// 841//
f 2252// 1030// 2251//
f 2251// 1030// 300//
f 2251// 300// 866//
f 866// 300// 865//
f 2933// 1529// 2934//
f 2934// 1529// 829//
f 2934// 829// 853//
f 561// 560// 542//
f 542// 560// 854//
f 542// 854// 853//
f 784// 2936// 2937//
f 2938// 2939// 828//
f 828// 2939// 776//
f 792// 2940// 2941//
f 787// 786// 300//
f 798// 2942// 2943//
f 853// 829// 542//
f 542// 829// 828//
f 542// 828// 300//
f 300// 828// 776//
f 300// 776// 777//
f 795// 794// 300//
f 802// 2944// 2945//
f 2946// 2947// 777//
f 777// 2947// 779//
f 777// 779// 300//
f 300// 779// 778//
f 2948// 2949// 786//
f 786// 2949// 789//
f 786// 789// 300//
f 300// 789// 788//
f 806// 2950// 2951//
f 801// 800// 300//
f 809// 808// 300//
f 2952// 2953// 778//
f 778// 2953// 781//
f 778// 781// 300//
f 300// 781// 780//
f 2954// 2955// 788//
f 788// 2955// 791//
f 788// 791// 300//
f 300// 791// 790//
f 805// 804// 300//
f 2956// 2957// 794//
f 794// 2957// 797//
f 794// 797// 300//
f 300// 797// 796//
f 813// 812// 300//
f 2958// 2959// 780//
f 780// 2959// 783//
f 780// 783// 300//
f 300// 783// 782//
f 2960// 2961// 790//
f 790// 2961// 793//
f 790// 793// 300//
f 300// 793// 792//
f 300// 792// 795//
f 795// 792// 2941//
f 2962// 2963// 800//
f 800// 2963// 803//
f 800// 803// 300//
f 300// 803// 802//
f 300// 802// 805//
f 805// 802// 2945//
f 810// 2964// 2965//
f 2966// 2967// 796//
f 796// 2967// 799//
f 796// 799// 300//
f 300// 799// 798//
f 300// 798// 801//
f 801// 798// 2943//
f 2965// 813// 810//
f 810// 813// 300//
f 810// 300// 811//
f 811// 300// 808//
f 811// 808// 2968//
f 2968// 808// 2969//
f 817// 816// 300//
f 2970// 2971// 782//
f 782// 2971// 785//
f 782// 785// 300//
f 300// 785// 784//
f 300// 784// 787//
f 787// 784// 2937//
f 2972// 2973// 804//
f 804// 2973// 807//
f 804// 807// 300//
f 300// 807// 806//
f 300// 806// 809//
f 809// 806// 2951//
f 814// 2974// 2975//
f 2975// 817// 814//
f 814// 817// 300//
f 814// 300// 815//
f 815// 300// 812//
f 815// 812// 2976//
f 2976// 812// 2977//
f 821// 820// 300//
f 818// 2978// 2979//
f 2979// 821// 818//
f 818// 821// 300//
f 818// 300// 819//
f 819// 300// 816//
f 819// 816// 2980//
f 2980// 816// 2981//
f 841// 864// 831//
f 831// 864// 300//
f 831// 300// 855//
f 855// 300// 820//
f 855// 820// 2982//
f 2982// 820// 2983//
f 866// 858// 2251//
f 2251// 858// 860//
f 1532// 2984// 153//
f 153// 2984// 156//
f 154// 156// 1007//
f 1007// 156// 2984//
f 1007// 2984// 1028//
f 585// 583// 2985//
f 2985// 880// 585//
f 585// 880// 1008//
f 585// 1008// 1009//
f 1009// 1010// 585//
f 585// 1010// 1011//
f 585// 1011// 1012//
f 1016// 1017// 586//
f 1012// 1013// 585//
f 585// 1013// 1014//
f 585// 1014// 586//
f 586// 1014// 1015//
f 586// 1015// 1016//
f 1017// 1018// 586//
f 586// 1018// 1019//
f 586// 1019// 1020//
f 1020// 1021// 586//
f 586// 1021// 1022//
f 586// 1022// 1023//
f 1023// 1024// 586//
f 586// 1024// 1025//
f 586// 1025// 1026//
f 2984// 1532// 1028//
f 1028// 1532// 586//
f 1028// 586// 1027//
f 1027// 586// 1026//
f 880// 2985// 874//
f 874// 2985// 157//
f 874// 157// 155//
f 2985// 583// 157//
f 157// 583// 17//
usemtl 2
f 2986// 573// 588//
f 588// 573// 568//
f 588// 568// 868//
f 867// 567// 615//
f 615// 567// 576//
f 615// 576// 2987//
f 867// 615// 614//
f 609// 608// 2988//
f 2988// 608// 2989//
f 2990// 619// 607//
f 2991// 2992// 868//
f 614// 2993// 867//
f 867// 2993// 2988//
f 867// 2988// 868//
f 868// 2988// 2989//
f 868// 2989// 2994//
f 613// 612// 2994//
f 2994// 612// 2995//
f 2994// 2995// 868//
f 868// 2995// 2996//
f 2997// 632// 631//
f 611// 610// 2996//
f 2996// 610// 2998//
f 2996// 2998// 868//
f 868// 2998// 2999//
f 623// 622// 2999//
f 2999// 622// 3000//
f 2999// 3000// 868//
f 868// 3000// 3001//
f 3002// 3003// 868//
f 621// 620// 3001//
f 3001// 620// 3004//
f 3001// 3004// 868//
f 868// 3004// 2990//
f 868// 2990// 2991//
f 2991// 2990// 607//
f 606// 637// 2992//
f 2992// 637// 3005//
f 2992// 3005// 868//
f 868// 3005// 3006//
f 3007// 626// 625//
f 636// 635// 3006//
f 3006// 635// 3008//
f 3006// 3008// 868//
f 868// 3008// 3009//
f 634// 633// 3009//
f 3009// 633// 3010//
f 3009// 3010// 868//
f 868// 3010// 2997//
f 868// 2997// 3002//
f 3002// 2997// 631//
f 3011// 3012// 868//
f 630// 629// 3003//
f 3003// 629// 3013//
f 3003// 3013// 868//
f 868// 3013// 3014//
f 628// 627// 3014//
f 3014// 627// 3015//
f 3014// 3015// 868//
f 868// 3015// 3007//
f 868// 3007// 3011//
f 3011// 3007// 625//
f 3016// 605// 604//
f 3017// 3018// 868//
f 624// 618// 3012//
f 3012// 618// 3019//
f 3012// 3019// 868//
f 868// 3019// 3020//
f 604// 3017// 3016//
f 3016// 3017// 868//
f 3016// 868// 3021//
f 3021// 868// 3020//
f 3021// 3020// 616//
f 616// 3020// 617//
f 3022// 601// 600//
f 3023// 3024// 868//
f 600// 3023// 3022//
f 3022// 3023// 868//
f 3022// 868// 3025//
f 3025// 868// 3018//
f 3025// 3018// 602//
f 602// 3018// 603//
f 3026// 597// 596//
f 3027// 3028// 868//
f 596// 3027// 3026//
f 3026// 3027// 868//
f 3026// 868// 3029//
f 3029// 868// 3024//
f 3029// 3024// 598//
f 598// 3024// 599//
f 3030// 593// 592//
f 3031// 3032// 868//
f 592// 3031// 3030//
f 3030// 3031// 868//
f 3030// 868// 3033//
f 3033// 868// 3028//
f 3033// 3028// 594//
f 594// 3028// 595//
f 589// 588// 3034//
f 3034// 588// 868//
f 3034// 868// 3035//
f 3035// 868// 3032//
f 3035// 3032// 590//
f 590// 3032// 591//
usemtl 4
f 609// 876// 614//
f 614// 876// 875//
f 3036// 870// 3037//
f 3037// 870// 869//
f 3038// 2988// 3039//
f 3039// 2988// 3040//
f 3039// 3040// 3041//
f 3038// 3042// 2988//
f 2988// 3042// 3037//
f 2988// 3037// 609//
f 609// 3037// 869//
f 609// 869// 876//
f 614// 875// 870//
f 614// 870// 2993//
f 2993// 870// 3036//
f 2993// 3036// 3043//
f 3044// 3045// 3046//
f 3044// 3046// 3036//
f 3036// 3046// 3047//
f 3036// 3047// 3043//
f 3036// 3037// 3042//
f 3036// 3042// 3044//
f 3044// 3042// 3038//
f 3044// 3038// 3045//
f 3045// 3038// 3039//
f 3045// 3039// 3046//
f 3046// 3039// 3041//
f 3046// 3041// 3047//
f 3047// 3041// 3040//
f 3047// 3040// 3043//
f 3043// 3040// 2988//
f 3043// 2988// 2993//
f 613// 872// 608//
f 608// 872// 871//
f 3048// 879// 3049//
f 3049// 879// 878//
f 3050// 2994// 3051//
f 3051// 2994// 3052//
f 3051// 3052// 3053//
f 3050// 3054// 2994//
f 2994// 3054// 3049//
f 2994// 3049// 613//
f 613// 3049// 878//
f 613// 878// 872//
f 608// 871// 879//
f 608// 879// 2989//
f 2989// 879// 3048//
f 2989// 3048// 3055//
f 3056// 3057// 3058//
f 3056// 3058// 3048//
f 3048// 3058// 3059//
f 3048// 3059// 3055//
f 611// 883// 612//
f 612// 883// 885//
f 3060// 886// 3061//
f 3061// 886// 881//
f 3062// 2996// 3063//
f 3063// 2996// 3064//
f 3063// 3064// 3065//
f 3062// 3066// 2996//
f 2996// 3066// 3061//
f 2996// 3061// 611//
f 611// 3061// 881//
f 611// 881// 883//
f 612// 885// 886//
f 612// 886// 2995//
f 2995// 886// 3060//
f 2995// 3060// 3067//
f 3068// 3069// 3070//
f 3068// 3070// 3060//
f 3060// 3070// 3071//
f 3060// 3071// 3067//
f 623// 888// 610//
f 610// 888// 887//
f 3072// 889// 3073//
f 3073// 889// 890//
f 3074// 2999// 3075//
f 3075// 2999// 3076//
f 3075// 3076// 3077//
f 3074// 3078// 2999//
f 2999// 3078// 3073//
f 2999// 3073// 623//
f 623// 3073// 890//
f 623// 890// 888//
f 610// 887// 889//
f 610// 889// 2998//
f 2998// 889// 3072//
f 2998// 3072// 3079//
f 3080// 3081// 3082//
f 3080// 3082// 3072//
f 3072// 3082// 3083//
f 3072// 3083// 3079//
f 621// 894// 622//
f 622// 894// 893//
f 3084// 895// 3085//
f 3085// 895// 896//
f 3086// 3001// 3087//
f 3087// 3001// 3088//
f 3087// 3088// 3089//
f 3086// 3090// 3001//
f 3001// 3090// 3085//
f 3001// 3085// 621//
f 621// 3085// 896//
f 621// 896// 894//
f 622// 893// 895//
f 622// 895// 3000//
f 3000// 895// 3084//
f 3000// 3084// 3091//
f 3092// 3093// 3094//
f 3092// 3094// 3084//
f 3084// 3094// 3095//
f 3084// 3095// 3091//
f 619// 900// 620//
f 620// 900// 899//
f 3096// 901// 3097//
f 3097// 901// 902//
f 3098// 2990// 3099//
f 3099// 2990// 3100//
f 3099// 3100// 3101//
f 3098// 3102// 2990//
f 2990// 3102// 3097//
f 2990// 3097// 619//
f 619// 3097// 902//
f 619// 902// 900//
f 620// 899// 901//
f 620// 901// 3004//
f 3004// 901// 3096//
f 3004// 3096// 3103//
f 3104// 3105// 3106//
f 3104// 3106// 3096//
f 3096// 3106// 3107//
f 3096// 3107// 3103//
f 606// 910// 607//
f 607// 910// 914//
f 3108// 913// 3109//
f 3109// 913// 912//
f 3110// 2992// 3111//
f 3111// 2992// 3112//
f 3111// 3112// 3113//
f 3110// 3114// 2992//
f 2992// 3114// 3109//
f 2992// 3109// 606//
f 606// 3109// 912//
f 606// 912// 910//
f 607// 914// 913//
f 607// 913// 2991//
f 2991// 913// 3108//
f 2991// 3108// 3115//
f 3116// 3117// 3118//
f 3116// 3118// 3108//
f 3108// 3118// 3119//
f 3108// 3119// 3115//
f 636// 907// 637//
f 637// 907// 909//
f 3120// 911// 3121//
f 3121// 911// 905//
f 3122// 3006// 3123//
f 3123// 3006// 3124//
f 3123// 3124// 3125//
f 3122// 3126// 3006//
f 3006// 3126// 3121//
f 3006// 3121// 636//
f 636// 3121// 905//
f 636// 905// 907//
f 637// 909// 911//
f 637// 911// 3005//
f 3005// 911// 3120//
f 3005// 3120// 3127//
f 3128// 3129// 3130//
f 3128// 3130// 3120//
f 3120// 3130// 3131//
f 3120// 3131// 3127//
f 634// 916// 635//
f 635// 916// 915//
f 3132// 917// 3133//
f 3133// 917// 918//
f 3134// 3009// 3135//
f 3135// 3009// 3136//
f 3135// 3136// 3137//
f 3134// 3138// 3009//
f 3009// 3138// 3133//
f 3009// 3133// 634//
f 634// 3133// 918//
f 634// 918// 916//
f 635// 915// 917//
f 635// 917// 3008//
f 3008// 917// 3132//
f 3008// 3132// 3139//
f 3140// 3141// 3142//
f 3140// 3142// 3132//
f 3132// 3142// 3143//
f 3132// 3143// 3139//
f 632// 922// 633//
f 633// 922// 921//
f 3144// 923// 3145//
f 3145// 923// 924//
f 3146// 2997// 3147//
f 3147// 2997// 3148//
f 3147// 3148// 3149//
f 3146// 3150// 2997//
f 2997// 3150// 3145//
f 2997// 3145// 632//
f 632// 3145// 924//
f 632// 924// 922//
f 633// 921// 923//
f 633// 923// 3010//
f 3010// 923// 3144//
f 3010// 3144// 3151//
f 3152// 3153// 3154//
f 3152// 3154// 3144//
f 3144// 3154// 3155//
f 3144// 3155// 3151//
f 630// 928// 631//
f 631// 928// 927//
f 3156// 929// 3157//
f 3157// 929// 930//
f 3158// 3003// 3159//
f 3159// 3003// 3160//
f 3159// 3160// 3161//
f 3158// 3162// 3003//
f 3003// 3162// 3157//
f 3003// 3157// 630//
f 630// 3157// 930//
f 630// 930// 928//
f 631// 927// 929//
f 631// 929// 3002//
f 3002// 929// 3156//
f 3002// 3156// 3163//
f 3164// 3165// 3166//
f 3164// 3166// 3156//
f 3156// 3166// 3167//
f 3156// 3167// 3163//
f 628// 934// 629//
f 629// 934// 933//
f 3168// 935// 3169//
f 3169// 935// 936//
f 3170// 3014// 3171//
f 3171// 3014// 3172//
f 3171// 3172// 3173//
f 3170// 3174// 3014//
f 3014// 3174// 3169//
f 3014// 3169// 628//
f 628// 3169// 936//
f 628// 936// 934//
f 629// 933// 935//
f 629// 935// 3013//
f 3013// 935// 3168//
f 3013// 3168// 3175//
f 3176// 3177// 3178//
f 3176// 3178// 3168//
f 3168// 3178// 3179//
f 3168// 3179// 3175//
f 626// 944// 627//
f 627// 944// 948//
f 3180// 947// 3181//
f 3181// 947// 946//
f 3182// 3007// 3183//
f 3183// 3007// 3184//
f 3183// 3184// 3185//
f 3182// 3186// 3007//
f 3007// 3186// 3181//
f 3007// 3181// 626//
f 626// 3181// 946//
f 626// 946// 944//
f 627// 948// 947//
f 627// 947// 3015//
f 3015// 947// 3180//
f 3015// 3180// 3187//
f 3188// 3189// 3190//
f 3188// 3190// 3180//
f 3180// 3190// 3191//
f 3180// 3191// 3187//
f 624// 941// 625//
f 625// 941// 943//
f 3192// 945// 3193//
f 3193// 945// 939//
f 3194// 3012// 3195//
f 3195// 3012// 3196//
f 3195// 3196// 3197//
f 3194// 3198// 3012//
f 3012// 3198// 3193//
f 3012// 3193// 624//
f 624// 3193// 939//
f 624// 939// 941//
f 625// 943// 945//
f 625// 945// 3011//
f 3011// 945// 3192//
f 3011// 3192// 3199//
f 3200// 3201// 3202//
f 3200// 3202// 3192//
f 3192// 3202// 3203//
f 3192// 3203// 3199//
f 617// 950// 618//
f 618// 950// 949//
f 3204// 951// 3205//
f 3205// 951// 952//
f 3206// 3020// 3207//
f 3207// 3020// 3208//
f 3207// 3208// 3209//
f 3206// 3210// 3020//
f 3020// 3210// 3205//
f 3020// 3205// 617//
f 617// 3205// 952//
f 617// 952// 950//
f 618// 949// 951//
f 618// 951// 3019//
f 3019// 951// 3204//
f 3019// 3204// 3211//
f 3212// 3213// 3214//
f 3212// 3214// 3204//
f 3204// 3214// 3215//
f 3204// 3215// 3211//
f 605// 956// 616//
f 616// 956// 955//
f 3216// 957// 3217//
f 3217// 957// 958//
f 3218// 3016// 3219//
f 3219// 3016// 3220//
f 3219// 3220// 3221//
f 3218// 3222// 3016//
f 3016// 3222// 3217//
f 3016// 3217// 605//
f 605// 3217// 958//
f 605// 958// 956//
f 616// 955// 957//
f 616// 957// 3021//
f 3021// 957// 3216//
f 3021// 3216// 3223//
f 3224// 3225// 3226//
f 3224// 3226// 3216//
f 3216// 3226// 3227//
f 3216// 3227// 3223//
f 603// 962// 604//
f 604// 962// 961//
f 3228// 963// 3229//
f 3229// 963// 964//
f 3230// 3018// 3231//
f 3231// 3018// 3232//
f 3231// 3232// 3233//
f 3230// 3234// 3018//
f 3018// 3234// 3229//
f 3018// 3229// 603//
f 603// 3229// 964//
f 603// 964// 962//
f 604// 961// 963//
f 604// 963// 3017//
f 3017// 963// 3228//
f 3017// 3228// 3235//
f 3236// 3237// 3238//
f 3236// 3238// 3228//
f 3228// 3238// 3239//
f 3228// 3239// 3235//
f 601// 968// 602//
f 602// 968// 967//
f 3240// 969// 3241//
f 3241// 969// 970//
f 3242// 3022// 3243//
f 3243// 3022// 3244//
f 3243// 3244// 3245//
f 3242// 3246// 3022//
f 3022// 3246// 3241//
f 3022// 3241// 601//
f 601// 3241// 970//
f 601// 970// 968//
f 602// 967// 969//
f 602// 969// 3025//
f 3025// 969// 3240//
f 3025// 3240// 3247//
f 3248// 3249// 3250//
f 3248// 3250// 3240//
f 3240// 3250// 3251//
f 3240// 3251// 3247//
f 599// 978// 600//
f 600// 978// 982//
f 3252// 981// 3253//
f 3253// 981// 980//
f 3254// 3024// 3255//
f 3255// 3024// 3256//
f 3255// 3256// 3257//
f 3254// 3258// 3024//
f 3024// 3258// 3253//
f 3024// 3253// 599//
f 599// 3253// 980//
f 599// 980// 978//
f 600// 982// 981//
f 600// 981// 3023//
f 3023// 981// 3252//
f 3023// 3252// 3259//
f 3260// 3261// 3262//
f 3260// 3262// 3252//
f 3252// 3262// 3263//
f 3252// 3263// 3259//
f 597// 975// 598//
f 598// 975// 977//
f 3264// 979// 3265//
f 3265// 979// 973//
f 3266// 3026// 3267//
f 3267// 3026// 3268//
f 3267// 3268// 3269//
f 3266// 3270// 3026//
f 3026// 3270// 3265//
f 3026// 3265// 597//
f 597// 3265// 973//
f 597// 973// 975//
f 598// 977// 979//
f 598// 979// 3029//
f 3029// 979// 3264//
f 3029// 3264// 3271//
f 3272// 3273// 3274//
f 3272// 3274// 3264//
f 3264// 3274// 3275//
f 3264// 3275// 3271//
f 595// 984// 596//
f 596// 984// 983//
f 3276// 985// 3277//
f 3277// 985// 986//
f 3278// 3028// 3279//
f 3279// 3028// 3280//
f 3279// 3280// 3281//
f 3278// 3282// 3028//
f 3028// 3282// 3277//
f 3028// 3277// 595//
f 595// 3277// 986//
f 595// 986// 984//
f 596// 983// 985//
f 596// 985// 3027//
f 3027// 985// 3276//
f 3027// 3276// 3283//
f 3284// 3285// 3286//
f 3284// 3286// 3276//
f 3276// 3286// 3287//
f 3276// 3287// 3283//
f 593// 991// 594//
f 594// 991// 993//
f 3288// 994// 3289//
f 3289// 994// 989//
f 3290// 3030// 3291//
f 3291// 3030// 3292//
f 3291// 3292// 3293//
f 3290// 3294// 3030//
f 3030// 3294// 3289//
f 3030// 3289// 593//
f 593// 3289// 989//
f 593// 989// 991//
f 594// 993// 994//
f 594// 994// 3033//
f 3033// 994// 3288//
f 3033// 3288// 3295//
f 3296// 3297// 3298//
f 3296// 3298// 3288//
f 3288// 3298// 3299//
f 3288// 3299// 3295//
f 591// 996// 592//
f 592// 996// 995//
f 3300// 997// 3301//
f 3301// 997// 998//
f 3302// 3032// 3303//
f 3303// 3032// 3304//
f 3303// 3304// 3305//
f 3302// 3306// 3032//
f 3032// 3306// 3301//
f 3032// 3301// 591//
f 591// 3301// 998//
f 591// 998// 996//
f 592// 995// 997//
f 592// 997// 3031//
f 3031// 997// 3300//
f 3031// 3300// 3307//
f 3308// 3309// 3310//
f 3308// 3310// 3300//
f 3300// 3310// 3311//
f 3300// 3311// 3307//
f 589// 1002// 590//
f 590// 1002// 1003//
f 3312// 1004// 3313//
f 3313// 1004// 1005//
f 3314// 3034// 3315//
f 3315// 3034// 3316//
f 3315// 3316// 3317//
f 3314// 3318// 3034//
f 3034// 3318// 3313//
f 3034// 3313// 589//
f 589// 3313// 1005//
f 589// 1005// 1002//
f 590// 1003// 1004//
f 590// 1004// 3035//
f 3035// 1004// 3312//
f 3035// 3312// 3319//
f 3320// 3321// 3322//
f 3320// 3322// 3312//
f 3312// 3322// 3323//
f 3312// 3323// 3319//
f 3048// 3049// 3054//
f 3048// 3054// 3056//
f 3056// 3054// 3050//
f 3056// 3050// 3057//
f 3057// 3050// 3051//
f 3057// 3051// 3058//
f 3058// 3051// 3053//
f 3058// 3053// 3059//
f 3059// 3053// 3052//
f 3059// 3052// 3055//
f 3055// 3052// 2994//
f 3055// 2994// 2989//
f 3060// 3061// 3066//
f 3060// 3066// 3068//
f 3068// 3066// 3062//
f 3068// 3062// 3069//
f 3069// 3062// 3063//
f 3069// 3063// 3070//
f 3070// 3063// 3065//
f 3070// 3065// 3071//
f 3071// 3065// 3064//
f 3071// 3064// 3067//
f 3067// 3064// 2996//
f 3067// 2996// 2995//
f 3072// 3073// 3078//
f 3072// 3078// 3080//
f 3080// 3078// 3074//
f 3080// 3074// 3081//
f 3081// 3074// 3075//
f 3081// 3075// 3082//
f 3082// 3075// 3077//
f 3082// 3077// 3083//
f 3083// 3077// 3076//
f 3083// 3076// 3079//
f 3079// 3076// 2999//
f 3079// 2999// 2998//
f 3084// 3085// 3090//
f 3084// 3090// 3092//
f 3092// 3090// 3086//
f 3092// 3086// 3093//
f 3093// 3086// 3087//
f 3093// 3087// 3094//
f 3094// 3087// 3089//
f 3094// 3089// 3095//
f 3095// 3089// 3088//
f 3095// 3088// 3091//
f 3091// 3088// 3001//
f 3091// 3001// 3000//
f 3096// 3097// 3102//
f 3096// 3102// 3104//
f 3104// 3102// 3098//
f 3104// 3098// 3105//
f 3105// 3098// 3099//
f 3105// 3099// 3106//
f 3106// 3099// 3101//
f 3106// 3101// 3107//
f 3107// 3101// 3100//
f 3107// 3100// 3103//
f 3103// 3100// 2990//
f 3103// 2990// 3004//
f 3108// 3109// 3114//
f 3108// 3114// 3116//
f 3116// 3114// 3110//
f 3116// 3110// 3117//
f 3117// 3110// 3111//
f 3117// 3111// 3118//
f 3118// 3111// 3113//
f 3118// 3113// 3119//
f 3119// 3113// 3112//
f 3119// 3112// 3115//
f 3115// 3112// 2992//
f 3115// 2992// 2991//
f 3120// 3121// 3126//
f 3120// 3126// 3128//
f 3128// 3126// 3122//
f 3128// 3122// 3129//
f 3129// 3122// 3123//
f 3129// 3123// 3130//
f 3130// 3123// 3125//
f 3130// 3125// 3131//
f 3131// 3125// 3124//
f 3131// 3124// 3127//
f 3127// 3124// 3006//
f 3127// 3006// 3005//
f 3132// 3133// 3138//
f 3132// 3138// 3140//
f 3140// 3138// 3134//
f 3140// 3134// 3141//
f 3141// 3134// 3135//
f 3141// 3135// 3142//
f 3142// 3135// 3137//
f 3142// 3137// 3143//
f 3143// 3137// 3136//
f 3143// 3136// 3139//
f 3139// 3136// 3009//
f 3139// 3009// 3008//
f 3144// 3145// 3150//
f 3144// 3150// 3152//
f 3152// 3150// 3146//
f 3152// 3146// 3153//
f 3153// 3146// 3147//
f 3153// 3147// 3154//
f 3154// 3147// 3149//
f 3154// 3149// 3155//
f 3155// 3149// 3148//
f 3155// 3148// 3151//
f 3151// 3148// 2997//
f 3151// 2997// 3010//
f 3156// 3157// 3162//
f 3156// 3162// 3164//
f 3164// 3162// 3158//
f 3164// 3158// 3165//
f 3165// 3158// 3159//
f 3165// 3159// 3166//
f 3166// 3159// 3161//
f 3166// 3161// 3167//
f 3167// 3161// 3160//
f 3167// 3160// 3163//
f 3163// 3160// 3003//
f 3163// 3003// 3002//
f 3168// 3169// 3174//
f 3168// 3174// 3176//
f 3176// 3174// 3170//
f 3176// 3170// 3177//
f 3177// 3170// 3171//
f 3177// 3171// 3178//
f 3178// 3171// 3173//
f 3178// 3173// 3179//
f 3179// 3173// 3172//
f 3179// 3172// 3175//
f 3175// 3172// 3014//
f 3175// 3014// 3013//
f 3180// 3181// 3186//
f 3180// 3186// 3188//
f 3188// 3186// 3182//
f 3188// 3182// 3189//
f 3189// 3182// 3183//
f 3189// 3183// 3190//
f 3190// 3183// 3185//
f 3190// 3185// 3191//
f 3191// 3185// 3184//
f 3191// 3184// 3187//
f 3187// 3184// 3007//
f 3187// 3007// 3015//
f 3192// 3193// 3198//
f 3192// 3198// 3200//
f 3200// 3198// 3194//
f 3200// 3194// 3201//
f 3201// 3194// 3195//
f 3201// 3195// 3202//
f 3202// 3195// 3197//
f 3202// 3197// 3203//
f 3203// 3197// 3196//
f 3203// 3196// 3199//
f 3199// 3196// 3012//
f 3199// 3012// 3011//
f 3204// 3205// 3210//
f 3204// 3210// 3212//
f 3212// 3210// 3206//
f 3212// 3206// 3213//
f 3213// 3206// 3207//
f 3213// 3207// 3214//
f 3214// 3207// 3209//
f 3214// 3209// 3215//
f 3215// 3209// 3208//
f 3215// 3208// 3211//
f 3211// 3208// 3020//
f 3211// 3020// 3019//
f 3216// 3217// 3222//
f 3216// 3222// 3224//
f 3224// 3222// 3218//
f 3224// 3218// 3225//
f 3225// 3218// 3219//
f 3225// 3219// 3226//
f 3226// 3219// 3221//
f 3226// 3221// 3227//
f 3227// 3221// 3220//
f 3227// 3220// 3223//
f 3223// 3220// 3016//
f 3223// 3016// 3021//
f 3228// 3229// 3234//
f 3228// 3234// 3236//
f 3236// 3234// 3230//
f 3236// 3230// 3237//
f 3237// 3230// 3231//
f 3237// 3231// 3238//
f 3238// 3231// 3233//
f 3238// 3233// 3239//
f 3239// 3233// 3232//
f 3239// 3232// 3235//
f 3235// 3232// 3018//
f 3235// 3018// 3017//
f 3240// 3241// 3246//
f 3240// 3246// 3248//
f 3248// 3246// 3242//
f 3248// 3242// 3249//
f 3249// 3242// 3243//
f 3249// 3243// 3250//
f 3250// 3243// 3245//
f 3250// 3245// 3251//
f 3251// 3245// 3244//
f 3251// 3244// 3247//
f 3247// 3244// 3022//
f 3247// 3022// 3025//
f 3252// 3253// 3258//
f 3252// 3258// 3260//
f 3260// 3258// 3254//
f 3260// 3254// 3261//
f 3261// 3254// 3255//
f 3261// 3255// 3262//
f 3262// 3255// 3257//
f 3262// 3257// 3263//
f 3263// 3257// 3256//
f 3263// 3256// 3259//
f 3259// 3256// 3024//
f 3259// 3024// 3023//
f 3264// 3265// 3270//
f 3264// 3270// 3272//
f 3272// 3270// 3266//
f 3272// 3266// 3273//
f 3273// 3266// 3267//
f 3273// 3267// 3274//
f 3274// 3267// 3269//
f 3274// 3269// 3275//
f 3275// 3269// 3268//
f 3275// 3268// 3271//
f 3271// 3268// 3026//
f 3271// 3026// 3029//
f 3276// 3277// 3282//
f 3276// 3282// 3284//
f 3284// 3282// 3278//
f 3284// 3278// 3285//
f 3285// 3278// 3279//
f 3285// 3279// 3286//
f 3286// 3279// 3281//
f 3286// 3281// 3287//
f 3287// 3281// 3280//
f 3287// 3280// 3283//
f 3283// 3280// 3028//
f 3283// 3028// 3027//
f 3288// 3289// 3294//
f 3288// 3294// 3296//
f 3296// 3294// 3290//
f 3296// 3290// 3297//
f 3297// 3290// 3291//
f 3297// 3291// 3298//
f 3298// 3291// 3293//
f 3298// 3293// 3299//
f 3299// 3293// 3292//
f 3299// 3292// 3295//
f 3295// 3292// 3030//
f 3295// 3030// 3033//
f 3300// 3301// 3306//
f 3300// 3306// 3308//
f 3308// 3306// 3302//
f 3308// 3302// 3309//
f 3309// 3302// 3303//
f 3309// 3303// 3310//
f 3310// 3303// 3305//
f 3310// 3305// 3311//
f 3311// 3305// 3304//
f 3311// 3304// 3307//
f 3307// 3304// 3032//
f 3307// 3032// 3031//
f 3312// 3313// 3318//
f 3312// 3318// 3320//
f 3320// 3318// 3314//
f 3320// 3314// 3321//
f 3321// 3314// 3315//
f 3321// 3315// 3322//
f 3322// 3315// 3317//
f 3322// 3317// 3323//
f 3323// 3317// 3316//
f 3323// 3316// 3319//
f 3319// 3316// 3034//
f 3319// 3034// 3035//
f 838// 840// 832//
f 832// 840// 830//
f 2933// 848// 1529//
f 1529// 848// 847//
usemtl 1
f 2935// 555// 1066//
f 1066// 555// 553//
f 2934// 853// 2935//
f 2935// 853// 555//
f 1065// 825// 827//
f 827// 825// 823//
f 843// 835// 845//
f 845// 835// 833//
f 857// 839// 859//
f 859// 839// 837//
f 864// 841// 857//
f 857// 841// 839//
f 2938// 828// 824//
f 824// 828// 822//
f 640// 642// 2939//
f 2939// 642// 776//
f 2983// 820// 772//
f 772// 820// 770//
f 844// 846// 2982//
f 2982// 846// 855//
f 2978// 818// 766//
f 766// 818// 764//
f 773// 771// 2979//
f 2979// 771// 821//
f 2981// 816// 761//
f 761// 816// 763//
f 767// 765// 2980//
f 2980// 765// 819//
f 2974// 814// 754//
f 754// 814// 752//
f 760// 762// 2975//
f 2975// 762// 817//
f 2977// 812// 748//
f 748// 812// 746//
f 755// 753// 2976//
f 2976// 753// 815//
f 2964// 810// 742//
f 742// 810// 740//
f 749// 747// 2965//
f 2965// 747// 813//
f 2969// 808// 736//
f 736// 808// 734//
f 743// 741// 2968//
f 2968// 741// 811//
f 2950// 806// 730//
f 730// 806// 728//
f 737// 735// 2951//
f 2951// 735// 809//
f 2972// 804// 724//
f 724// 804// 722//
f 731// 729// 2973//
f 2973// 729// 807//
f 2944// 802// 718//
f 718// 802// 716//
f 725// 723// 2945//
f 2945// 723// 805//
f 2962// 800// 712//
f 712// 800// 710//
f 719// 717// 2963//
f 2963// 717// 803//
f 2942// 798// 707//
f 707// 798// 709//
f 713// 711// 2943//
f 2943// 711// 801//
f 2966// 796// 701//
f 701// 796// 703//
f 706// 708// 2967//
f 2967// 708// 799//
f 2956// 794// 694//
f 694// 794// 692//
f 700// 702// 2957//
f 2957// 702// 797//
f 2940// 792// 688//
f 688// 792// 686//
f 695// 693// 2941//
f 2941// 693// 795//
f 2960// 790// 683//
f 683// 790// 685//
f 689// 687// 2961//
f 2961// 687// 793//
f 2954// 788// 677//
f 677// 788// 679//
f 682// 684// 2955//
f 2955// 684// 791//
f 2948// 786// 670//
f 670// 786// 668//
f 676// 678// 2949//
f 2949// 678// 789//
f 2936// 784// 664//
f 664// 784// 662//
f 671// 669// 2937//
f 2937// 669// 787//
f 2970// 782// 658//
f 658// 782// 656//
f 665// 663// 2971//
f 2971// 663// 785//
f 2958// 780// 653//
f 653// 780// 655//
f 659// 657// 2959//
f 2959// 657// 783//
f 2952// 778// 647//
f 647// 778// 649//
f 652// 654// 2953//
f 2953// 654// 781//
f 2946// 777// 641//
f 641// 777// 643//
f 646// 648// 2947//
f 2947// 648// 779//
usemtl 4
f 1675// 1690// 824//
f 824// 1690// 640//
f 824// 640// 2938//
f 2938// 640// 2939//
f 1699// 1714// 641//
f 641// 1714// 646//
f 641// 646// 2946//
f 2946// 646// 2947//
f 2953// 2952// 652//
f 652// 2952// 647//
f 652// 647// 1738//
f 1738// 647// 1723//
f 2959// 2958// 659//
f 659// 2958// 653//
f 659// 653// 1762//
f 1762// 653// 1747//
f 2971// 2970// 665//
f 665// 2970// 658//
f 665// 658// 1786//
f 1786// 658// 1771//
f 2937// 2936// 671//
f 671// 2936// 664//
f 671// 664// 1810//
f 1810// 664// 1795//
f 2949// 2948// 676//
f 676// 2948// 670//
f 676// 670// 1834//
f 1834// 670// 1819//
f 1843// 1858// 677//
f 677// 1858// 682//
f 677// 682// 2954//
f 2954// 682// 2955//
f 2961// 2960// 689//
f 689// 2960// 683//
f 689// 683// 1882//
f 1882// 683// 1867//
f 2941// 2940// 695//
f 695// 2940// 688//
f 695// 688// 1906//
f 1906// 688// 1891//
f 2957// 2956// 700//
f 700// 2956// 694//
f 700// 694// 1930//
f 1930// 694// 1915//
f 2967// 2966// 706//
f 706// 2966// 701//
f 706// 701// 1954//
f 1954// 701// 1939//
f 2943// 2942// 713//
f 713// 2942// 707//
f 713// 707// 1978//
f 1978// 707// 1963//
f 2963// 2962// 719//
f 719// 2962// 712//
f 719// 712// 2002//
f 2002// 712// 1987//
f 2945// 2944// 725//
f 725// 2944// 718//
f 725// 718// 2026//
f 2026// 718// 2011//
f 2973// 2972// 731//
f 731// 2972// 724//
f 731// 724// 2050//
f 2050// 724// 2035//
f 2951// 2950// 737//
f 737// 2950// 730//
f 737// 730// 2074//
f 2074// 730// 2059//
f 2968// 2969// 743//
f 743// 2969// 736//
f 743// 736// 2098//
f 2098// 736// 2083//
f 2965// 2964// 749//
f 749// 2964// 742//
f 749// 742// 2122//
f 2122// 742// 2107//
f 2976// 2977// 755//
f 755// 2977// 748//
f 755// 748// 2146//
f 2146// 748// 2131//
f 2155// 2170// 754//
f 754// 2170// 760//
f 754// 760// 2974//
f 2974// 760// 2975//
f 2179// 2194// 761//
f 761// 2194// 767//
f 761// 767// 2981//
f 2981// 767// 2980//
f 2203// 2218// 766//
f 766// 2218// 773//
f 766// 773// 2978//
f 2978// 773// 2979//
f 2227// 2242// 772//
f 772// 2242// 844//
f 772// 844// 2983//
f 2983// 844// 2982//
usemtl 2
f 2987// 582// 615//
f 615// 582// 584//
f 575// 582// 576//
f 576// 582// 2987//
f 1531// 2986// 587//
f 587// 2986// 588//
f 1531// 574// 2986//
f 2986// 574// 573//
usemtl 4
f 1586// 1564// 1559//
f 1586// 1559// 1576//
f 1576// 1559// 1558//
f 1576// 1558// 1577//
f 1577// 1558// 1557//
f 1577// 1557// 1590//
f 1590// 1557// 1556//
f 1590// 1556// 1591//
f 1591// 1556// 1555//
f 1591// 1555// 1575//
f 1564// 1586// 1585//
f 1564// 1585// 1561//
f 1561// 1585// 1589//
f 1561// 1589// 1563//
f 1563// 1589// 1588//
f 1563// 1588// 1562//
f 1562// 1588// 1587//
f 1562// 1587// 1560//
f 1560// 1587// 1584//
f 1560// 1584// 1565//
f 1565// 1584// 1574//
f 1565// 1574// 1545//
f 1602// 1548// 1547//
f 1602// 1547// 1599//
f 1599// 1547// 1551//
f 1599// 1551// 1601//
f 1601// 1551// 1550//
f 1601// 1550// 1600//
f 1600// 1550// 1549//
f 1600// 1549// 1598//
f 1598// 1549// 1546//
f 1598// 1546// 1603//
f 1603// 1546// 1042//
f 1603// 1042// 1041//
f 1593// 1533// 1553//
f 1593// 1553// 1594//
f 1594// 1553// 1552//
f 1594// 1552// 1595//
f 1595// 1552// 1538//
f 1595// 1538// 1596//
f 1596// 1538// 1537//
f 1596// 1537// 1597//
f 1597// 1537// 1548//
f 1597// 1548// 1602//
f 1659// 1610// 1636//
f 1659// 1636// 1660//
f 1660// 1636// 1635//
f 1660// 1635// 1661//
f 1661// 1635// 1616//
f 1661// 1616// 1662//
f 1662// 1616// 1615//
f 1662// 1615// 1663//
f 1663// 1615// 1631//
f 1663// 1631// 1668//
f 1668// 1631// 1630//
f 1668// 1630// 1665//
f 1665// 1630// 1634//
f 1665// 1634// 1667//
f 1667// 1634// 1633//
f 1667// 1633// 1666//
f 1666// 1633// 1632//
f 1666// 1632// 1664//
f 1664// 1632// 1629//
f 1664// 1629// 1669//
f 1669// 1629// 1612//
f 1669// 1612// 1649//
f 1627// 1652// 1651//
f 1627// 1651// 1624//
f 1624// 1651// 1655//
f 1624// 1655// 1626//
f 1626// 1655// 1654//
f 1626// 1654// 1625//
f 1625// 1654// 1653//
f 1625// 1653// 1623//
f 1623// 1653// 1650//
f 1623// 1650// 1628//
f 1628// 1650// 1055//
f 1628// 1055// 1054//
f 1652// 1627// 1622//
f 1652// 1622// 1645//
f 1645// 1622// 1621//
f 1645// 1621// 1646//
f 1646// 1621// 1620//
f 1646// 1620// 1656//
f 1656// 1620// 1619//
f 1656// 1619// 1657//
f 1657// 1619// 1618//
f 1657// 1618// 1637//
usemtl 2
f 572// 1473// 571//
f 571// 1473// 1480//
f 571// 1480// 570//
f 570// 1480// 1481//
f 566// 562// 578//
f 578// 562// 564//
f 577// 566// 580//
f 580// 566// 578//
usemtl 5
f 3324// 3325// 3326//
f 3326// 3325// 3327//
f 3326// 3327// 3328//
f 3328// 3327// 3329//
f 3328// 3329// 3330//
f 3330// 3329// 3331//
f 3330// 3331// 3332//
f 3332// 3331// 3333//
f 3332// 3333// 3334//
f 3334// 3333// 3335//
f 3334// 3335// 3336//
f 3336// 3335// 3337//
f 3336// 3337// 3338//
f 3338// 3337// 3339//
f 3338// 3339// 3340//
f 3340// 3339// 3341//
f 3340// 3341// 3342//
f 3342// 3341// 3343//
f 3342// 3343// 3344//
f 3344// 3343// 3345//
f 3344// 3345// 3346//
f 3346// 3345// 3347//
f 3346// 3347// 3348//
f 3348// 3347// 3349//
f 3348// 3349// 3350//
f 3350// 3349// 3351//
f 3350// 3351// 3352//
f 3352// 3351// 3353//
f 3352// 3353// 3354//
f 3354// 3353// 3355//
f 3354// 3355// 3356//
f 3356// 3355// 3357//
f 3356// 3357// 3358//
f 3358// 3357// 3324//
f 3358// 3324// 3326//
f 3326// 493// 492//
f 3326// 492// 3358//
f 3358// 492// 491//
f 3358// 491// 3356//
f 3356// 491// 503//
f 3356// 503// 3354//
f 3354// 503// 502//
f 3354// 502// 3352//
f 3352// 502// 501//
f 3352// 501// 3350//
f 3350// 501// 500//
f 3350// 500// 3348//
f 3348// 500// 505//
f 3348// 505// 3346//
f 3346// 505// 504//
f 3346// 504// 3344//
f 3344// 504// 499//
f 3344// 499// 3342//
f 3342// 499// 498//
f 3342// 498// 3340//
f 3340// 498// 496//
f 3340// 496// 3338//
f 3336// 3338// 495//
f 495// 3338// 496//
f 3334// 3336// 488//
f 488// 3336// 495//
f 3332// 3334// 490//
f 490// 3334// 488//
f 3332// 490// 489//
f 3332// 489// 3330//
f 3330// 489// 494//
f 3330// 494// 3328//
f 3328// 494// 493//
f 3328// 493// 3326//
f 3345// 3359// 3360//
f 3345// 3360// 3347//
f 3347// 3360// 3361//
f 3347// 3361// 3349//
f 3349// 3361// 3362//
f 3349// 3362// 3351//
f 3351// 3362// 3363//
f 3351// 3363// 3353//
f 3339// 3364// 3365//
f 3339// 3365// 3341//
f 3341// 3365// 3366//
f 3341// 3366// 3343//
f 3343// 3366// 3359//
f 3343// 3359// 3345//
f 3339// 3337// 3364//
f 3364// 3337// 3367//
f 3337// 3335// 3367//
f 3367// 3335// 3368//
f 3335// 3333// 3368//
f 3368// 3333// 3369//
f 3325// 3370// 3371//
f 3325// 3371// 3327//
f 3327// 3371// 3372//
f 3327// 3372// 3329//
f 3329// 3372// 3373//
f 3329// 3373// 3331//
f 3331// 3373// 3369//
f 3331// 3369// 3333//
f 3353// 3363// 3374//
f 3353// 3374// 3355//
f 3355// 3374// 3375//
f 3355// 3375// 3357//
f 3357// 3375// 3376//
f 3357// 3376// 3324//
f 3324// 3376// 3370//
f 3324// 3370// 3325//
usemtl 1
f 3367// 3368// 3364//
f 3364// 3368// 3369//
f 3364// 3369// 3373//
f 3373// 3372// 3364//
f 3364// 3372// 3371//
f 3364// 3371// 3370//
f 3370// 3376// 3364//
f 3364// 3376// 3375//
f 3364// 3375// 3374//
f 3374// 3363// 3364//
f 3364// 3363// 3362//
f 3364// 3362// 3361//
f 3361// 3360// 3364//
f 3364// 3360// 3359//
f 3364// 3359// 3365//
f 3365// 3359// 3366//
usemtl 5
f 3377// 116// 117//
f 3377// 117// 3378//
f 3378// 117// 111//
f 3378// 111// 3379//
f 3380// 3379// 110//
f 110// 3379// 111//
f 3381// 3380// 109//
f 109// 3380// 110//
f 3381// 109// 3382//
f 3382// 109// 115//
f 3382// 115// 121//
f 3383// 3382// 118//
f 118// 3382// 121//
f 3383// 118// 3384//
f 3384// 118// 120//
f 3384// 120// 124//
f 127// 3385// 123//
f 123// 3385// 3384//
f 123// 3384// 124//
f 3385// 127// 126//
f 125// 3386// 126//
f 126// 3386// 3387//
f 126// 3387// 3385//
f 125// 139// 3386//
f 3386// 139// 138//
f 3386// 138// 3388//
f 3388// 138// 132//
f 3388// 132// 3389//
f 3389// 132// 131//
f 3389// 131// 3390//
f 3390// 131// 235//
f 3390// 235// 3391//
f 3391// 235// 130//
f 3391// 130// 3392//
f 3393// 3392// 129//
f 129// 3392// 130//
f 3393// 129// 137//
f 3393// 137// 3394//
f 3394// 137// 136//
f 3394// 136// 3395//
f 3395// 136// 134//
f 3395// 134// 3396//
f 3396// 134// 133//
f 3396// 133// 3397//
f 133// 146// 3397//
f 3397// 146// 145//
f 3397// 145// 3398//
f 3398// 145// 144//
f 3398// 144// 3399//
f 3399// 144// 141//
f 3399// 141// 3400//
f 3400// 141// 140//
f 3400// 140// 3401//
f 112// 3402// 143//
f 143// 3402// 3401//
f 143// 3401// 140//
f 3403// 3402// 114//
f 114// 3402// 112//
f 3377// 3403// 116//
f 116// 3403// 114//
f 3378// 3379// 3401//
f 3402// 3403// 3401//
f 3401// 3403// 3377//
f 3401// 3377// 3378//
f 3382// 3383// 3381//
f 3381// 3383// 3384//
f 3381// 3384// 3380//
f 3400// 3387// 3399//
f 3399// 3387// 3386//
f 3392// 3393// 3391//
f 3391// 3393// 3394//
f 3391// 3394// 3390//
f 3390// 3394// 3395//
f 3390// 3395// 3389//
f 3389// 3395// 3396//
f 3389// 3396// 3388//
f 3388// 3396// 3397//
f 3388// 3397// 3386//
f 3386// 3397// 3398//
f 3386// 3398// 3399//
f 3379// 3380// 3401//
f 3401// 3380// 3384//
f 3401// 3384// 3400//
f 3400// 3384// 3385//
f 3400// 3385// 3387//
f 234// 15// 3404//
f 3404// 15// 3405//
f 15// 14// 3405//
f 3405// 14// 180//
f 3405// 180// 3406//
f 3406// 180// 179//
f 3406// 179// 3407//
f 3407// 179// 167//
f 3407// 167// 3408//
f 3408// 167// 166//
f 3408// 166// 3409//
f 3409// 166// 174//
f 3409// 174// 3410//
f 3410// 174// 173//
f 3410// 173// 3411//
f 3411// 173// 172//
f 3411// 172// 3412//
f 3412// 172// 164//
f 3412// 164// 3413//
f 3413// 164// 163//
f 3413// 163// 3414//
f 3414// 163// 195//
f 3414// 195// 3415//
f 3415// 195// 194//
f 3415// 194// 3416//
f 3416// 194// 192//
f 3416// 192// 3417//
f 3417// 192// 190//
f 3417// 190// 3418//
f 3418// 190// 189//
f 3418// 189// 3419//
f 3419// 189// 188//
f 3419// 188// 3420//
f 3420// 188// 187//
f 3420// 187// 3421//
f 3421// 187// 186//
f 3421// 186// 3422//
f 3422// 186// 183//
f 3422// 183// 3423//
f 3423// 183// 198//
f 3423// 198// 3424//
f 3424// 198// 197//
f 3424// 197// 3425//
f 3425// 197// 196//
f 3425// 196// 3426//
f 3426// 196// 185//
f 3426// 185// 3427//
f 3427// 185// 184//
f 3427// 184// 3428//
f 3428// 184// 182//
f 3428// 182// 3429//
f 3429// 182// 181//
f 3429// 181// 3430//
f 3430// 181// 191//
f 3430// 191// 3431//
f 3431// 191// 193//
f 3431// 193// 3432//
f 3432// 193// 165//
f 3432// 165// 3433//
f 3434// 3433// 177//
f 177// 3433// 165//
f 3434// 177// 178//
f 3434// 178// 3435//
f 3435// 178// 176//
f 3435// 176// 3436//
f 3436// 176// 175//
f 3436// 175// 3437//
f 3437// 175// 168//
f 3437// 168// 3438//
f 3438// 168// 170//
f 3438// 170// 3439//
f 170// 171// 3439//
f 3439// 171// 3440//
f 171// 201// 3440//
f 3440// 201// 202//
f 3440// 202// 3441//
f 3441// 202// 210//
f 3441// 210// 3442//
f 3442// 210// 209//
f 3442// 209// 3443//
f 3443// 209// 208//
f 3443// 208// 3444//
f 3444// 208// 207//
f 3444// 207// 3445//
f 3445// 207// 206//
f 3445// 206// 3446//
f 213// 3447// 3448//
f 3446// 206// 211//
f 3446// 211// 3449//
f 3449// 211// 205//
f 3449// 205// 3448//
f 3448// 205// 214//
f 3448// 214// 213//
f 3447// 213// 217//
f 3447// 217// 3450//
f 3450// 217// 228//
f 3450// 228// 3451//
f 3451// 228// 227//
f 3451// 227// 3452//
f 3452// 227// 226//
f 3452// 226// 3453//
f 3453// 226// 220//
f 3453// 220// 3454//
f 3454// 220// 219//
f 3454// 219// 3455//
f 3455// 219// 225//
f 3455// 225// 3456//
f 3456// 225// 224//
f 3456// 224// 3457//
f 3457// 224// 223//
f 3457// 223// 3458//
f 3458// 223// 222//
f 3458// 222// 3459//
f 3459// 222// 221//
f 3459// 221// 3460//
f 3460// 221// 218//
f 3460// 218// 3461//
f 3461// 218// 216//
f 3461// 216// 3462//
f 3462// 216// 215//
f 3462// 215// 3463//
f 199// 3464// 3465//
f 3463// 215// 212//
f 3463// 212// 3466//
f 3466// 212// 204//
f 3466// 204// 3465//
f 3465// 204// 203//
f 3465// 203// 199//
f 3467// 3464// 233//
f 233// 3464// 199//
f 233// 232// 3467//
f 3467// 232// 3468//
f 234// 3404// 229//
f 229// 3404// 3468//
f 229// 3468// 230//
f 230// 3468// 232//
f 3426// 3427// 3438//
f 3438// 3427// 3437//
f 3450// 3417// 3447//
f 3447// 3417// 3418//
f 3406// 3407// 3458//
f 3458// 3407// 3408//
f 3458// 3408// 3457//
f 3457// 3408// 3409//
f 3457// 3409// 3456//
f 3456// 3409// 3410//
f 3456// 3410// 3455//
f 3455// 3410// 3411//
f 3455// 3411// 3454//
f 3454// 3411// 3412//
f 3454// 3412// 3453//
f 3453// 3412// 3413//
f 3453// 3413// 3452//
f 3452// 3413// 3414//
f 3452// 3414// 3451//
f 3451// 3414// 3415//
f 3451// 3415// 3450//
f 3450// 3415// 3416//
f 3450// 3416// 3417//
f 3404// 3463// 3468//
f 3468// 3463// 3466//
f 3468// 3466// 3467//
f 3467// 3466// 3465//
f 3467// 3465// 3464//
f 3427// 3428// 3437//
f 3437// 3428// 3429//
f 3437// 3429// 3436//
f 3436// 3429// 3430//
f 3436// 3430// 3435//
f 3435// 3430// 3431//
f 3435// 3431// 3434//
f 3434// 3431// 3432//
f 3434// 3432// 3433//
f 3458// 3459// 3406//
f 3406// 3459// 3460//
f 3406// 3460// 3405//
f 3405// 3460// 3461//
f 3405// 3461// 3404//
f 3404// 3461// 3462//
f 3404// 3462// 3463//
f 3438// 3439// 3426//
f 3426// 3439// 3440//
f 3426// 3440// 3425//
f 3425// 3440// 3441//
f 3425// 3441// 3424//
f 3424// 3441// 3442//
f 3424// 3442// 3423//
f 3423// 3442// 3443//
f 3423// 3443// 3422//
f 3422// 3443// 3444//
f 3422// 3444// 3421//
f 3421// 3444// 3445//
f 3421// 3445// 3420//
f 3420// 3445// 3446//
f 3420// 3446// 3419//
f 3419// 3446// 3449//
f 3419// 3449// 3418//
f 3418// 3449// 3448//
f 3418// 3448// 3447//
f 3469// 3470// 3471//
f 3471// 3470// 3472//
f 3473// 3474// 3475//
f 3476// 3477// 3478//
f 3478// 3477// 3479//
f 3480// 3481// 3472//
f 3472// 3481// 3482//
f 3482// 3483// 3472//
f 3472// 3483// 3484//
f 3472// 3484// 3471//
f 3471// 3484// 3485//
f 3471// 3485// 3476//
f 3476// 3485// 3486//
f 3476// 3486// 3477//
f 3475// 3480// 3473//
f 3473// 3480// 3472//
f 3473// 3472// 3487//
f 3487// 3472// 3488//
f 3487// 3488// 3489//
f 3489// 3488// 3490//
f 3489// 3490// 3491//
f 3491// 3490// 3492//
f 3491// 3492// 3493//
f 3493// 3492// 3494//
f 3493// 3494// 3495//
f 3495// 3494// 3496//
f 3495// 3496// 3497//
f 3497// 3496// 3498//
f 3497// 3498// 3499//
f 3499// 3498// 3500//
f 3499// 3500// 3501//
f 3501// 3500// 3502//
f 3501// 3502// 3503//
f 3503// 3502// 3504//
f 3503// 3504// 3505//
f 3505// 3504// 3506//
f 3507// 3508// 3509//
f 3509// 3508// 3510//
f 3509// 3510// 3511//
f 3511// 3510// 3512//
f 3511// 3512// 3513//
f 3513// 3512// 3514//
f 3513// 3514// 3515//
f 3515// 3514// 3516//
f 3515// 3516// 3517//
f 3517// 3516// 3518//
f 3517// 3518// 3479//
f 3479// 3518// 3519//
f 3479// 3519// 3478//
f 3520// 3521// 3522//
f 3522// 3521// 3523//
f 3522// 3523// 3524//
f 3524// 3523// 3525//
f 3524// 3525// 3526//
f 3526// 3525// 3527//
f 3526// 3527// 3507//
f 3507// 3527// 3528//
f 3507// 3528// 3508//
f 3473// 3529// 3474//
f 3474// 3529// 3530//
f 3474// 3530// 3531//
f 3531// 3530// 3532//
f 3531// 3532// 3533//
f 3533// 3532// 3534//
f 3533// 3534// 3535//
f 3535// 3534// 3536//
f 3535// 3536// 3520//
f 3520// 3536// 3537//
f 3520// 3537// 3521//
f 3499// 253// 252//
f 3499// 252// 3497//
f 3497// 252// 277//
f 3497// 277// 3495//
f 3495// 277// 276//
f 3495// 276// 3493//
f 3493// 276// 275//
f 3493// 275// 3491//
f 3491// 275// 274//
f 3491// 274// 3489//
f 3489// 274// 273//
f 3489// 273// 3487//
f 3487// 273// 272//
f 3487// 272// 3473//
f 3529// 3473// 251//
f 251// 3473// 272//
f 3529// 251// 249//
f 3529// 249// 3530//
f 3530// 249// 248//
f 3530// 248// 3532//
f 3532// 248// 236//
f 3532// 236// 3534//
f 3534// 236// 238//
f 3534// 238// 3536//
f 3536// 238// 239//
f 3536// 239// 3537//
f 3537// 239// 264//
f 3537// 264// 3521//
f 3521// 264// 263//
f 3521// 263// 3523//
f 3523// 263// 242//
f 3523// 242// 3525//
f 3525// 242// 241//
f 3525// 241// 3527//
f 3527// 241// 257//
f 3527// 257// 3528//
f 3528// 257// 256//
f 3528// 256// 3508//
f 282// 3514// 283//
f 283// 3514// 3512//
f 283// 3512// 284//
f 284// 3512// 3510//
f 284// 3510// 255//
f 255// 3510// 3508//
f 255// 3508// 256//
f 3514// 282// 279//
f 3514// 279// 3516//
f 3516// 279// 278//
f 3516// 278// 3518//
f 278// 469// 3518//
f 3518// 469// 262//
f 3518// 262// 3519//
f 3519// 262// 261//
f 3519// 261// 3478//
f 3478// 261// 259//
f 3478// 259// 3476//
f 3471// 3476// 258//
f 258// 3476// 259//
f 3469// 3471// 260//
f 260// 3471// 258//
f 3470// 3469// 271//
f 271// 3469// 260//
f 3472// 3470// 270//
f 270// 3470// 271//
f 3472// 270// 269//
f 3472// 269// 3488//
f 3488// 269// 247//
f 3488// 247// 3490//
f 3490// 247// 246//
f 3490// 246// 3492//
f 3492// 246// 245//
f 3492// 245// 3494//
f 3494// 245// 244//
f 3494// 244// 3496//
f 3496// 244// 243//
f 3496// 243// 3498//
f 3498// 243// 268//
f 3498// 268// 3500//
f 3500// 268// 267//
f 3500// 267// 3502//
f 3502// 267// 266//
f 3502// 266// 3504//
f 3504// 266// 265//
f 3504// 265// 3506//
f 3505// 3506// 237//
f 237// 3506// 265//
f 3505// 237// 250//
f 3505// 250// 3503//
f 3503// 250// 254//
f 3503// 254// 3501//
f 3501// 254// 253//
f 3501// 253// 3499//
f 3486// 3538// 3539//
f 3486// 3539// 3477//
f 3477// 3539// 3540//
f 3477// 3540// 3479//
f 3479// 3540// 3541//
f 3479// 3541// 3517//
f 3517// 3541// 3542//
f 3517// 3542// 3515//
f 3482// 3543// 3544//
f 3482// 3544// 3483//
f 3483// 3544// 3545//
f 3483// 3545// 3484//
f 3484// 3545// 3546//
f 3484// 3546// 3485//
f 3485// 3546// 3538//
f 3485// 3538// 3486//
f 3482// 3481// 3543//
f 3543// 3481// 3547//
f 3481// 3480// 3547//
f 3547// 3480// 3548//
f 3531// 3549// 3550//
f 3531// 3550// 3474//
f 3474// 3550// 3551//
f 3474// 3551// 3475//
f 3475// 3551// 3548//
f 3475// 3548// 3480//
f 3522// 3552// 3553//
f 3522// 3553// 3520//
f 3520// 3553// 3554//
f 3520// 3554// 3535//
f 3535// 3554// 3555//
f 3535// 3555// 3533//
f 3533// 3555// 3549//
f 3533// 3549// 3531//
f 3509// 3556// 3557//
f 3509// 3557// 3507//
f 3507// 3557// 3558//
f 3507// 3558// 3526//
f 3526// 3558// 3559//
f 3526// 3559// 3524//
f 3524// 3559// 3552//
f 3524// 3552// 3522//
f 3515// 3542// 3560//
f 3515// 3560// 3513//
f 3513// 3560// 3561//
f 3513// 3561// 3511//
f 3511// 3561// 3556//
f 3511// 3556// 3509//
usemtl 1
f 3547// 3548// 3543//
f 3543// 3548// 3551//
f 3551// 3550// 3543//
f 3543// 3550// 3549//
f 3543// 3549// 3544//
f 3544// 3549// 3545//
f 3545// 3549// 3555//
f 3545// 3555// 3546//
f 3557// 3556// 3539//
f 3557// 3539// 3558//
f 3540// 3539// 3541//
f 3541// 3539// 3542//
f 3555// 3554// 3546//
f 3546// 3554// 3553//
f 3546// 3553// 3538//
f 3538// 3553// 3552//
f 3538// 3552// 3539//
f 3539// 3552// 3559//
f 3539// 3559// 3558//
f 3556// 3561// 3539//
f 3539// 3561// 3560//
f 3539// 3560// 3542//
usemtl 5
f 3562// 3563// 3564//
f 3565// 3566// 3567//
f 3568// 3569// 3570//
f 3567// 3566// 3571//
f 3572// 3573// 3574//
f 3574// 3573// 3575//
f 3574// 3575// 3576//
f 3577// 3578// 3574//
f 3574// 3578// 3579//
f 3574// 3579// 3572//
f 3572// 3579// 3580//
f 3581// 3582// 3583//
f 3583// 3582// 3584//
f 3583// 3584// 3585//
f 3585// 3584// 3586//
f 3585// 3586// 3587//
f 3587// 3586// 3588//
f 3587// 3588// 3589//
f 3589// 3588// 3564//
f 3589// 3564// 3590//
f 3590// 3564// 3591//
f 3592// 3593// 3581//
f 3581// 3593// 3594//
f 3581// 3594// 3582//
f 3576// 3595// 3574//
f 3574// 3595// 3596//
f 3574// 3596// 3597//
f 3597// 3596// 3598//
f 3597// 3598// 3599//
f 3600// 3601// 3602//
f 3602// 3601// 3603//
f 3602// 3603// 3604//
f 3604// 3603// 3605//
f 3604// 3605// 3606//
f 3606// 3605// 3607//
f 3568// 3570// 3608//
f 3608// 3570// 3609//
f 3608// 3609// 3610//
f 3610// 3609// 3611//
f 3610// 3611// 3612//
f 3613// 3614// 3564//
f 3564// 3614// 3615//
f 3564// 3615// 3562//
f 3566// 3616// 3571//
f 3571// 3616// 3617//
f 3571// 3617// 3618//
f 3618// 3617// 3619//
f 3618// 3619// 3568//
f 3568// 3619// 3620//
f 3568// 3620// 3569//
f 3580// 3579// 3581//
f 3581// 3579// 3621//
f 3581// 3621// 3592//
f 3591// 3564// 3622//
f 3622// 3564// 3563//
f 3622// 3563// 3623//
f 3605// 3624// 3607//
f 3607// 3624// 3625//
f 3607// 3625// 3626//
f 3626// 3625// 3627//
f 3626// 3627// 3628//
f 3628// 3627// 3629//
f 3628// 3629// 3630//
f 3630// 3629// 3631//
f 3630// 3631// 3632//
f 3632// 3631// 3633//
f 3632// 3633// 3634//
f 3634// 3633// 3635//
f 3634// 3635// 3636//
f 3636// 3635// 3637//
f 3636// 3637// 3638//
f 3638// 3637// 3639//
f 3638// 3639// 3640//
f 3640// 3639// 3641//
f 3640// 3641// 3642//
f 3642// 3641// 3643//
f 3642// 3643// 3644//
f 3644// 3643// 3645//
f 3644// 3645// 3646//
f 3647// 3648// 3649//
f 3649// 3648// 3650//
f 3649// 3650// 3602//
f 3602// 3650// 3651//
f 3602// 3651// 3600//
f 3567// 3652// 3565//
f 3565// 3652// 3653//
f 3565// 3653// 3654//
f 3654// 3653// 3655//
f 3654// 3655// 3656//
f 3656// 3655// 3657//
f 3656// 3657// 3658//
f 3599// 3598// 3659//
f 3659// 3598// 3660//
f 3659// 3660// 3661//
f 3661// 3660// 3662//
f 3661// 3662// 3663//
f 3663// 3662// 3664//
f 3663// 3664// 3665//
f 3665// 3664// 3666//
f 3665// 3666// 3667//
f 3667// 3666// 3668//
f 3667// 3668// 3669//
f 3669// 3668// 3670//
f 3669// 3670// 3671//
f 3671// 3670// 3672//
f 3671// 3672// 3673//
f 3673// 3672// 3674//
f 3673// 3674// 3675//
f 3675// 3674// 3676//
f 3675// 3676// 3563//
f 3563// 3676// 3677//
f 3563// 3677// 3623//
f 3678// 3679// 3680//
f 3612// 3611// 3681//
f 3681// 3611// 3682//
f 3681// 3682// 3683//
f 3683// 3682// 3684//
f 3683// 3684// 3685//
f 3685// 3684// 3686//
f 3685// 3686// 3687//
f 3687// 3686// 3688//
f 3687// 3688// 3647//
f 3647// 3688// 3689//
f 3647// 3689// 3648//
f 3657// 3690// 3658//
f 3658// 3690// 3691//
f 3658// 3691// 3692//
f 3692// 3691// 3693//
f 3692// 3693// 3694//
f 3694// 3693// 3695//
f 3694// 3695// 3696//
f 3696// 3695// 3697//
f 3696// 3697// 3698//
f 3698// 3697// 3699//
f 3698// 3699// 3613//
f 3613// 3699// 3700//
f 3613// 3700// 3614//
f 3645// 3701// 3646//
f 3646// 3701// 3678//
f 3646// 3678// 3702//
f 3702// 3678// 3680//
f 3703// 3704// 3678//
f 3678// 3704// 3705//
f 3678// 3705// 3679//
f 3706// 3707// 3708//
f 3707// 3709// 3708//
f 3708// 3709// 3710//
f 3708// 3710// 3711//
f 3703// 3678// 3708//
f 3708// 3678// 3712//
f 3708// 3712// 3706//
f 424// 3607// 425//
f 425// 3607// 3626//
f 425// 3626// 426//
f 426// 3626// 3628//
f 426// 3628// 337//
f 337// 3628// 3630//
f 337// 3630// 338//
f 424// 286// 3607//
f 3607// 286// 285//
f 3607// 285// 3606//
f 3606// 285// 294//
f 3606// 294// 3604//
f 3604// 294// 293//
f 3604// 293// 3602//
f 3602// 293// 292//
f 3602// 292// 3649//
f 3649// 292// 291//
f 3649// 291// 3647//
f 3647// 291// 3687//
f 3687// 291// 290//
f 290// 289// 3687//
f 3687// 289// 295//
f 3687// 295// 3685//
f 3685// 295// 297//
f 3685// 297// 3683//
f 303// 3610// 301//
f 301// 3610// 3612//
f 301// 3612// 299//
f 299// 3612// 3681//
f 299// 3681// 298//
f 298// 3681// 3683//
f 298// 3683// 297//
f 3610// 303// 310//
f 3610// 310// 3608//
f 3608// 310// 312//
f 3608// 312// 3568//
f 3568// 312// 311//
f 3568// 311// 3618//
f 3618// 311// 309//
f 3618// 309// 3571//
f 3571// 309// 308//
f 3571// 308// 3567//
f 3567// 308// 314//
f 3567// 314// 3652//
f 3652// 314// 313//
f 3652// 313// 3653//
f 3653// 313// 307//
f 3653// 307// 3655//
f 3690// 3657// 306//
f 306// 3657// 3655//
f 306// 3655// 307//
f 306// 305// 3690//
f 3690// 305// 324//
f 3690// 324// 3691//
f 3691// 324// 323//
f 323// 322// 3691//
f 3691// 322// 321//
f 3691// 321// 3693//
f 3693// 321// 326//
f 3693// 326// 3695//
f 3695// 326// 325//
f 3695// 325// 3697//
f 3697// 325// 316//
f 3697// 316// 3699//
f 3699// 316// 315//
f 3699// 315// 3700//
f 3700// 315// 320//
f 3700// 320// 3614//
f 3614// 320// 319//
f 3614// 319// 3615//
f 3615// 319// 318//
f 3615// 318// 3562//
f 318// 330// 3562//
f 3562// 330// 329//
f 3562// 329// 3563//
f 3563// 329// 328//
f 3563// 328// 3675//
f 3675// 328// 160//
f 3675// 160// 3673//
f 160// 161// 3673//
f 3673// 161// 162//
f 3673// 162// 3671//
f 3671// 162// 159//
f 3671// 159// 3669//
f 3669// 159// 336//
f 3669// 336// 3667//
f 3667// 336// 335//
f 3667// 335// 3665//
f 335// 334// 3665//
f 3665// 334// 333//
f 3665// 333// 3663//
f 3663// 333// 332//
f 3663// 332// 3661//
f 3661// 332// 12//
f 3661// 12// 3659//
f 12// 11// 3659//
f 3659// 11// 385//
f 3659// 385// 3599//
f 3599// 385// 386//
f 3599// 386// 3597//
f 3574// 3597// 373//
f 373// 3597// 386//
f 3577// 3574// 346//
f 346// 3574// 373//
f 3578// 3577// 341//
f 341// 3577// 346//
f 3579// 3578// 340//
f 340// 3578// 341//
f 3579// 340// 342//
f 3579// 342// 3621//
f 3621// 342// 343//
f 3621// 343// 3592//
f 3592// 343// 389//
f 3592// 389// 3593//
f 3593// 389// 388//
f 3593// 388// 3594//
f 3594// 388// 387//
f 3594// 387// 3582//
f 3582// 387// 363//
f 3582// 363// 3584//
f 3584// 363// 364//
f 3584// 364// 3586//
f 3586// 364// 356//
f 3586// 356// 3588//
f 3588// 356// 358//
f 3588// 358// 3564//
f 3564// 358// 357//
f 3564// 357// 3613//
f 3613// 357// 355//
f 3613// 355// 3698//
f 3698// 355// 354//
f 3698// 354// 3696//
f 3696// 354// 366//
f 3696// 366// 3694//
f 3694// 366// 365//
f 3694// 365// 3692//
f 365// 350// 3692//
f 3692// 350// 3658//
f 350// 397// 3658//
f 3658// 397// 396//
f 3658// 396// 3656//
f 3656// 396// 409//
f 3656// 409// 3654//
f 409// 423// 3654//
f 3654// 423// 422//
f 3654// 422// 3565//
f 3565// 422// 421//
f 3565// 421// 3566//
f 3566// 421// 415//
f 3566// 415// 3616//
f 3616// 415// 414//
f 3616// 414// 3617//
f 3617// 414// 413//
f 3617// 413// 3619//
f 3619// 413// 410//
f 3619// 410// 3620//
f 3620// 410// 405//
f 3620// 405// 3569//
f 3569// 405// 408//
f 3569// 408// 3570//
f 3570// 408// 416//
f 3570// 416// 3609//
f 3609// 416// 418//
f 3609// 418// 3611//
f 3611// 418// 420//
f 3611// 420// 3682//
f 3682// 420// 419//
f 3682// 419// 3684//
f 395// 3600// 411//
f 411// 3600// 3651//
f 411// 3651// 412//
f 412// 3651// 3650//
f 412// 3650// 403//
f 403// 3650// 3648//
f 403// 3648// 404//
f 404// 3648// 3689//
f 404// 3689// 406//
f 406// 3689// 3688//
f 406// 3688// 407//
f 407// 3688// 3686//
f 407// 3686// 417//
f 417// 3686// 3684//
f 417// 3684// 419//
f 3601// 3600// 398//
f 398// 3600// 395//
f 3601// 398// 402//
f 3601// 402// 3603//
f 3603// 402// 401//
f 3603// 401// 3605//
f 3605// 401// 400//
f 3605// 400// 3624//
f 3624// 400// 399//
f 3624// 399// 3625//
f 3625// 399// 349//
f 3625// 349// 3627//
f 349// 348// 3627//
f 3627// 348// 347//
f 3627// 347// 3629//
f 3629// 347// 379//
f 3629// 379// 3631//
f 3631// 379// 378//
f 3631// 378// 3633//
f 3633// 378// 377//
f 3633// 377// 3635//
f 3635// 377// 376//
f 3635// 376// 3637//
f 3637// 376// 394//
f 3637// 394// 3639//
f 3639// 394// 393//
f 3639// 393// 3641//
f 3641// 393// 370//
f 3641// 370// 3643//
f 3645// 3643// 369//
f 369// 3643// 370//
f 3645// 369// 368//
f 3645// 368// 3701//
f 3701// 368// 353//
f 3701// 353// 3678//
f 3678// 353// 352//
f 3678// 352// 3712//
f 3712// 352// 351//
f 3712// 351// 3706//
f 3706// 351// 345//
f 3706// 345// 3707//
f 3707// 345// 344//
f 3707// 344// 3709//
f 3709// 344// 375//
f 3709// 375// 3710//
f 3710// 375// 374//
f 3710// 374// 3711//
f 3711// 374// 372//
f 3711// 372// 3708//
f 3708// 372// 371//
f 3708// 371// 3703//
f 3703// 371// 384//
f 3703// 384// 3704//
f 3704// 384// 383//
f 3704// 383// 3705//
f 3705// 383// 382//
f 3705// 382// 3679//
f 3679// 382// 381//
f 3679// 381// 3680//
f 3680// 381// 380//
f 3680// 380// 3702//
f 3702// 380// 392//
f 3702// 392// 3646//
f 3646// 392// 391//
f 3646// 391// 3644//
f 3642// 3644// 390//
f 390// 3644// 391//
f 3642// 390// 362//
f 3642// 362// 3640//
f 3640// 362// 361//
f 3640// 361// 3638//
f 3638// 361// 360//
f 3638// 360// 3636//
f 3636// 360// 359//
f 3636// 359// 3634//
f 3634// 359// 367//
f 3634// 367// 3632//
f 3632// 367// 338//
f 3632// 338// 3630//
f 3580// 3713// 3714//
f 3580// 3714// 3572//
f 3572// 3714// 3715//
f 3572// 3715// 3573//
f 3573// 3715// 3716//
f 3573// 3716// 3575//
f 3575// 3716// 3717//
f 3575// 3717// 3576//
f 3576// 3717// 3718//
f 3576// 3718// 3595//
f 3595// 3718// 3719//
f 3595// 3719// 3596//
f 3596// 3719// 3720//
f 3596// 3720// 3598//
f 3598// 3720// 3721//
f 3598// 3721// 3660//
f 3660// 3721// 3722//
f 3660// 3722// 3662//
f 3662// 3722// 3723//
f 3662// 3723// 3664//
f 3664// 3723// 3724//
f 3664// 3724// 3666//
f 3666// 3724// 3725//
f 3666// 3725// 3668//
f 3668// 3725// 3726//
f 3668// 3726// 3670//
f 3670// 3726// 3727//
f 3670// 3727// 3672//
f 3672// 3727// 3728//
f 3672// 3728// 3674//
f 3674// 3728// 3729//
f 3674// 3729// 3676//
f 3676// 3729// 3730//
f 3676// 3730// 3677//
f 3677// 3730// 3731//
f 3677// 3731// 3623//
f 3623// 3731// 3732//
f 3623// 3732// 3622//
f 3622// 3732// 3733//
f 3622// 3733// 3591//
f 3591// 3733// 3734//
f 3591// 3734// 3590//
f 3590// 3734// 3735//
f 3590// 3735// 3589//
f 3589// 3735// 3736//
f 3589// 3736// 3587//
f 3587// 3736// 3737//
f 3587// 3737// 3585//
f 3585// 3737// 3738//
f 3585// 3738// 3583//
f 3583// 3738// 3739//
f 3583// 3739// 3581//
f 3581// 3739// 3713//
f 3581// 3713// 3580//
usemtl 1
f 3727// 3737// 3736//
f 3725// 3724// 3714//
f 3713// 3739// 3727//
f 3727// 3739// 3738//
f 3727// 3738// 3737//
f 3732// 3731// 3736//
f 3736// 3731// 3730//
f 3713// 3727// 3714//
f 3714// 3727// 3726//
f 3714// 3726// 3725//
f 3735// 3734// 3736//
f 3736// 3734// 3733//
f 3736// 3733// 3732//
f 3730// 3729// 3736//
f 3736// 3729// 3728//
f 3736// 3728// 3727//
f 3724// 3723// 3714//
f 3714// 3723// 3722//
f 3714// 3722// 3721//
f 3721// 3720// 3714//
f 3714// 3720// 3719//
f 3714// 3719// 3718//
f 3718// 3717// 3714//
f 3714// 3717// 3716//
f 3714// 3716// 3715//
usemtl 5
f 3740// 3741// 3742//
f 3742// 3741// 3743//
f 3742// 3743// 3744//
f 3744// 3743// 3745//
f 3744// 3745// 3746//
f 3746// 3745// 3747//
f 3746// 3747// 3748//
f 3748// 3747// 3749//
f 3748// 3749// 3750//
f 3750// 3749// 3751//
f 3750// 3751// 3752//
f 3752// 3751// 3753//
f 3752// 3753// 3754//
f 3754// 3753// 3755//
f 3754// 3755// 3756//
f 3756// 3755// 3757//
f 3756// 3757// 3758//
f 3758// 3757// 3759//
f 3758// 3759// 3760//
f 3760// 3759// 3761//
f 3760// 3761// 3762//
f 3762// 3761// 3763//
f 3762// 3763// 3764//
f 3764// 3763// 3765//
f 3764// 3765// 3766//
f 3766// 3765// 3767//
f 3766// 3767// 3768//
f 3768// 3767// 3769//
f 3768// 3769// 3770//
f 3770// 3769// 3771//
f 3770// 3771// 3772//
f 3772// 3771// 3773//
f 3772// 3773// 3774//
f 3774// 3773// 3740//
f 3774// 3740// 3742//
f 3742// 518// 517//
f 3742// 517// 3774//
f 3774// 517// 516//
f 3774// 516// 3772//
f 3772// 516// 530//
f 3772// 530// 3770//
f 3770// 530// 529//
f 3770// 529// 3768//
f 3768// 529// 528//
f 3768// 528// 3766//
f 3766// 528// 527//
f 3766// 527// 3764//
f 3764// 527// 532//
f 3764// 532// 3762//
f 3762// 532// 531//
f 3762// 531// 3760//
f 3760// 531// 522//
f 3760// 522// 3758//
f 3758// 522// 521//
f 3758// 521// 3756//
f 3756// 521// 520//
f 3756// 520// 3754//
f 3752// 3754// 526//
f 526// 3754// 520//
f 3750// 3752// 525//
f 525// 3752// 526//
f 3748// 3750// 524//
f 524// 3750// 525//
f 3748// 524// 523//
f 3748// 523// 3746//
f 3746// 523// 519//
f 3746// 519// 3744//
f 3744// 519// 518//
f 3744// 518// 3742//
f 3761// 3775// 3776//
f 3761// 3776// 3763//
f 3763// 3776// 3777//
f 3763// 3777// 3765//
f 3765// 3777// 3778//
f 3765// 3778// 3767//
f 3767// 3778// 3779//
f 3767// 3779// 3769//
f 3755// 3780// 3781//
f 3755// 3781// 3757//
f 3757// 3781// 3782//
f 3757// 3782// 3759//
f 3759// 3782// 3775//
f 3759// 3775// 3761//
f 3755// 3753// 3780//
f 3780// 3753// 3783//
f 3753// 3751// 3783//
f 3783// 3751// 3784//
f 3751// 3749// 3784//
f 3784// 3749// 3785//
f 3741// 3786// 3787//
f 3741// 3787// 3743//
f 3743// 3787// 3788//
f 3743// 3788// 3745//
f 3745// 3788// 3789//
f 3745// 3789// 3747//
f 3747// 3789// 3785//
f 3747// 3785// 3749//
f 3769// 3779// 3790//
f 3769// 3790// 3771//
f 3771// 3790// 3791//
f 3771// 3791// 3773//
f 3773// 3791// 3792//
f 3773// 3792// 3740//
f 3740// 3792// 3786//
f 3740// 3786// 3741//
usemtl 1
f 3783// 3784// 3780//
f 3780// 3784// 3785//
f 3780// 3785// 3789//
f 3789// 3788// 3780//
f 3780// 3788// 3787//
f 3780// 3787// 3786//
f 3786// 3792// 3780//
f 3780// 3792// 3791//
f 3780// 3791// 3790//
f 3790// 3779// 3780//
f 3780// 3779// 3778//
f 3780// 3778// 3777//
f 3777// 3776// 3780//
f 3780// 3776// 3775//
f 3780// 3775// 3781//
f 3781// 3775// 3782//
usemtl 5
f 3793// 59// 58//
f 3793// 58// 3794//
f 3794// 58// 57//
f 3794// 57// 3795//
f 3795// 57// 60//
f 3795// 60// 3796//
f 3796// 60// 56//
f 3796// 56// 3797//
f 3797// 56// 55//
f 3797// 55// 3798//
f 3798// 55// 54//
f 3798// 54// 3799//
f 3799// 54// 44//
f 3799// 44// 3800//
f 3800// 44// 43//
f 3800// 43// 3801//
f 3801// 43// 39//
f 3801// 39// 3802//
f 3802// 39// 41//
f 3802// 41// 3803//
f 3803// 41// 42//
f 3803// 42// 3804//
f 3804// 42// 53//
f 3804// 53// 3805//
f 3805// 53// 52//
f 3805// 52// 3806//
f 3806// 52// 48//
f 3806// 48// 3807//
f 3807// 48// 47//
f 3807// 47// 3808//
f 3808// 47// 51//
f 3808// 51// 3809//
f 61// 3810// 3811//
f 3809// 51// 50//
f 3809// 50// 3812//
f 3812// 50// 49//
f 3812// 49// 3811//
f 3811// 49// 64//
f 3811// 64// 61//
f 3813// 3810// 70//
f 70// 3810// 61//
f 73// 3814// 3815//
f 3813// 70// 69//
f 3813// 69// 3816//
f 69// 67// 3816//
f 3816// 67// 66//
f 3816// 66// 3815//
f 3815// 66// 71//
f 3815// 71// 73//
f 3814// 73// 3817//
f 3817// 73// 75//
f 75// 78// 3817//
f 3817// 78// 77//
f 3817// 77// 3818//
f 3818// 77// 81//
f 3818// 81// 3819//
f 3819// 81// 80//
f 3819// 80// 3820//
f 3820// 80// 79//
f 3820// 79// 3821//
f 3821// 79// 84//
f 3821// 84// 3822//
f 84// 83// 3822//
f 3822// 83// 88//
f 3822// 88// 3823//
f 3823// 88// 87//
f 3823// 87// 3824//
f 3824// 87// 85//
f 3824// 85// 3825//
f 3825// 85// 21//
f 3825// 21// 3826//
f 21// 20// 3826//
f 3826// 20// 91//
f 3826// 91// 3827//
f 3827// 91// 90//
f 3827// 90// 3828//
f 93// 3829// 3830//
f 3828// 90// 89//
f 3828// 89// 3831//
f 3831// 89// 98//
f 3831// 98// 3832//
f 3832// 98// 97//
f 3832// 97// 3830//
f 3830// 97// 96//
f 3830// 96// 93//
f 3829// 93// 92//
f 3829// 92// 3833//
f 99// 3834// 101//
f 101// 3834// 3833//
f 101// 3833// 102//
f 102// 3833// 92//
f 3835// 3834// 65//
f 65// 3834// 99//
f 3835// 65// 40//
f 3835// 40// 3836//
f 40// 45// 3836//
f 3836// 45// 46//
f 3836// 46// 3837//
f 3837// 46// 59//
f 3837// 59// 3793//
f 3811// 3810// 3813//
f 3798// 3799// 3825//
f 3802// 3803// 3821//
f 3825// 3799// 3824//
f 3821// 3803// 3820//
f 3811// 3813// 3812//
f 3812// 3813// 3816//
f 3812// 3816// 3809//
f 3809// 3816// 3815//
f 3809// 3815// 3808//
f 3808// 3815// 3814//
f 3808// 3814// 3807//
f 3807// 3814// 3817//
f 3807// 3817// 3806//
f 3834// 3835// 3833//
f 3833// 3835// 3836//
f 3833// 3836// 3829//
f 3817// 3818// 3806//
f 3806// 3818// 3819//
f 3806// 3819// 3805//
f 3805// 3819// 3820//
f 3805// 3820// 3804//
f 3804// 3820// 3803//
f 3825// 3826// 3798//
f 3798// 3826// 3827//
f 3798// 3827// 3797//
f 3797// 3827// 3828//
f 3797// 3828// 3796//
f 3796// 3828// 3831//
f 3796// 3831// 3795//
f 3795// 3831// 3832//
f 3795// 3832// 3794//
f 3794// 3832// 3830//
f 3794// 3830// 3793//
f 3793// 3830// 3829//
f 3793// 3829// 3837//
f 3837// 3829// 3836//
f 3799// 3800// 3824//
f 3824// 3800// 3801//
f 3824// 3801// 3823//
f 3823// 3801// 3802//
f 3823// 3802// 3822//
f 3822// 3802// 3821//
f 3838// 3839// 3840//
f 3840// 3839// 3841//
f 3842// 3843// 3838//
f 3838// 3843// 3844//
f 3838// 3844// 3839//
f 3839// 3844// 3845//
f 3842// 3846// 3843//
f 3843// 3846// 3847//
f 3843// 3847// 3848//
f 3848// 3847// 3849//
f 3848// 3849// 3850//
f 3850// 3851// 3848//
f 3848// 3851// 3840//
f 3848// 3840// 3852//
f 3852// 3840// 3841//
f 3852// 3841// 3853//
f 3843// 3848// 511//
f 511// 3848// 512//
f 3844// 3843// 507//
f 507// 3843// 511//
f 3845// 3844// 506//
f 506// 3844// 507//
f 3839// 3845// 510//
f 510// 3845// 506//
f 3841// 3839// 509//
f 509// 3839// 510//
f 3853// 3841// 508//
f 508// 3841// 509//
f 3852// 3853// 533//
f 533// 3853// 508//
f 3848// 3852// 512//
f 512// 3852// 533//
f 3842// 3854// 3855//
f 3842// 3855// 3846//
f 3846// 3855// 3856//
f 3846// 3856// 3847//
f 3842// 3838// 3854//
f 3854// 3838// 3857//
f 3838// 3840// 3857//
f 3857// 3840// 3858//
f 3840// 3851// 3858//
f 3858// 3851// 3859//
f 3849// 3860// 3861//
f 3849// 3861// 3850//
f 3850// 3861// 3859//
f 3850// 3859// 3851//
f 3849// 3847// 3860//
f 3860// 3847// 3856//
usemtl 1
f 3860// 3856// 3861//
f 3861// 3856// 3855//
f 3861// 3855// 3859//
f 3859// 3855// 3854//
f 3859// 3854// 3858//
f 3858// 3854// 3857//
usemtl 5
f 3862// 429// 3863//
f 3863// 429// 436//
f 3863// 436// 434//
f 3864// 3863// 433//
f 433// 3863// 434//
f 3864// 433// 3865//
f 3865// 433// 435//
f 3865// 435// 437//
f 3866// 3865// 438//
f 438// 3865// 437//
f 440// 3867// 442//
f 442// 3867// 3866//
f 442// 3866// 438//
f 3868// 3867// 439//
f 439// 3867// 440//
f 432// 3869// 441//
f 441// 3869// 3868//
f 441// 3868// 439//
f 3870// 3869// 431//
f 431// 3869// 432//
f 103// 3871// 104//
f 104// 3871// 3870//
f 104// 3870// 431//
f 3872// 3871// 108//
f 108// 3871// 103//
f 3872// 108// 3873//
f 3873// 108// 107//
f 3873// 107// 427//
f 3862// 3873// 429//
f 429// 3873// 427//
f 3872// 3873// 3862//
f 3862// 3863// 3872//
f 3872// 3863// 3864//
f 3872// 3864// 3871//
f 3869// 3870// 3868//
f 3868// 3870// 3871//
f 3868// 3871// 3867//
f 3867// 3871// 3864//
f 3867// 3864// 3866//
f 3866// 3864// 3865//
f 3874// 3875// 483//
f 483// 3875// 480//
f 3876// 3874// 482//
f 482// 3874// 483//
f 3877// 3876// 484//
f 484// 3876// 482//
f 3878// 3877// 485//
f 485// 3877// 484//
f 3879// 3878// 486//
f 486// 3878// 485//
f 3880// 3879// 487//
f 487// 3879// 486//
f 3881// 3880// 479//
f 479// 3880// 487//
f 3882// 3881// 477//
f 477// 3881// 479//
f 3883// 3882// 472//
f 472// 3882// 477//
f 3884// 3883// 473//
f 473// 3883// 472//
f 3885// 3884// 481//
f 481// 3884// 473//
f 3875// 3885// 480//
f 480// 3885// 481//
f 3884// 3885// 3875//
f 3875// 3874// 3884//
f 3884// 3874// 3876//
f 3884// 3876// 3883//
f 3881// 3882// 3880//
f 3880// 3882// 3883//
f 3880// 3883// 3879//
f 3879// 3883// 3876//
f 3879// 3876// 3878//
f 3878// 3876// 3877//
f 3886// 3887// 3888//
f 3888// 3887// 3889//
f 3890// 3891// 3886//
f 3886// 3891// 3892//
f 3886// 3892// 3887//
f 3887// 3892// 3893//
f 3890// 3894// 3891//
f 3891// 3894// 3895//
f 3891// 3895// 3896//
f 3896// 3895// 3897//
f 3896// 3897// 3898//
f 3898// 3899// 3896//
f 3896// 3899// 3888//
f 3896// 3888// 3900//
f 3900// 3888// 3889//
f 3900// 3889// 3901//
f 3891// 3896// 38//
f 38// 3896// 29//
f 35// 3892// 37//
f 37// 3892// 3891//
f 37// 3891// 38//
f 3893// 3892// 33//
f 33// 3892// 35//
f 3887// 3893// 32//
f 32// 3893// 33//
f 26// 3889// 27//
f 27// 3889// 3887//
f 27// 3887// 32//
f 3901// 3889// 25//
f 25// 3889// 26//
f 3900// 3901// 24//
f 24// 3901// 25//
f 3896// 3900// 29//
f 29// 3900// 24//
f 3890// 3902// 3903//
f 3890// 3903// 3894//
f 3894// 3903// 3904//
f 3894// 3904// 3895//
f 3890// 3886// 3902//
f 3902// 3886// 3905//
f 3886// 3888// 3905//
f 3905// 3888// 3906//
f 3888// 3899// 3906//
f 3906// 3899// 3907//
f 3897// 3908// 3909//
f 3897// 3909// 3898//
f 3898// 3909// 3907//
f 3898// 3907// 3899//
f 3897// 3895// 3908//
f 3908// 3895// 3904//
usemtl 1
f 3908// 3904// 3909//
f 3909// 3904// 3903//
f 3909// 3903// 3907//
f 3907// 3903// 3902//
f 3907// 3902// 3906//
f 3906// 3902// 3905//
usemtl 5
f 448// 3910// 450//
f 450// 3910// 3911//
f 450// 3911// 452//
f 3912// 3910// 447//
f 447// 3910// 448//
f 3912// 447// 3913//
f 3913// 447// 449//
f 3913// 449// 451//
f 3914// 3913// 453//
f 453// 3913// 451//
f 457// 3915// 455//
f 455// 3915// 3914//
f 455// 3914// 453//
f 3916// 3915// 458//
f 458// 3915// 457//
f 3916// 458// 3917//
f 3917// 458// 456//
f 3917// 456// 454//
f 3918// 3917// 445//
f 445// 3917// 454//
f 464// 3919// 446//
f 446// 3919// 3918//
f 446// 3918// 445//
f 3920// 3919// 463//
f 463// 3919// 464//
f 3920// 463// 3921//
f 3921// 463// 462//
f 3921// 462// 460//
f 3911// 3921// 452//
f 452// 3921// 460//
f 3920// 3921// 3911//
f 3911// 3910// 3920//
f 3920// 3910// 3912//
f 3920// 3912// 3919//
f 3917// 3918// 3916//
f 3916// 3918// 3919//
f 3916// 3919// 3915//
f 3915// 3919// 3912//
f 3915// 3912// 3914//
f 3914// 3912// 3913//
f 3922// 3923// 2//
f 2// 3923// 3//
f 3924// 3922// 1//
f 1// 3922// 2//
f 3925// 3924// 514//
f 514// 3924// 1//
f 3926// 3925// 513//
f 513// 3925// 514//
f 3927// 3926// 515//
f 515// 3926// 513//
f 3923// 3927// 3//
f 3// 3927// 515//
f 3924// 3925// 3922//
f 3922// 3925// 3926//
f 3922// 3926// 3923//
f 3923// 3926// 3927//
